id_ausencia,fecha,id_colaborador,id_area,id_cargo,id_sucursal,id_antiguedad,tipo_ausencia,horas_ausencia,justificada
1,2023-01-13,2,2,7,25,3,Enfermedad,4,Sí
2,2023-01-20,4,1,1,23,4,Falta injustificada,8,No
3,2023-01-04,5,1,5,22,1,Enfermedad,4,Sí
4,2023-01-06,5,1,5,22,1,Enfermedad,8,Sí
5,2023-01-10,5,1,5,22,1,Enfermedad,8,Sí
6,2023-01-10,6,1,5,7,3,Enfermedad,4,Sí
7,2023-01-26,6,1,5,7,3,Falta injustificada,4,No
8,2023-01-23,8,2,8,25,2,Enfermedad,8,Sí
9,2023-01-31,9,1,1,11,4,Enfermedad,8,Sí
10,2023-01-19,10,1,2,13,4,Enfermedad,8,Sí
11,2023-01-17,12,1,5,10,3,Enfermedad,8,Sí
12,2023-01-09,13,1,5,8,2,Enfermedad,8,Sí
13,2023-01-26,14,1,4,19,4,Permiso personal,8,Sí
14,2023-01-02,15,1,2,13,4,Enfermedad,8,Sí
15,2023-01-28,15,1,2,13,4,Permiso personal,8,Sí
16,2023-01-18,19,1,3,8,2,Falta injustificada,8,No
17,2023-01-17,22,1,5,18,3,Enfermedad,8,Sí
18,2023-01-31,22,1,5,18,3,Falta injustificada,4,No
19,2023-01-25,29,1,1,9,4,Enfermedad,8,Sí
20,2023-01-01,30,2,8,25,4,Enfermedad,4,Sí
21,2023-01-13,30,2,8,25,4,Enfermedad,8,Sí
22,2023-01-30,30,2,8,25,4,Enfermedad,4,Sí
23,2023-01-17,33,1,1,7,4,Permiso personal,8,Sí
24,2023-01-24,34,1,1,20,3,Enfermedad,4,Sí
25,2023-01-16,35,1,1,11,4,Falta injustificada,8,No
26,2023-01-09,36,1,3,20,3,Enfermedad,4,Sí
27,2023-01-15,37,3,9,27,3,Permiso personal,8,Sí
28,2023-01-05,45,1,1,5,4,Enfermedad,8,Sí
29,2023-01-03,51,1,2,11,3,Enfermedad,4,Sí
30,2023-01-01,52,1,4,19,1,Enfermedad,8,Sí
31,2023-01-11,54,1,4,19,3,Enfermedad,8,Sí
32,2023-01-16,55,2,6,26,3,Enfermedad,8,Sí
33,2023-01-26,55,2,6,26,3,Enfermedad,8,Sí
34,2023-01-25,57,1,1,23,3,Permiso personal,8,Sí
35,2023-01-05,60,1,2,16,4,Enfermedad,8,Sí
36,2023-01-03,62,1,2,15,4,Enfermedad,8,Sí
37,2023-01-09,62,1,2,15,4,Permiso personal,8,Sí
38,2023-01-18,62,1,2,15,4,Falta injustificada,8,No
39,2023-01-19,62,1,2,15,4,Permiso personal,4,Sí
40,2023-01-30,63,1,2,14,2,Enfermedad,8,Sí
41,2023-01-08,64,6,16,27,4,Permiso personal,4,Sí
42,2023-01-11,64,6,16,27,4,Enfermedad,4,Sí
43,2023-01-17,64,6,16,27,4,Falta injustificada,4,No
44,2023-01-15,65,1,3,20,3,Permiso personal,4,Sí
45,2023-01-27,65,1,3,20,3,Enfermedad,8,Sí
46,2023-01-05,66,1,5,7,3,Enfermedad,8,Sí
47,2023-01-10,68,1,2,7,4,Falta injustificada,4,No
48,2023-01-18,68,1,2,7,4,Enfermedad,8,Sí
49,2023-01-31,68,1,2,7,4,Permiso personal,8,Sí
50,2023-01-10,70,2,6,26,4,Enfermedad,8,Sí
51,2023-01-30,72,1,1,21,4,Enfermedad,8,Sí
52,2023-01-04,75,1,5,18,2,Enfermedad,8,Sí
53,2023-01-20,80,1,3,12,4,Permiso personal,4,Sí
54,2023-01-27,80,1,3,12,4,Enfermedad,4,Sí
55,2023-01-06,81,1,5,7,4,Enfermedad,4,Sí
56,2023-01-31,82,1,5,22,3,Enfermedad,8,Sí
57,2023-01-22,84,1,3,9,4,Permiso personal,8,Sí
58,2023-01-31,84,1,3,9,4,Falta injustificada,8,No
59,2023-01-05,87,2,7,26,3,Permiso personal,8,Sí
60,2023-01-20,89,1,4,19,3,Enfermedad,8,Sí
61,2023-01-04,90,2,6,26,4,Falta injustificada,4,No
62,2023-01-18,90,2,6,26,4,Permiso personal,4,Sí
63,2023-01-10,91,2,6,26,4,Enfermedad,4,Sí
64,2023-01-09,92,6,15,27,4,Enfermedad,8,Sí
65,2023-01-16,94,1,2,7,4,Permiso personal,8,Sí
66,2023-01-22,94,1,2,7,4,Enfermedad,8,Sí
67,2023-01-26,95,1,2,11,3,Permiso personal,8,Sí
68,2023-01-10,97,1,3,3,3,Falta injustificada,8,No
69,2023-01-17,97,1,3,3,3,Falta injustificada,4,No
70,2023-01-01,101,5,13,27,2,Enfermedad,4,Sí
71,2023-01-13,103,1,2,23,4,Enfermedad,8,Sí
72,2023-01-20,104,4,11,27,3,Permiso personal,4,Sí
73,2023-01-02,106,1,4,6,4,Enfermedad,8,Sí
74,2023-01-04,106,1,4,6,4,Permiso personal,8,Sí
75,2023-01-29,109,1,1,8,4,Enfermedad,4,Sí
76,2023-01-10,110,1,3,8,3,Falta injustificada,8,No
77,2023-01-02,112,1,1,9,3,Falta injustificada,8,No
78,2023-01-29,113,1,1,7,3,Permiso personal,8,Sí
79,2023-01-14,114,1,2,15,2,Permiso personal,4,Sí
80,2023-01-24,114,1,2,15,2,Enfermedad,8,Sí
81,2023-01-27,114,1,2,15,2,Enfermedad,8,Sí
82,2023-01-20,116,1,3,19,4,Falta injustificada,8,No
83,2023-01-31,118,1,4,15,1,Enfermedad,8,Sí
84,2023-01-03,119,1,5,4,2,Enfermedad,8,Sí
85,2023-01-30,119,1,5,4,2,Enfermedad,8,Sí
86,2023-01-01,122,1,2,21,3,Permiso personal,8,Sí
87,2023-01-07,123,1,4,17,4,Enfermedad,4,Sí
88,2023-01-20,123,1,4,17,4,Permiso personal,4,Sí
89,2023-01-02,125,1,2,5,4,Enfermedad,8,Sí
90,2023-01-17,125,1,2,5,4,Enfermedad,4,Sí
91,2023-01-28,128,1,2,2,3,Permiso personal,8,Sí
92,2023-01-09,132,1,1,5,4,Permiso personal,8,Sí
93,2023-01-27,132,1,1,5,4,Permiso personal,8,Sí
94,2023-01-08,133,1,2,7,4,Enfermedad,8,Sí
95,2023-01-22,133,1,2,7,4,Enfermedad,8,Sí
96,2023-01-18,134,1,2,13,2,Enfermedad,8,Sí
97,2023-01-21,138,1,4,7,2,Falta injustificada,8,No
98,2023-01-23,139,1,5,11,2,Enfermedad,4,Sí
99,2023-01-30,139,1,5,11,2,Enfermedad,8,Sí
100,2023-01-30,141,1,1,3,3,Enfermedad,8,Sí
101,2023-01-08,142,1,2,8,2,Enfermedad,8,Sí
102,2023-01-21,142,1,2,8,2,Enfermedad,8,Sí
103,2023-01-05,143,1,5,19,4,Enfermedad,8,Sí
104,2023-01-24,146,1,1,4,3,Permiso personal,8,Sí
105,2023-01-27,146,1,1,4,3,Permiso personal,8,Sí
106,2023-01-25,148,1,1,24,3,Permiso personal,8,Sí
107,2023-01-28,149,1,4,1,4,Enfermedad,4,Sí
108,2023-01-20,152,1,1,20,2,Enfermedad,8,Sí
109,2023-01-25,154,1,1,22,3,Enfermedad,8,Sí
110,2023-01-09,155,2,6,26,4,Enfermedad,8,Sí
111,2023-01-24,156,1,1,3,4,Enfermedad,4,Sí
112,2023-01-25,159,1,4,22,3,Permiso personal,4,Sí
113,2023-01-27,160,1,3,19,4,Enfermedad,4,Sí
114,2023-01-11,161,1,3,22,3,Enfermedad,8,Sí
115,2023-01-12,161,1,3,22,3,Enfermedad,8,Sí
116,2023-01-18,161,1,3,22,3,Enfermedad,8,Sí
117,2023-01-31,162,1,1,8,2,Enfermedad,4,Sí
118,2023-01-07,163,1,5,22,4,Enfermedad,8,Sí
119,2023-01-13,164,1,1,7,3,Enfermedad,8,Sí
120,2023-01-19,165,1,2,3,3,Falta injustificada,8,No
121,2023-01-22,165,1,2,3,3,Enfermedad,4,Sí
122,2023-01-12,167,1,3,22,4,Enfermedad,8,Sí
123,2023-01-16,169,1,1,7,3,Permiso personal,8,Sí
124,2023-01-13,172,2,6,26,2,Enfermedad,4,Sí
125,2023-01-27,172,2,6,26,2,Enfermedad,8,Sí
126,2023-01-25,173,1,3,15,4,Enfermedad,8,Sí
127,2023-01-26,173,1,3,15,4,Enfermedad,8,Sí
128,2023-01-04,174,1,2,16,3,Enfermedad,8,Sí
129,2023-01-30,174,1,2,16,3,Permiso personal,4,Sí
130,2023-01-15,176,1,1,6,3,Enfermedad,8,Sí
131,2023-01-02,177,1,1,15,3,Falta injustificada,8,No
132,2023-01-20,177,1,1,15,3,Enfermedad,8,Sí
133,2023-01-16,178,1,5,8,4,Permiso personal,4,Sí
134,2023-01-24,181,1,1,9,3,Permiso personal,8,Sí
135,2023-01-08,182,1,1,23,4,Enfermedad,8,Sí
136,2023-01-03,183,6,15,27,3,Permiso personal,8,Sí
137,2023-01-29,186,1,1,11,3,Permiso personal,8,Sí
138,2023-01-17,188,1,4,1,3,Falta injustificada,8,No
139,2023-01-25,189,1,4,2,4,Enfermedad,8,Sí
140,2023-01-02,190,6,16,27,3,Enfermedad,8,Sí
141,2023-01-15,190,6,16,27,3,Permiso personal,8,Sí
142,2023-01-21,190,6,16,27,3,Falta injustificada,8,No
143,2023-01-07,191,1,3,7,4,Enfermedad,4,Sí
144,2023-01-31,191,1,3,7,4,Enfermedad,8,Sí
145,2023-01-21,193,1,4,21,3,Enfermedad,4,Sí
146,2023-01-31,196,1,3,20,2,Enfermedad,4,Sí
147,2023-01-03,197,1,2,16,3,Permiso personal,8,Sí
148,2023-01-17,198,1,1,23,2,Enfermedad,8,Sí
149,2023-01-23,199,6,15,27,3,Enfermedad,4,Sí
150,2023-01-13,200,1,1,12,4,Enfermedad,4,Sí
151,2023-01-21,200,1,1,12,4,Enfermedad,4,Sí
152,2023-01-05,202,1,5,23,3,Enfermedad,8,Sí
153,2023-01-09,204,1,2,19,2,Enfermedad,4,Sí
154,2023-01-17,204,1,2,19,2,Enfermedad,8,Sí
155,2023-01-29,204,1,2,19,2,Enfermedad,4,Sí
156,2023-01-20,207,1,1,3,4,Enfermedad,8,Sí
157,2023-01-21,207,1,1,3,4,Enfermedad,8,Sí
158,2023-01-27,207,1,1,3,4,Falta injustificada,8,No
159,2023-01-11,209,1,5,15,1,Permiso personal,8,Sí
160,2023-01-18,210,1,1,22,1,Falta injustificada,8,No
161,2023-01-26,210,1,1,22,1,Permiso personal,4,Sí
162,2023-01-15,211,1,1,5,4,Falta injustificada,8,No
163,2023-01-17,211,1,1,5,4,Permiso personal,8,Sí
164,2023-01-30,212,1,2,12,4,Enfermedad,4,Sí
165,2023-01-15,214,1,4,4,4,Enfermedad,8,Sí
166,2023-01-19,216,1,4,20,1,Enfermedad,4,Sí
167,2023-01-24,217,1,5,9,1,Permiso personal,8,Sí
168,2023-01-11,221,1,2,11,3,Permiso personal,8,Sí
169,2023-01-12,221,1,2,11,3,Permiso personal,8,Sí
170,2023-01-19,221,1,2,11,3,Enfermedad,8,Sí
171,2023-01-24,223,4,11,27,3,Enfermedad,8,Sí
172,2023-01-04,225,1,2,2,3,Permiso personal,8,Sí
173,2023-01-25,225,1,2,2,3,Enfermedad,8,Sí
174,2023-01-09,226,1,1,23,2,Enfermedad,8,Sí
175,2023-01-31,226,1,1,23,2,Enfermedad,8,Sí
176,2023-01-05,227,1,1,9,3,Enfermedad,4,Sí
177,2023-01-21,227,1,1,9,3,Enfermedad,8,Sí
178,2023-01-18,228,1,5,8,4,Enfermedad,8,Sí
179,2023-01-03,229,2,8,25,3,Permiso personal,8,Sí
180,2023-01-18,231,1,2,9,2,Permiso personal,8,Sí
181,2023-01-11,232,1,2,15,4,Enfermedad,8,Sí
182,2023-01-22,233,2,6,25,3,Enfermedad,8,Sí
183,2023-01-06,234,1,2,7,3,Enfermedad,8,Sí
184,2023-01-26,234,1,2,7,3,Enfermedad,8,Sí
185,2023-01-10,236,1,1,2,4,Enfermedad,8,Sí
186,2023-01-13,241,1,1,14,2,Enfermedad,8,Sí
187,2023-01-03,244,1,2,3,3,Permiso personal,8,Sí
188,2023-01-10,247,1,5,17,3,Enfermedad,8,Sí
189,2023-01-04,250,1,1,22,4,Enfermedad,8,Sí
190,2023-01-10,250,1,1,22,4,Falta injustificada,8,No
191,2023-01-14,250,1,1,22,4,Enfermedad,8,Sí
192,2023-01-09,252,1,2,21,3,Enfermedad,4,Sí
193,2023-01-22,252,1,2,21,3,Enfermedad,4,Sí
194,2023-01-17,253,1,2,10,4,Enfermedad,4,Sí
195,2023-01-29,253,1,2,10,4,Enfermedad,4,Sí
196,2023-01-04,257,1,2,22,4,Enfermedad,8,Sí
197,2023-01-27,257,1,2,22,4,Enfermedad,8,Sí
198,2023-01-18,260,1,1,24,2,Permiso personal,8,Sí
199,2023-01-09,261,1,5,23,4,Enfermedad,8,Sí
200,2023-01-20,261,1,5,23,4,Permiso personal,8,Sí
201,2023-01-27,261,1,5,23,4,Enfermedad,8,Sí
202,2023-01-06,265,1,2,4,4,Falta injustificada,8,No
203,2023-01-12,265,1,2,4,4,Permiso personal,8,Sí
204,2023-01-30,265,1,2,4,4,Permiso personal,8,Sí
205,2023-01-24,267,1,5,13,4,Enfermedad,8,Sí
206,2023-01-14,268,1,5,10,3,Permiso personal,8,Sí
207,2023-01-15,268,1,5,10,3,Permiso personal,8,Sí
208,2023-01-11,271,1,1,18,4,Enfermedad,8,Sí
209,2023-01-27,272,1,5,4,4,Enfermedad,8,Sí
210,2023-01-30,276,1,2,24,2,Enfermedad,8,Sí
211,2023-01-18,279,1,4,10,2,Enfermedad,8,Sí
212,2023-01-20,279,1,4,10,2,Enfermedad,4,Sí
213,2023-01-28,283,1,5,12,3,Enfermedad,8,Sí
214,2023-01-13,284,1,2,5,4,Permiso personal,8,Sí
215,2023-01-06,286,1,2,12,2,Permiso personal,8,Sí
216,2023-01-17,286,1,2,12,2,Enfermedad,4,Sí
217,2023-01-15,288,1,1,12,4,Falta injustificada,4,No
218,2023-01-16,288,1,1,12,4,Permiso personal,8,Sí
219,2023-01-03,289,1,3,1,3,Enfermedad,8,Sí
220,2023-01-07,290,1,3,3,3,Permiso personal,4,Sí
221,2023-01-19,290,1,3,3,3,Enfermedad,8,Sí
222,2023-01-13,291,1,2,2,4,Permiso personal,4,Sí
223,2023-01-05,292,2,6,26,4,Enfermedad,8,Sí
224,2023-01-18,294,1,1,1,1,Enfermedad,8,Sí
225,2023-01-01,295,1,5,18,4,Permiso personal,8,Sí
226,2023-01-07,295,1,5,18,4,Enfermedad,8,Sí
227,2023-01-27,296,1,1,3,1,Enfermedad,4,Sí
228,2023-01-28,297,1,5,5,4,Permiso personal,4,Sí
229,2023-01-04,298,1,2,17,4,Falta injustificada,8,No
230,2023-01-30,301,1,5,1,4,Enfermedad,8,Sí
231,2023-01-31,301,1,5,1,4,Enfermedad,8,Sí
232,2023-01-16,304,1,3,7,3,Enfermedad,8,Sí
233,2023-01-23,304,1,3,7,3,Falta injustificada,8,No
234,2023-01-01,305,1,2,1,4,Falta injustificada,8,No
235,2023-01-07,305,1,2,1,4,Enfermedad,4,Sí
236,2023-01-21,305,1,2,1,4,Enfermedad,4,Sí
237,2023-01-20,307,1,5,2,2,Enfermedad,8,Sí
238,2023-01-27,307,1,5,2,2,Permiso personal,8,Sí
239,2023-01-06,312,1,1,21,4,Permiso personal,4,Sí
240,2023-01-19,315,1,1,14,4,Enfermedad,4,Sí
241,2023-01-22,315,1,1,14,4,Enfermedad,8,Sí
242,2023-01-06,317,1,1,18,3,Enfermedad,8,Sí
243,2023-01-28,317,1,1,18,3,Enfermedad,8,Sí
244,2023-01-18,319,1,1,8,2,Enfermedad,8,Sí
245,2023-01-25,320,1,4,10,2,Enfermedad,8,Sí
246,2023-01-24,321,6,16,27,3,Enfermedad,8,Sí
247,2023-01-01,323,2,6,26,4,Enfermedad,8,Sí
248,2023-01-18,323,2,6,26,4,Enfermedad,8,Sí
249,2023-01-29,323,2,6,26,4,Enfermedad,4,Sí
250,2023-01-23,325,1,2,8,3,Enfermedad,4,Sí
251,2023-01-13,326,1,1,15,4,Enfermedad,4,Sí
252,2023-01-19,326,1,1,15,4,Enfermedad,4,Sí
253,2023-01-26,326,1,1,15,4,Enfermedad,8,Sí
254,2023-01-27,327,3,9,27,3,Enfermedad,8,Sí
255,2023-01-25,329,2,6,26,3,Falta injustificada,8,No
256,2023-01-09,330,2,6,26,4,Enfermedad,8,Sí
257,2023-01-01,331,1,1,4,4,Enfermedad,8,Sí
258,2023-01-30,331,1,1,4,4,Falta injustificada,8,No
259,2023-01-06,334,1,1,11,2,Enfermedad,8,Sí
260,2023-01-21,334,1,1,11,2,Enfermedad,8,Sí
261,2023-01-20,335,1,5,23,3,Enfermedad,8,Sí
262,2023-01-07,337,5,14,27,4,Permiso personal,8,Sí
263,2023-01-21,337,5,14,27,4,Permiso personal,8,Sí
264,2023-01-30,339,1,1,11,3,Enfermedad,8,Sí
265,2023-01-03,341,1,1,7,4,Permiso personal,8,Sí
266,2023-01-10,342,1,1,23,3,Enfermedad,8,Sí
267,2023-01-06,345,1,2,7,3,Enfermedad,4,Sí
268,2023-01-11,348,1,4,13,4,Enfermedad,8,Sí
269,2023-01-27,349,6,15,27,4,Enfermedad,8,Sí
270,2023-01-25,376,3,10,27,1,Enfermedad,8,Sí
271,2023-01-07,457,1,5,9,1,Enfermedad,8,Sí
272,2023-01-17,457,1,5,9,1,Enfermedad,4,Sí
273,2023-01-21,457,1,5,9,1,Permiso personal,8,Sí
274,2023-01-20,492,1,1,20,1,Enfermedad,8,Sí
275,2023-01-30,492,1,1,20,1,Permiso personal,8,Sí
276,2023-01-23,547,1,2,8,1,Permiso personal,4,Sí
277,2023-01-11,690,1,2,19,1,Permiso personal,8,Sí
278,2023-01-29,690,1,2,19,1,Falta injustificada,8,No
279,2023-01-15,716,1,4,8,1,Enfermedad,4,Sí
280,2023-01-29,717,2,7,25,1,Falta injustificada,8,No
281,2023-01-19,853,1,1,11,1,Permiso personal,8,Sí
282,2023-02-01,5,1,5,22,1,Falta injustificada,8,No
283,2023-02-14,7,6,16,27,4,Enfermedad,8,Sí
284,2023-02-16,7,6,16,27,4,Enfermedad,8,Sí
285,2023-02-13,9,1,1,11,4,Enfermedad,8,Sí
286,2023-02-20,9,1,1,11,4,Enfermedad,4,Sí
287,2023-02-01,11,1,1,5,3,Permiso personal,8,Sí
288,2023-02-02,12,1,5,10,3,Enfermedad,8,Sí
289,2023-02-10,12,1,5,10,3,Permiso personal,8,Sí
290,2023-02-02,13,1,5,8,2,Enfermedad,8,Sí
291,2023-02-27,13,1,5,8,2,Enfermedad,8,Sí
292,2023-02-09,17,6,15,27,4,Enfermedad,8,Sí
293,2023-02-21,21,1,3,21,4,Permiso personal,8,Sí
294,2023-02-25,22,1,5,18,3,Permiso personal,8,Sí
295,2023-02-01,27,1,4,22,4,Enfermedad,4,Sí
296,2023-02-01,29,1,1,9,4,Enfermedad,8,Sí
297,2023-02-05,30,2,8,25,4,Falta injustificada,8,No
298,2023-02-18,30,2,8,25,4,Enfermedad,4,Sí
299,2023-02-19,31,1,5,21,1,Permiso personal,4,Sí
300,2023-02-11,33,1,1,7,4,Enfermedad,8,Sí
301,2023-02-25,39,1,2,17,4,Enfermedad,4,Sí
302,2023-02-09,46,1,4,14,2,Enfermedad,8,Sí
303,2023-02-01,48,1,5,12,3,Enfermedad,8,Sí
304,2023-02-13,49,1,3,19,3,Permiso personal,8,Sí
305,2023-02-15,50,2,7,26,3,Enfermedad,8,Sí
306,2023-02-10,51,1,2,11,3,Permiso personal,8,Sí
307,2023-02-18,52,1,4,19,2,Enfermedad,8,Sí
308,2023-02-08,53,1,5,11,3,Permiso personal,8,Sí
309,2023-02-24,60,1,2,16,4,Enfermedad,4,Sí
310,2023-02-03,61,2,6,26,4,Falta injustificada,8,No
311,2023-02-07,61,2,6,26,4,Enfermedad,8,Sí
312,2023-02-25,61,2,6,26,4,Enfermedad,8,Sí
313,2023-02-22,64,6,16,27,4,Falta injustificada,8,No
314,2023-02-14,65,1,3,20,3,Falta injustificada,4,No
315,2023-02-02,67,1,1,2,3,Enfermedad,4,Sí
316,2023-02-16,67,1,1,2,3,Enfermedad,8,Sí
317,2023-02-21,69,1,2,14,3,Permiso personal,4,Sí
318,2023-02-17,75,1,5,18,2,Permiso personal,4,Sí
319,2023-02-23,75,1,5,18,2,Permiso personal,8,Sí
320,2023-02-09,76,1,1,23,3,Enfermedad,8,Sí
321,2023-02-05,77,2,6,25,4,Enfermedad,8,Sí
322,2023-02-13,77,2,6,25,4,Enfermedad,8,Sí
323,2023-02-23,77,2,6,25,4,Permiso personal,8,Sí
324,2023-02-25,78,3,9,27,3,Enfermedad,4,Sí
325,2023-02-04,79,1,1,8,2,Permiso personal,8,Sí
326,2023-02-05,79,1,1,8,2,Enfermedad,4,Sí
327,2023-02-10,80,1,3,12,4,Permiso personal,4,Sí
328,2023-02-17,80,1,3,12,4,Permiso personal,8,Sí
329,2023-02-25,81,1,5,7,4,Enfermedad,4,Sí
330,2023-02-26,81,1,5,7,4,Enfermedad,8,Sí
331,2023-02-02,82,1,5,22,3,Permiso personal,4,Sí
332,2023-02-11,85,6,16,27,3,Permiso personal,8,Sí
333,2023-02-07,86,1,5,14,2,Enfermedad,4,Sí
334,2023-02-20,86,1,5,14,2,Permiso personal,8,Sí
335,2023-02-10,88,1,3,19,3,Enfermedad,8,Sí
336,2023-02-17,88,1,3,19,3,Enfermedad,8,Sí
337,2023-02-09,89,1,4,19,3,Enfermedad,8,Sí
338,2023-02-18,95,1,2,11,3,Permiso personal,8,Sí
339,2023-02-13,98,1,3,18,3,Enfermedad,8,Sí
340,2023-02-22,102,1,1,14,4,Enfermedad,8,Sí
341,2023-02-07,106,1,4,6,4,Enfermedad,8,Sí
342,2023-02-11,107,1,2,2,4,Enfermedad,8,Sí
343,2023-02-20,107,1,2,2,4,Enfermedad,8,Sí
344,2023-02-26,107,1,2,2,4,Enfermedad,8,Sí
345,2023-02-16,108,1,2,17,4,Permiso personal,8,Sí
346,2023-02-23,111,1,3,14,4,Permiso personal,8,Sí
347,2023-02-26,112,1,1,9,4,Permiso personal,8,Sí
348,2023-02-24,114,1,2,15,2,Enfermedad,4,Sí
349,2023-02-27,114,1,2,15,2,Falta injustificada,8,No
350,2023-02-17,115,1,1,13,3,Enfermedad,8,Sí
351,2023-02-02,116,1,3,19,4,Falta injustificada,8,No
352,2023-02-26,120,1,1,17,4,Permiso personal,4,Sí
353,2023-02-04,122,1,2,21,3,Falta injustificada,8,No
354,2023-02-27,122,1,2,21,3,Enfermedad,8,Sí
355,2023-02-15,124,1,1,15,4,Permiso personal,8,Sí
356,2023-02-27,125,1,2,5,4,Enfermedad,4,Sí
357,2023-02-15,126,1,1,12,3,Enfermedad,4,Sí
358,2023-02-25,127,1,5,21,2,Enfermedad,8,Sí
359,2023-02-02,129,1,1,21,4,Enfermedad,4,Sí
360,2023-02-23,129,1,1,21,4,Falta injustificada,4,No
361,2023-02-25,129,1,1,21,4,Permiso personal,8,Sí
362,2023-02-02,130,1,5,5,4,Enfermedad,8,Sí
363,2023-02-27,132,1,1,5,4,Falta injustificada,8,No
364,2023-02-10,138,1,4,7,3,Falta injustificada,8,No
365,2023-02-27,139,1,5,11,2,Enfermedad,8,Sí
366,2023-02-06,140,1,1,22,4,Enfermedad,8,Sí
367,2023-02-12,140,1,1,22,4,Falta injustificada,8,No
368,2023-02-08,141,1,1,3,3,Permiso personal,8,Sí
369,2023-02-07,142,1,2,8,2,Permiso personal,4,Sí
370,2023-02-25,142,1,2,8,2,Enfermedad,8,Sí
371,2023-02-20,146,1,1,4,3,Enfermedad,8,Sí
372,2023-02-24,146,1,1,4,3,Enfermedad,4,Sí
373,2023-02-25,148,1,1,24,3,Enfermedad,8,Sí
374,2023-02-14,149,1,4,1,4,Enfermedad,8,Sí
375,2023-02-25,149,1,4,1,4,Enfermedad,8,Sí
376,2023-02-03,150,1,1,7,4,Enfermedad,8,Sí
377,2023-02-17,151,1,1,3,4,Enfermedad,8,Sí
378,2023-02-09,152,1,1,20,2,Enfermedad,8,Sí
379,2023-02-16,153,1,4,2,4,Permiso personal,4,Sí
380,2023-02-17,156,1,1,3,4,Permiso personal,8,Sí
381,2023-02-24,159,1,4,22,3,Permiso personal,4,Sí
382,2023-02-09,164,1,1,7,3,Enfermedad,8,Sí
383,2023-02-27,164,1,1,7,3,Enfermedad,4,Sí
384,2023-02-26,165,1,2,3,3,Enfermedad,8,Sí
385,2023-02-15,167,1,3,22,4,Permiso personal,8,Sí
386,2023-02-01,169,1,1,7,3,Falta injustificada,8,No
387,2023-02-28,169,1,1,7,3,Enfermedad,8,Sí
388,2023-02-18,170,1,2,9,4,Permiso personal,4,Sí
389,2023-02-24,174,1,2,16,3,Permiso personal,8,Sí
390,2023-02-18,177,1,1,15,3,Enfermedad,8,Sí
391,2023-02-23,178,1,5,8,4,Enfermedad,8,Sí
392,2023-02-09,180,1,3,6,3,Enfermedad,8,Sí
393,2023-02-21,184,1,1,11,4,Permiso personal,4,Sí
394,2023-02-12,186,1,1,11,3,Enfermedad,8,Sí
395,2023-02-14,187,1,3,20,3,Permiso personal,8,Sí
396,2023-02-08,188,1,4,1,3,Enfermedad,8,Sí
397,2023-02-16,188,1,4,1,3,Permiso personal,8,Sí
398,2023-02-28,188,1,4,1,3,Falta injustificada,8,No
399,2023-02-19,189,1,4,2,4,Permiso personal,8,Sí
400,2023-02-27,190,6,16,27,3,Enfermedad,8,Sí
401,2023-02-26,191,1,3,7,4,Enfermedad,8,Sí
402,2023-02-01,193,1,4,21,3,Enfermedad,8,Sí
403,2023-02-16,194,1,1,11,4,Permiso personal,4,Sí
404,2023-02-25,194,1,1,11,4,Enfermedad,4,Sí
405,2023-02-01,196,1,3,20,2,Enfermedad,4,Sí
406,2023-02-19,199,6,15,27,3,Permiso personal,8,Sí
407,2023-02-03,200,1,1,12,4,Enfermedad,8,Sí
408,2023-02-09,200,1,1,12,4,Enfermedad,8,Sí
409,2023-02-01,201,2,6,25,3,Enfermedad,8,Sí
410,2023-02-08,202,1,5,23,3,Enfermedad,8,Sí
411,2023-02-08,203,4,12,27,2,Enfermedad,8,Sí
412,2023-02-15,208,2,6,25,4,Enfermedad,8,Sí
413,2023-02-06,209,1,5,15,2,Enfermedad,4,Sí
414,2023-02-09,213,1,4,14,4,Enfermedad,8,Sí
415,2023-02-01,221,1,2,11,3,Enfermedad,8,Sí
416,2023-02-22,221,1,2,11,3,Enfermedad,8,Sí
417,2023-02-25,221,1,2,11,3,Enfermedad,4,Sí
418,2023-02-10,222,1,2,4,4,Enfermedad,4,Sí
419,2023-02-11,222,1,2,4,4,Enfermedad,8,Sí
420,2023-02-14,224,5,14,27,2,Permiso personal,8,Sí
421,2023-02-24,226,1,1,23,2,Permiso personal,8,Sí
422,2023-02-17,229,2,8,25,3,Permiso personal,8,Sí
423,2023-02-10,230,1,3,17,4,Enfermedad,4,Sí
424,2023-02-07,233,2,6,25,3,Enfermedad,8,Sí
425,2023-02-13,234,1,2,7,3,Enfermedad,8,Sí
426,2023-02-17,235,1,3,17,2,Permiso personal,8,Sí
427,2023-02-26,235,1,3,17,2,Enfermedad,8,Sí
428,2023-02-11,236,1,1,2,4,Enfermedad,8,Sí
429,2023-02-13,238,1,1,12,4,Enfermedad,8,Sí
430,2023-02-12,239,1,3,8,4,Enfermedad,8,Sí
431,2023-02-04,240,1,1,19,2,Enfermedad,8,Sí
432,2023-02-11,240,1,1,19,2,Permiso personal,8,Sí
433,2023-02-28,240,1,1,19,2,Falta injustificada,4,No
434,2023-02-04,242,1,1,2,4,Enfermedad,8,Sí
435,2023-02-25,246,1,3,19,3,Enfermedad,8,Sí
436,2023-02-12,247,1,5,17,3,Enfermedad,8,Sí
437,2023-02-10,249,1,1,1,3,Enfermedad,8,Sí
438,2023-02-13,251,1,3,1,3,Enfermedad,8,Sí
439,2023-02-17,251,1,3,1,3,Permiso personal,8,Sí
440,2023-02-09,252,1,2,21,3,Enfermedad,8,Sí
441,2023-02-20,252,1,2,21,3,Enfermedad,8,Sí
442,2023-02-15,253,1,2,10,4,Permiso personal,4,Sí
443,2023-02-18,255,1,1,21,4,Enfermedad,4,Sí
444,2023-02-22,256,1,4,21,4,Enfermedad,8,Sí
445,2023-02-18,257,1,2,22,4,Enfermedad,8,Sí
446,2023-02-02,258,1,4,23,4,Falta injustificada,4,No
447,2023-02-17,258,1,4,23,4,Enfermedad,8,Sí
448,2023-02-06,262,1,2,14,4,Enfermedad,8,Sí
449,2023-02-09,262,1,2,14,4,Permiso personal,4,Sí
450,2023-02-01,263,1,3,12,3,Enfermedad,8,Sí
451,2023-02-15,263,1,3,12,3,Enfermedad,8,Sí
452,2023-02-04,268,1,5,10,3,Enfermedad,8,Sí
453,2023-02-09,271,1,1,18,4,Permiso personal,8,Sí
454,2023-02-22,271,1,1,18,4,Enfermedad,8,Sí
455,2023-02-04,275,1,4,15,4,Permiso personal,4,Sí
456,2023-02-26,276,1,2,24,3,Falta injustificada,8,No
457,2023-02-25,281,1,1,17,3,Enfermedad,8,Sí
458,2023-02-10,282,1,1,20,2,Enfermedad,8,Sí
459,2023-02-01,288,1,1,12,4,Enfermedad,8,Sí
460,2023-02-12,289,1,3,1,3,Enfermedad,8,Sí
461,2023-02-13,289,1,3,1,3,Enfermedad,4,Sí
462,2023-02-19,290,1,3,3,3,Enfermedad,4,Sí
463,2023-02-18,292,2,6,26,4,Permiso personal,4,Sí
464,2023-02-17,293,1,1,23,3,Falta injustificada,4,No
465,2023-02-04,296,1,1,3,1,Permiso personal,4,Sí
466,2023-02-18,298,1,2,17,4,Enfermedad,8,Sí
467,2023-02-07,299,2,6,25,3,Enfermedad,4,Sí
468,2023-02-23,300,5,13,27,3,Permiso personal,4,Sí
469,2023-02-05,311,1,3,5,3,Enfermedad,8,Sí
470,2023-02-10,313,1,3,24,3,Enfermedad,8,Sí
471,2023-02-02,314,2,7,25,3,Falta injustificada,8,No
472,2023-02-21,315,1,1,14,4,Permiso personal,8,Sí
473,2023-02-10,318,1,2,11,2,Enfermedad,8,Sí
474,2023-02-16,319,1,1,8,2,Falta injustificada,8,No
475,2023-02-07,321,6,16,27,3,Enfermedad,8,Sí
476,2023-02-01,323,2,6,26,4,Enfermedad,8,Sí
477,2023-02-10,324,1,1,15,4,Permiso personal,8,Sí
478,2023-02-09,326,1,1,15,4,Permiso personal,8,Sí
479,2023-02-11,326,1,1,15,4,Permiso personal,8,Sí
480,2023-02-17,328,1,2,19,3,Permiso personal,8,Sí
481,2023-02-07,329,2,6,26,3,Enfermedad,4,Sí
482,2023-02-08,329,2,6,26,3,Enfermedad,8,Sí
483,2023-02-22,330,2,6,26,4,Permiso personal,4,Sí
484,2023-02-04,337,5,14,27,4,Enfermedad,8,Sí
485,2023-02-12,337,5,14,27,4,Enfermedad,8,Sí
486,2023-02-22,337,5,14,27,4,Enfermedad,8,Sí
487,2023-02-28,337,5,14,27,4,Permiso personal,8,Sí
488,2023-02-03,338,2,6,26,4,Permiso personal,8,Sí
489,2023-02-17,338,2,6,26,4,Enfermedad,8,Sí
490,2023-02-02,341,1,1,7,4,Enfermedad,4,Sí
491,2023-02-04,341,1,1,7,4,Enfermedad,4,Sí
492,2023-02-16,341,1,1,7,4,Permiso personal,8,Sí
493,2023-02-14,342,1,1,23,3,Enfermedad,8,Sí
494,2023-02-21,343,1,1,15,3,Enfermedad,4,Sí
495,2023-02-18,344,1,1,24,4,Enfermedad,8,Sí
496,2023-02-02,346,1,5,14,4,Enfermedad,8,Sí
497,2023-02-14,348,1,4,13,4,Permiso personal,8,Sí
498,2023-02-15,348,1,4,13,4,Falta injustificada,8,No
499,2023-02-23,350,1,5,23,3,Enfermedad,4,Sí
500,2023-02-03,376,3,10,27,1,Permiso personal,8,Sí
501,2023-02-15,399,1,1,20,1,Enfermedad,8,Sí
502,2023-02-07,457,1,5,9,1,Permiso personal,4,Sí
503,2023-02-07,490,3,10,27,1,Enfermedad,8,Sí
504,2023-02-26,490,3,10,27,1,Permiso personal,8,Sí
505,2023-02-28,523,1,1,9,1,Permiso personal,4,Sí
506,2023-02-11,530,1,1,21,1,Enfermedad,8,Sí
507,2023-02-23,530,1,1,21,1,Enfermedad,8,Sí
508,2023-02-24,530,1,1,21,1,Permiso personal,8,Sí
509,2023-02-05,547,1,2,8,1,Enfermedad,8,Sí
510,2023-02-18,547,1,2,8,1,Permiso personal,8,Sí
511,2023-02-05,632,5,14,27,1,Enfermedad,8,Sí
512,2023-02-21,632,5,14,27,1,Enfermedad,8,Sí
513,2023-02-09,658,1,5,1,1,Enfermedad,8,Sí
514,2023-02-20,658,1,5,1,1,Enfermedad,8,Sí
515,2023-02-09,690,1,2,19,1,Enfermedad,8,Sí
516,2023-02-28,708,4,12,27,1,Enfermedad,4,Sí
517,2023-02-11,716,1,4,8,1,Permiso personal,8,Sí
518,2023-02-10,723,1,1,24,1,Permiso personal,4,Sí
519,2023-02-12,772,1,5,17,1,Permiso personal,8,Sí
520,2023-02-18,787,1,5,18,1,Enfermedad,8,Sí
521,2023-02-18,792,1,2,16,1,Falta injustificada,4,No
522,2023-02-16,802,1,2,22,1,Enfermedad,4,Sí
523,2023-02-01,838,1,1,6,1,Enfermedad,8,Sí
524,2023-02-02,853,1,1,11,1,Permiso personal,4,Sí
525,2023-02-28,853,1,1,11,1,Enfermedad,8,Sí
526,2023-02-20,895,1,3,15,1,Enfermedad,4,Sí
527,2023-02-21,895,1,3,15,1,Enfermedad,8,Sí
528,2023-02-22,895,1,3,15,1,Permiso personal,8,Sí
529,2023-03-19,1,1,1,3,4,Enfermedad,8,Sí
530,2023-03-18,3,1,4,11,4,Enfermedad,4,Sí
531,2023-03-11,4,1,1,23,4,Enfermedad,8,Sí
532,2023-03-25,4,1,1,23,4,Enfermedad,8,Sí
533,2023-03-04,8,2,8,25,2,Permiso personal,8,Sí
534,2023-03-12,10,1,2,13,4,Enfermedad,8,Sí
535,2023-03-09,12,1,5,10,3,Enfermedad,8,Sí
536,2023-03-06,13,1,5,8,2,Falta injustificada,8,No
537,2023-03-09,13,1,5,8,2,Enfermedad,4,Sí
538,2023-03-28,13,1,5,8,2,Enfermedad,8,Sí
539,2023-03-15,15,1,2,13,4,Falta injustificada,8,No
540,2023-03-27,16,1,1,17,3,Enfermedad,4,Sí
541,2023-03-05,17,6,15,27,4,Enfermedad,4,Sí
542,2023-03-19,18,4,11,27,2,Permiso personal,8,Sí
543,2023-03-01,19,1,3,8,2,Enfermedad,8,Sí
544,2023-03-02,19,1,3,8,2,Enfermedad,8,Sí
545,2023-03-03,19,1,3,8,2,Enfermedad,8,Sí
546,2023-03-08,21,1,3,21,4,Enfermedad,8,Sí
547,2023-03-27,21,1,3,21,4,Enfermedad,4,Sí
548,2023-03-21,22,1,5,18,3,Enfermedad,8,Sí
549,2023-03-02,26,1,1,14,4,Enfermedad,4,Sí
550,2023-03-28,30,2,8,25,4,Enfermedad,8,Sí
551,2023-03-31,30,2,8,25,4,Enfermedad,8,Sí
552,2023-03-03,31,1,5,21,2,Falta injustificada,4,No
553,2023-03-02,32,1,5,6,2,Permiso personal,8,Sí
554,2023-03-18,32,1,5,6,2,Permiso personal,8,Sí
555,2023-03-03,33,1,1,7,4,Enfermedad,8,Sí
556,2023-03-29,33,1,1,7,4,Enfermedad,8,Sí
557,2023-03-16,38,1,3,22,4,Permiso personal,4,Sí
558,2023-03-25,39,1,2,17,4,Permiso personal,8,Sí
559,2023-03-03,40,1,1,3,4,Enfermedad,8,Sí
560,2023-03-23,40,1,1,3,4,Permiso personal,8,Sí
561,2023-03-13,48,1,5,12,3,Enfermedad,8,Sí
562,2023-03-15,48,1,5,12,3,Enfermedad,8,Sí
563,2023-03-14,49,1,3,19,3,Permiso personal,8,Sí
564,2023-03-20,49,1,3,19,3,Enfermedad,8,Sí
565,2023-03-21,51,1,2,11,3,Permiso personal,8,Sí
566,2023-03-18,53,1,5,11,3,Enfermedad,4,Sí
567,2023-03-21,55,2,6,26,3,Falta injustificada,8,No
568,2023-03-14,58,1,3,10,4,Permiso personal,4,Sí
569,2023-03-11,59,1,4,7,3,Enfermedad,8,Sí
570,2023-03-30,59,1,4,7,3,Permiso personal,4,Sí
571,2023-03-03,60,1,2,16,4,Enfermedad,4,Sí
572,2023-03-22,62,1,2,15,4,Permiso personal,8,Sí
573,2023-03-31,62,1,2,15,4,Enfermedad,4,Sí
574,2023-03-08,63,1,2,14,2,Enfermedad,8,Sí
575,2023-03-01,67,1,1,2,3,Permiso personal,4,Sí
576,2023-03-22,67,1,1,2,3,Permiso personal,8,Sí
577,2023-03-03,68,1,2,7,4,Enfermedad,8,Sí
578,2023-03-09,69,1,2,14,3,Permiso personal,8,Sí
579,2023-03-17,69,1,2,14,3,Enfermedad,8,Sí
580,2023-03-05,72,1,1,21,4,Permiso personal,4,Sí
581,2023-03-28,77,2,6,25,4,Permiso personal,8,Sí
582,2023-03-07,78,3,9,27,3,Enfermedad,4,Sí
583,2023-03-14,78,3,9,27,3,Permiso personal,8,Sí
584,2023-03-18,78,3,9,27,3,Enfermedad,8,Sí
585,2023-03-29,81,1,5,7,4,Permiso personal,4,Sí
586,2023-03-22,82,1,5,22,3,Permiso personal,4,Sí
587,2023-03-06,83,1,1,21,2,Enfermedad,4,Sí
588,2023-03-12,84,1,3,9,4,Permiso personal,8,Sí
589,2023-03-27,84,1,3,9,4,Enfermedad,8,Sí
590,2023-03-03,86,1,5,14,2,Permiso personal,4,Sí
591,2023-03-16,87,2,7,26,4,Permiso personal,8,Sí
592,2023-03-27,87,2,7,26,4,Enfermedad,8,Sí
593,2023-03-09,88,1,3,19,3,Falta injustificada,8,No
594,2023-03-28,90,2,6,26,4,Permiso personal,8,Sí
595,2023-03-06,91,2,6,26,4,Enfermedad,8,Sí
596,2023-03-05,93,1,4,14,3,Permiso personal,8,Sí
597,2023-03-04,96,1,1,12,4,Enfermedad,8,Sí
598,2023-03-31,96,1,1,12,4,Permiso personal,8,Sí
599,2023-03-23,97,1,3,3,3,Enfermedad,4,Sí
600,2023-03-29,99,1,2,5,4,Falta injustificada,4,No
601,2023-03-07,100,1,4,23,3,Permiso personal,8,Sí
602,2023-03-15,105,1,3,5,3,Enfermedad,4,Sí
603,2023-03-05,106,1,4,6,4,Enfermedad,8,Sí
604,2023-03-22,110,1,3,8,3,Enfermedad,8,Sí
605,2023-03-08,111,1,3,14,4,Enfermedad,4,Sí
606,2023-03-05,112,1,1,9,4,Falta injustificada,8,No
607,2023-03-19,116,1,3,19,4,Permiso personal,8,Sí
608,2023-03-29,118,1,4,15,2,Enfermedad,8,Sí
609,2023-03-13,119,1,5,4,2,Enfermedad,8,Sí
610,2023-03-29,123,1,4,17,4,Enfermedad,8,Sí
611,2023-03-27,125,1,2,5,4,Enfermedad,8,Sí
612,2023-03-08,126,1,1,12,3,Enfermedad,4,Sí
613,2023-03-18,129,1,1,21,4,Enfermedad,8,Sí
614,2023-03-05,130,1,5,5,4,Enfermedad,4,Sí
615,2023-03-15,132,1,1,5,4,Enfermedad,8,Sí
616,2023-03-24,136,1,2,11,4,Enfermedad,8,Sí
617,2023-03-05,137,1,1,8,4,Enfermedad,8,Sí
618,2023-03-15,137,1,1,8,4,Permiso personal,8,Sí
619,2023-03-07,138,1,4,7,3,Enfermedad,4,Sí
620,2023-03-17,139,1,5,11,2,Permiso personal,4,Sí
621,2023-03-26,140,1,1,22,4,Enfermedad,8,Sí
622,2023-03-22,141,1,1,3,3,Enfermedad,4,Sí
623,2023-03-03,142,1,2,8,2,Enfermedad,4,Sí
624,2023-03-05,142,1,2,8,2,Enfermedad,8,Sí
625,2023-03-06,143,1,5,19,4,Enfermedad,8,Sí
626,2023-03-04,145,1,2,1,4,Permiso personal,4,Sí
627,2023-03-20,146,1,1,4,3,Permiso personal,8,Sí
628,2023-03-21,146,1,1,4,3,Enfermedad,8,Sí
629,2023-03-24,149,1,4,1,4,Falta injustificada,4,No
630,2023-03-30,150,1,1,7,4,Enfermedad,4,Sí
631,2023-03-04,151,1,1,3,4,Enfermedad,8,Sí
632,2023-03-05,151,1,1,3,4,Enfermedad,8,Sí
633,2023-03-17,151,1,1,3,4,Permiso personal,8,Sí
634,2023-03-02,152,1,1,20,2,Permiso personal,4,Sí
635,2023-03-15,152,1,1,20,2,Permiso personal,8,Sí
636,2023-03-31,152,1,1,20,2,Enfermedad,8,Sí
637,2023-03-31,153,1,4,2,4,Enfermedad,8,Sí
638,2023-03-15,154,1,1,22,3,Enfermedad,4,Sí
639,2023-03-03,158,1,4,23,2,Permiso personal,8,Sí
640,2023-03-04,159,1,4,22,3,Permiso personal,8,Sí
641,2023-03-09,160,1,3,19,4,Enfermedad,8,Sí
642,2023-03-14,161,1,3,22,4,Falta injustificada,8,No
643,2023-03-15,165,1,2,3,3,Enfermedad,4,Sí
644,2023-03-07,167,1,3,22,4,Enfermedad,8,Sí
645,2023-03-07,169,1,1,7,3,Permiso personal,4,Sí
646,2023-03-22,169,1,1,7,3,Enfermedad,8,Sí
647,2023-03-18,170,1,2,9,4,Enfermedad,8,Sí
648,2023-03-18,173,1,3,15,4,Enfermedad,4,Sí
649,2023-03-29,173,1,3,15,4,Enfermedad,4,Sí
650,2023-03-07,174,1,2,16,3,Enfermedad,4,Sí
651,2023-03-22,176,1,1,6,3,Enfermedad,8,Sí
652,2023-03-02,178,1,5,8,4,Permiso personal,8,Sí
653,2023-03-31,178,1,5,8,4,Enfermedad,8,Sí
654,2023-03-08,182,1,1,23,4,Enfermedad,8,Sí
655,2023-03-04,183,6,15,27,3,Enfermedad,8,Sí
656,2023-03-04,185,1,1,12,2,Enfermedad,4,Sí
657,2023-03-03,187,1,3,20,3,Enfermedad,8,Sí
658,2023-03-05,191,1,3,7,4,Permiso personal,8,Sí
659,2023-03-07,191,1,3,7,4,Enfermedad,8,Sí
660,2023-03-11,192,1,1,2,4,Enfermedad,8,Sí
661,2023-03-19,192,1,1,2,4,Permiso personal,8,Sí
662,2023-03-09,193,1,4,21,3,Enfermedad,8,Sí
663,2023-03-24,193,1,4,21,3,Enfermedad,8,Sí
664,2023-03-05,196,1,3,20,2,Permiso personal,8,Sí
665,2023-03-20,196,1,3,20,2,Enfermedad,8,Sí
666,2023-03-21,198,1,1,23,3,Falta injustificada,8,No
667,2023-03-06,199,6,15,27,3,Enfermedad,8,Sí
668,2023-03-24,199,6,15,27,3,Enfermedad,4,Sí
669,2023-03-12,204,1,2,19,3,Permiso personal,8,Sí
670,2023-03-26,204,1,2,19,3,Falta injustificada,8,No
671,2023-03-02,206,2,6,26,4,Enfermedad,8,Sí
672,2023-03-15,207,1,1,3,4,Enfermedad,8,Sí
673,2023-03-16,208,2,6,25,4,Enfermedad,8,Sí
674,2023-03-07,209,1,5,15,2,Permiso personal,8,Sí
675,2023-03-23,209,1,5,15,2,Enfermedad,4,Sí
676,2023-03-31,209,1,5,15,2,Enfermedad,8,Sí
677,2023-03-28,210,1,1,22,2,Permiso personal,8,Sí
678,2023-03-20,213,1,4,14,4,Permiso personal,8,Sí
679,2023-03-30,215,1,2,11,3,Enfermedad,8,Sí
680,2023-03-25,218,1,1,3,2,Enfermedad,8,Sí
681,2023-03-04,219,1,2,3,4,Falta injustificada,8,No
682,2023-03-24,219,1,2,3,4,Enfermedad,8,Sí
683,2023-03-13,220,1,2,9,2,Enfermedad,8,Sí
684,2023-03-08,222,1,2,4,4,Falta injustificada,8,No
685,2023-03-28,222,1,2,4,4,Enfermedad,8,Sí
686,2023-03-11,225,1,2,2,3,Enfermedad,4,Sí
687,2023-03-20,225,1,2,2,3,Permiso personal,8,Sí
688,2023-03-25,225,1,2,2,3,Permiso personal,8,Sí
689,2023-03-22,228,1,5,8,4,Enfermedad,8,Sí
690,2023-03-22,230,1,3,17,4,Enfermedad,8,Sí
691,2023-03-04,235,1,3,17,2,Enfermedad,8,Sí
692,2023-03-08,235,1,3,17,2,Enfermedad,4,Sí
693,2023-03-13,239,1,3,8,4,Permiso personal,4,Sí
694,2023-03-15,239,1,3,8,4,Permiso personal,4,Sí
695,2023-03-22,239,1,3,8,4,Falta injustificada,4,No
696,2023-03-12,241,1,1,14,2,Permiso personal,8,Sí
697,2023-03-25,243,1,5,12,4,Enfermedad,8,Sí
698,2023-03-28,246,1,3,19,3,Falta injustificada,8,No
699,2023-03-16,252,1,2,21,3,Enfermedad,8,Sí
700,2023-03-06,254,1,2,19,4,Enfermedad,8,Sí
701,2023-03-10,254,1,2,19,4,Enfermedad,8,Sí
702,2023-03-27,255,1,1,21,4,Enfermedad,4,Sí
703,2023-03-13,258,1,4,23,4,Enfermedad,8,Sí
704,2023-03-24,258,1,4,23,4,Enfermedad,4,Sí
705,2023-03-05,259,1,3,8,4,Permiso personal,8,Sí
706,2023-03-30,259,1,3,8,4,Enfermedad,8,Sí
707,2023-03-17,265,1,2,4,4,Permiso personal,8,Sí
708,2023-03-01,267,1,5,13,4,Enfermedad,8,Sí
709,2023-03-27,268,1,5,10,3,Falta injustificada,4,No
710,2023-03-01,273,1,3,15,4,Permiso personal,8,Sí
711,2023-03-19,275,1,4,15,4,Permiso personal,4,Sí
712,2023-03-10,276,1,2,24,3,Enfermedad,8,Sí
713,2023-03-04,277,1,5,21,4,Permiso personal,8,Sí
714,2023-03-08,279,1,4,10,3,Enfermedad,8,Sí
715,2023-03-20,279,1,4,10,3,Permiso personal,8,Sí
716,2023-03-09,285,5,14,27,2,Enfermedad,8,Sí
717,2023-03-07,286,1,2,12,2,Permiso personal,4,Sí
718,2023-03-21,286,1,2,12,2,Enfermedad,8,Sí
719,2023-03-18,288,1,1,12,4,Falta injustificada,4,No
720,2023-03-11,290,1,3,3,3,Permiso personal,4,Sí
721,2023-03-05,291,1,2,2,4,Falta injustificada,8,No
722,2023-03-18,292,2,6,26,4,Falta injustificada,8,No
723,2023-03-23,293,1,1,23,3,Enfermedad,4,Sí
724,2023-03-28,293,1,1,23,3,Enfermedad,4,Sí
725,2023-03-27,295,1,5,18,4,Falta injustificada,8,No
726,2023-03-11,297,1,5,5,4,Permiso personal,4,Sí
727,2023-03-16,299,2,6,25,3,Enfermedad,8,Sí
728,2023-03-31,299,2,6,25,3,Enfermedad,8,Sí
729,2023-03-01,300,5,13,27,3,Falta injustificada,8,No
730,2023-03-16,300,5,13,27,3,Enfermedad,8,Sí
731,2023-03-27,302,1,2,2,4,Permiso personal,8,Sí
732,2023-03-28,303,1,1,24,2,Falta injustificada,4,No
733,2023-03-10,305,1,2,1,4,Enfermedad,4,Sí
734,2023-03-07,306,1,4,4,3,Permiso personal,8,Sí
735,2023-03-08,307,1,5,2,2,Permiso personal,8,Sí
736,2023-03-18,309,1,4,9,4,Enfermedad,4,Sí
737,2023-03-21,309,1,4,9,4,Enfermedad,4,Sí
738,2023-03-24,312,1,1,21,4,Enfermedad,8,Sí
739,2023-03-31,313,1,3,24,3,Enfermedad,4,Sí
740,2023-03-07,317,1,1,18,3,Enfermedad,8,Sí
741,2023-03-10,317,1,1,18,3,Enfermedad,8,Sí
742,2023-03-04,319,1,1,8,2,Enfermedad,8,Sí
743,2023-03-10,324,1,1,15,4,Enfermedad,8,Sí
744,2023-03-05,325,1,2,8,3,Enfermedad,8,Sí
745,2023-03-09,325,1,2,8,3,Falta injustificada,8,No
746,2023-03-07,328,1,2,19,3,Enfermedad,8,Sí
747,2023-03-02,329,2,6,26,3,Permiso personal,8,Sí
748,2023-03-13,329,2,6,26,3,Enfermedad,8,Sí
749,2023-03-06,330,2,6,26,4,Enfermedad,8,Sí
750,2023-03-18,330,2,6,26,4,Enfermedad,4,Sí
751,2023-03-29,330,2,6,26,4,Enfermedad,8,Sí
752,2023-03-12,331,1,1,4,4,Enfermedad,8,Sí
753,2023-03-07,334,1,1,11,2,Enfermedad,4,Sí
754,2023-03-11,334,1,1,11,2,Enfermedad,8,Sí
755,2023-03-27,335,1,5,23,3,Falta injustificada,8,No
756,2023-03-30,336,1,1,8,4,Permiso personal,8,Sí
757,2023-03-14,344,1,1,24,4,Permiso personal,4,Sí
758,2023-03-05,345,1,2,7,4,Falta injustificada,8,No
759,2023-03-10,348,1,4,13,4,Enfermedad,4,Sí
760,2023-03-31,348,1,4,13,4,Enfermedad,4,Sí
761,2023-03-29,349,6,15,27,4,Falta injustificada,8,No
762,2023-03-10,376,3,10,27,1,Enfermedad,8,Sí
763,2023-03-23,376,3,10,27,1,Enfermedad,4,Sí
764,2023-03-31,397,1,3,7,1,Falta injustificada,8,No
765,2023-03-26,428,1,2,15,1,Enfermedad,4,Sí
766,2023-03-18,457,1,5,9,1,Enfermedad,4,Sí
767,2023-03-05,469,1,5,14,1,Enfermedad,8,Sí
768,2023-03-28,490,3,10,27,1,Permiso personal,8,Sí
769,2023-03-01,510,5,14,27,1,Enfermedad,8,Sí
770,2023-03-17,523,1,1,9,1,Enfermedad,8,Sí
771,2023-03-07,540,1,3,14,1,Enfermedad,8,Sí
772,2023-03-07,547,1,2,8,1,Enfermedad,8,Sí
773,2023-03-29,547,1,2,8,1,Enfermedad,4,Sí
774,2023-03-24,626,2,6,25,1,Permiso personal,8,Sí
775,2023-03-26,626,2,6,25,1,Permiso personal,4,Sí
776,2023-03-12,633,1,1,13,1,Falta injustificada,8,No
777,2023-03-13,633,1,1,13,1,Enfermedad,8,Sí
778,2023-03-26,633,1,1,13,1,Enfermedad,8,Sí
779,2023-03-23,658,1,5,1,1,Enfermedad,8,Sí
780,2023-03-19,690,1,2,19,1,Falta injustificada,4,No
781,2023-03-15,707,1,5,22,1,Permiso personal,4,Sí
782,2023-03-16,717,2,7,25,1,Enfermedad,8,Sí
783,2023-03-21,772,1,5,17,1,Permiso personal,8,Sí
784,2023-03-31,772,1,5,17,1,Enfermedad,8,Sí
785,2023-03-29,792,1,2,16,1,Falta injustificada,8,No
786,2023-03-24,824,1,1,11,1,Falta injustificada,8,No
787,2023-03-30,824,1,1,11,1,Permiso personal,8,Sí
788,2023-03-29,838,1,1,6,1,Permiso personal,8,Sí
789,2023-03-02,895,1,3,15,1,Permiso personal,8,Sí
790,2023-03-08,895,1,3,15,1,Permiso personal,8,Sí
791,2023-04-04,1,1,1,3,4,Falta injustificada,8,No
792,2023-04-05,1,1,1,3,4,Enfermedad,4,Sí
793,2023-04-19,8,2,8,25,2,Enfermedad,8,Sí
794,2023-04-08,9,1,1,11,4,Enfermedad,8,Sí
795,2023-04-18,9,1,1,11,4,Permiso personal,4,Sí
796,2023-04-01,10,1,2,13,4,Permiso personal,8,Sí
797,2023-04-01,11,1,1,5,3,Permiso personal,8,Sí
798,2023-04-19,13,1,5,8,2,Enfermedad,8,Sí
799,2023-04-25,19,1,3,8,2,Permiso personal,8,Sí
800,2023-04-04,20,1,2,24,3,Falta injustificada,8,No
801,2023-04-18,20,1,2,24,3,Enfermedad,8,Sí
802,2023-04-26,22,1,5,18,3,Enfermedad,8,Sí
803,2023-04-03,23,1,5,18,3,Permiso personal,8,Sí
804,2023-04-12,28,1,1,21,3,Falta injustificada,8,No
805,2023-04-30,29,1,1,9,4,Permiso personal,8,Sí
806,2023-04-16,31,1,5,21,2,Falta injustificada,8,No
807,2023-04-27,31,1,5,21,2,Permiso personal,8,Sí
808,2023-04-20,32,1,5,6,3,Permiso personal,4,Sí
809,2023-04-19,36,1,3,20,3,Permiso personal,8,Sí
810,2023-04-26,36,1,3,20,3,Enfermedad,4,Sí
811,2023-04-01,37,3,9,27,3,Enfermedad,8,Sí
812,2023-04-10,37,3,9,27,3,Permiso personal,8,Sí
813,2023-04-27,40,1,1,3,4,Enfermedad,8,Sí
814,2023-04-25,44,1,1,23,3,Permiso personal,8,Sí
815,2023-04-19,47,1,1,5,4,Permiso personal,8,Sí
816,2023-04-15,50,2,7,26,3,Permiso personal,8,Sí
817,2023-04-01,51,1,2,11,3,Enfermedad,8,Sí
818,2023-04-19,53,1,5,11,3,Permiso personal,8,Sí
819,2023-04-13,54,1,4,19,3,Enfermedad,8,Sí
820,2023-04-27,56,1,3,17,4,Enfermedad,4,Sí
821,2023-04-08,58,1,3,10,4,Enfermedad,4,Sí
822,2023-04-06,59,1,4,7,3,Enfermedad,8,Sí
823,2023-04-27,59,1,4,7,3,Enfermedad,8,Sí
824,2023-04-04,61,2,6,26,4,Enfermedad,8,Sí
825,2023-04-25,63,1,2,14,2,Enfermedad,8,Sí
826,2023-04-21,65,1,3,20,3,Enfermedad,8,Sí
827,2023-04-26,67,1,1,2,3,Enfermedad,4,Sí
828,2023-04-06,68,1,2,7,4,Enfermedad,8,Sí
829,2023-04-30,72,1,1,21,4,Enfermedad,4,Sí
830,2023-04-01,73,1,2,9,3,Enfermedad,8,Sí
831,2023-04-21,79,1,1,8,3,Enfermedad,4,Sí
832,2023-04-02,81,1,5,7,4,Enfermedad,8,Sí
833,2023-04-09,81,1,5,7,4,Enfermedad,4,Sí
834,2023-04-30,81,1,5,7,4,Permiso personal,8,Sí
835,2023-04-21,83,1,1,21,2,Enfermedad,8,Sí
836,2023-04-04,84,1,3,9,4,Enfermedad,8,Sí
837,2023-04-09,87,2,7,26,4,Enfermedad,8,Sí
838,2023-04-20,89,1,4,19,3,Permiso personal,8,Sí
839,2023-04-19,90,2,6,26,4,Permiso personal,4,Sí
840,2023-04-09,93,1,4,14,3,Enfermedad,4,Sí
841,2023-04-18,93,1,4,14,3,Enfermedad,8,Sí
842,2023-04-18,97,1,3,3,3,Enfermedad,8,Sí
843,2023-04-01,103,1,2,23,4,Falta injustificada,4,No
844,2023-04-08,103,1,2,23,4,Enfermedad,8,Sí
845,2023-04-23,109,1,1,8,4,Enfermedad,8,Sí
846,2023-04-21,110,1,3,8,3,Enfermedad,8,Sí
847,2023-04-25,110,1,3,8,3,Enfermedad,8,Sí
848,2023-04-16,115,1,1,13,3,Permiso personal,8,Sí
849,2023-04-15,116,1,3,19,4,Enfermedad,8,Sí
850,2023-04-26,118,1,4,15,2,Permiso personal,8,Sí
851,2023-04-05,123,1,4,17,4,Enfermedad,8,Sí
852,2023-04-03,125,1,2,5,4,Enfermedad,4,Sí
853,2023-04-21,129,1,1,21,4,Permiso personal,8,Sí
854,2023-04-09,130,1,5,5,4,Permiso personal,8,Sí
855,2023-04-20,130,1,5,5,4,Enfermedad,8,Sí
856,2023-04-25,131,1,5,5,2,Enfermedad,8,Sí
857,2023-04-10,136,1,2,11,4,Enfermedad,8,Sí
858,2023-04-20,136,1,2,11,4,Enfermedad,8,Sí
859,2023-04-10,139,1,5,11,3,Enfermedad,4,Sí
860,2023-04-12,139,1,5,11,3,Enfermedad,8,Sí
861,2023-04-30,140,1,1,22,4,Falta injustificada,8,No
862,2023-04-10,141,1,1,3,3,Enfermedad,4,Sí
863,2023-04-29,142,1,2,8,2,Permiso personal,4,Sí
864,2023-04-22,143,1,5,19,4,Enfermedad,8,Sí
865,2023-04-07,144,1,3,12,2,Enfermedad,8,Sí
866,2023-04-25,146,1,1,4,3,Permiso personal,8,Sí
867,2023-04-13,147,1,2,21,4,Enfermedad,8,Sí
868,2023-04-24,147,1,2,21,4,Permiso personal,8,Sí
869,2023-04-15,148,1,1,24,3,Permiso personal,8,Sí
870,2023-04-28,149,1,4,1,4,Enfermedad,8,Sí
871,2023-04-03,150,1,1,7,4,Falta injustificada,8,No
872,2023-04-07,150,1,1,7,4,Permiso personal,8,Sí
873,2023-04-27,150,1,1,7,4,Enfermedad,8,Sí
874,2023-04-19,151,1,1,3,4,Enfermedad,8,Sí
875,2023-04-26,153,1,4,2,4,Enfermedad,4,Sí
876,2023-04-27,153,1,4,2,4,Enfermedad,8,Sí
877,2023-04-01,155,2,6,26,4,Enfermedad,8,Sí
878,2023-04-11,155,2,6,26,4,Permiso personal,8,Sí
879,2023-04-30,158,1,4,23,2,Enfermedad,8,Sí
880,2023-04-07,159,1,4,22,3,Permiso personal,8,Sí
881,2023-04-08,159,1,4,22,3,Enfermedad,8,Sí
882,2023-04-14,160,1,3,19,4,Enfermedad,8,Sí
883,2023-04-03,163,1,5,22,4,Permiso personal,8,Sí
884,2023-04-15,163,1,5,22,4,Enfermedad,8,Sí
885,2023-04-22,163,1,5,22,4,Enfermedad,8,Sí
886,2023-04-08,164,1,1,7,3,Enfermedad,8,Sí
887,2023-04-09,164,1,1,7,3,Enfermedad,8,Sí
888,2023-04-12,165,1,2,3,3,Enfermedad,4,Sí
889,2023-04-16,165,1,2,3,3,Falta injustificada,8,No
890,2023-04-18,166,1,1,5,4,Enfermedad,8,Sí
891,2023-04-17,168,1,3,6,4,Permiso personal,8,Sí
892,2023-04-01,172,2,6,26,2,Enfermedad,8,Sí
893,2023-04-14,172,2,6,26,2,Falta injustificada,4,No
894,2023-04-09,177,1,1,15,3,Enfermedad,8,Sí
895,2023-04-29,177,1,1,15,3,Permiso personal,8,Sí
896,2023-04-23,179,2,7,25,4,Falta injustificada,8,No
897,2023-04-19,180,1,3,6,3,Falta injustificada,4,No
898,2023-04-22,184,1,1,11,4,Permiso personal,8,Sí
899,2023-04-21,185,1,1,12,2,Permiso personal,4,Sí
900,2023-04-26,186,1,1,11,3,Enfermedad,8,Sí
901,2023-04-27,186,1,1,11,3,Enfermedad,8,Sí
902,2023-04-21,187,1,3,20,3,Enfermedad,8,Sí
903,2023-04-06,188,1,4,1,3,Permiso personal,4,Sí
904,2023-04-28,188,1,4,1,3,Permiso personal,8,Sí
905,2023-04-04,189,1,4,2,4,Enfermedad,8,Sí
906,2023-04-10,191,1,3,7,4,Enfermedad,8,Sí
907,2023-04-15,191,1,3,7,4,Enfermedad,8,Sí
908,2023-04-27,192,1,1,2,4,Permiso personal,8,Sí
909,2023-04-28,193,1,4,21,3,Enfermedad,8,Sí
910,2023-04-12,195,1,2,14,3,Enfermedad,8,Sí
911,2023-04-16,197,1,2,16,3,Permiso personal,4,Sí
912,2023-04-17,197,1,2,16,3,Enfermedad,8,Sí
913,2023-04-02,203,4,12,27,2,Permiso personal,8,Sí
914,2023-04-18,203,4,12,27,2,Enfermedad,8,Sí
915,2023-04-25,205,1,1,12,2,Enfermedad,4,Sí
916,2023-04-06,209,1,5,15,2,Enfermedad,8,Sí
917,2023-04-13,210,1,1,22,2,Enfermedad,8,Sí
918,2023-04-10,216,1,4,20,2,Enfermedad,8,Sí
919,2023-04-18,219,1,2,3,4,Enfermedad,8,Sí
920,2023-04-07,223,4,11,27,3,Enfermedad,4,Sí
921,2023-04-28,226,1,1,23,3,Enfermedad,8,Sí
922,2023-04-13,227,1,1,9,3,Falta injustificada,4,No
923,2023-04-20,227,1,1,9,3,Enfermedad,8,Sí
924,2023-04-02,228,1,5,8,4,Permiso personal,8,Sí
925,2023-04-30,228,1,5,8,4,Falta injustificada,4,No
926,2023-04-01,229,2,8,25,3,Enfermedad,8,Sí
927,2023-04-18,229,2,8,25,3,Falta injustificada,8,No
928,2023-04-27,229,2,8,25,3,Enfermedad,8,Sí
929,2023-04-22,233,2,6,25,3,Permiso personal,4,Sí
930,2023-04-09,238,1,1,12,4,Permiso personal,8,Sí
931,2023-04-07,241,1,1,14,2,Enfermedad,8,Sí
932,2023-04-20,243,1,5,12,4,Enfermedad,8,Sí
933,2023-04-25,247,1,5,17,4,Permiso personal,8,Sí
934,2023-04-06,251,1,3,1,4,Enfermedad,8,Sí
935,2023-04-18,252,1,2,21,3,Permiso personal,8,Sí
936,2023-04-30,252,1,2,21,3,Falta injustificada,8,No
937,2023-04-30,254,1,2,19,4,Permiso personal,8,Sí
938,2023-04-06,256,1,4,21,4,Permiso personal,8,Sí
939,2023-04-04,257,1,2,22,4,Permiso personal,8,Sí
940,2023-04-19,258,1,4,23,4,Permiso personal,4,Sí
941,2023-04-23,259,1,3,8,4,Falta injustificada,8,No
942,2023-04-17,262,1,2,14,4,Falta injustificada,8,No
943,2023-04-19,264,1,2,17,3,Enfermedad,8,Sí
944,2023-04-18,265,1,2,4,4,Enfermedad,8,Sí
945,2023-04-22,268,1,5,10,3,Permiso personal,8,Sí
946,2023-04-13,269,1,1,8,3,Permiso personal,8,Sí
947,2023-04-27,270,1,3,18,4,Permiso personal,8,Sí
948,2023-04-02,274,1,5,19,3,Permiso personal,8,Sí
949,2023-04-22,274,1,5,19,3,Enfermedad,4,Sí
950,2023-04-02,276,1,2,24,3,Enfermedad,8,Sí
951,2023-04-21,276,1,2,24,3,Permiso personal,8,Sí
952,2023-04-30,276,1,2,24,3,Enfermedad,8,Sí
953,2023-04-15,277,1,5,21,4,Enfermedad,8,Sí
954,2023-04-26,277,1,5,21,4,Permiso personal,8,Sí
955,2023-04-12,278,1,1,5,3,Enfermedad,4,Sí
956,2023-04-26,278,1,1,5,3,Permiso personal,4,Sí
957,2023-04-13,279,1,4,10,3,Permiso personal,8,Sí
958,2023-04-15,282,1,1,20,2,Enfermedad,8,Sí
959,2023-04-14,283,1,5,12,3,Enfermedad,8,Sí
960,2023-04-15,283,1,5,12,3,Enfermedad,4,Sí
961,2023-04-28,284,1,2,5,4,Enfermedad,8,Sí
962,2023-04-26,285,5,14,27,2,Permiso personal,8,Sí
963,2023-04-28,285,5,14,27,2,Enfermedad,8,Sí
964,2023-04-18,286,1,2,12,2,Enfermedad,8,Sí
965,2023-04-17,289,1,3,1,3,Enfermedad,8,Sí
966,2023-04-02,290,1,3,3,3,Permiso personal,8,Sí
967,2023-04-03,290,1,3,3,3,Enfermedad,4,Sí
968,2023-04-20,290,1,3,3,3,Enfermedad,8,Sí
969,2023-04-23,295,1,5,18,4,Enfermedad,4,Sí
970,2023-04-17,296,1,1,3,2,Enfermedad,4,Sí
971,2023-04-01,298,1,2,17,4,Enfermedad,8,Sí
972,2023-04-30,301,1,5,1,4,Enfermedad,8,Sí
973,2023-04-15,302,1,2,2,4,Enfermedad,8,Sí
974,2023-04-21,304,1,3,7,3,Enfermedad,8,Sí
975,2023-04-08,306,1,4,4,3,Enfermedad,8,Sí
976,2023-04-08,309,1,4,9,4,Enfermedad,8,Sí
977,2023-04-07,310,1,2,21,4,Enfermedad,8,Sí
978,2023-04-18,310,1,2,21,4,Permiso personal,4,Sí
979,2023-04-17,311,1,3,5,3,Enfermedad,8,Sí
980,2023-04-03,317,1,1,18,3,Falta injustificada,8,No
981,2023-04-04,317,1,1,18,3,Permiso personal,8,Sí
982,2023-04-24,317,1,1,18,3,Permiso personal,8,Sí
983,2023-04-27,318,1,2,11,3,Enfermedad,8,Sí
984,2023-04-07,319,1,1,8,2,Permiso personal,8,Sí
985,2023-04-22,319,1,1,8,2,Permiso personal,8,Sí
986,2023-04-14,320,1,4,10,3,Falta injustificada,8,No
987,2023-04-03,321,6,16,27,3,Enfermedad,8,Sí
988,2023-04-19,321,6,16,27,3,Enfermedad,4,Sí
989,2023-04-18,323,2,6,26,4,Enfermedad,4,Sí
990,2023-04-02,324,1,1,15,4,Enfermedad,4,Sí
991,2023-04-21,324,1,1,15,4,Enfermedad,8,Sí
992,2023-04-09,326,1,1,15,4,Permiso personal,8,Sí
993,2023-04-20,326,1,1,15,4,Falta injustificada,8,No
994,2023-04-22,326,1,1,15,4,Permiso personal,8,Sí
995,2023-04-23,326,1,1,15,4,Enfermedad,8,Sí
996,2023-04-13,328,1,2,19,3,Permiso personal,4,Sí
997,2023-04-16,329,2,6,26,4,Enfermedad,4,Sí
998,2023-04-30,329,2,6,26,4,Enfermedad,4,Sí
999,2023-04-15,331,1,1,4,4,Enfermedad,4,Sí
1000,2023-04-28,332,1,5,23,4,Enfermedad,8,Sí
1001,2023-04-08,333,5,14,27,4,Permiso personal,8,Sí
1002,2023-04-21,333,5,14,27,4,Falta injustificada,8,No
1003,2023-04-06,334,1,1,11,2,Enfermedad,8,Sí
1004,2023-04-13,334,1,1,11,2,Enfermedad,8,Sí
1005,2023-04-25,334,1,1,11,2,Permiso personal,8,Sí
1006,2023-04-04,336,1,1,8,4,Falta injustificada,4,No
1007,2023-04-04,338,2,6,26,4,Enfermedad,8,Sí
1008,2023-04-16,339,1,1,11,3,Enfermedad,8,Sí
1009,2023-04-06,340,5,13,27,4,Enfermedad,4,Sí
1010,2023-04-06,341,1,1,7,4,Enfermedad,8,Sí
1011,2023-04-16,346,1,5,14,4,Permiso personal,8,Sí
1012,2023-04-09,347,1,5,10,2,Permiso personal,8,Sí
1013,2023-04-26,348,1,4,13,4,Permiso personal,8,Sí
1014,2023-04-03,350,1,5,23,3,Permiso personal,4,Sí
1015,2023-04-11,350,1,5,23,3,Enfermedad,8,Sí
1016,2023-04-15,360,1,2,23,1,Enfermedad,8,Sí
1017,2023-04-29,360,1,2,23,1,Permiso personal,8,Sí
1018,2023-04-01,376,3,10,27,2,Enfermedad,8,Sí
1019,2023-04-05,397,1,3,7,1,Enfermedad,8,Sí
1020,2023-04-13,397,1,3,7,1,Enfermedad,8,Sí
1021,2023-04-14,397,1,3,7,1,Falta injustificada,4,No
1022,2023-04-25,397,1,3,7,1,Enfermedad,4,Sí
1023,2023-04-10,457,1,5,9,2,Enfermedad,8,Sí
1024,2023-04-19,490,3,10,27,2,Enfermedad,8,Sí
1025,2023-04-11,523,1,1,9,1,Falta injustificada,8,No
1026,2023-04-15,523,1,1,9,1,Enfermedad,4,Sí
1027,2023-04-07,530,1,1,21,2,Enfermedad,8,Sí
1028,2023-04-19,530,1,1,21,2,Enfermedad,8,Sí
1029,2023-04-24,540,1,3,14,1,Enfermedad,8,Sí
1030,2023-04-08,542,1,1,13,1,Permiso personal,8,Sí
1031,2023-04-10,542,1,1,13,1,Enfermedad,8,Sí
1032,2023-04-26,559,1,1,21,1,Falta injustificada,4,No
1033,2023-04-21,566,6,15,27,1,Enfermedad,8,Sí
1034,2023-04-27,579,1,1,2,1,Enfermedad,8,Sí
1035,2023-04-21,613,1,2,5,1,Enfermedad,8,Sí
1036,2023-04-28,626,2,6,25,1,Enfermedad,4,Sí
1037,2023-04-02,633,1,1,13,1,Enfermedad,4,Sí
1038,2023-04-20,633,1,1,13,1,Falta injustificada,4,No
1039,2023-04-20,668,1,1,19,1,Enfermedad,8,Sí
1040,2023-04-02,690,1,2,19,2,Enfermedad,8,Sí
1041,2023-04-19,708,4,12,27,2,Enfermedad,8,Sí
1042,2023-04-22,712,1,2,11,1,Enfermedad,8,Sí
1043,2023-04-01,838,1,1,6,2,Enfermedad,8,Sí
1044,2023-04-21,858,1,4,14,1,Enfermedad,8,Sí
1045,2023-04-19,895,1,3,15,2,Enfermedad,8,Sí
1046,2023-04-28,895,1,3,15,2,Enfermedad,4,Sí
1047,2023-04-03,896,1,2,11,1,Enfermedad,8,Sí
1048,2023-05-07,1,1,1,3,4,Enfermedad,8,Sí
1049,2023-05-08,2,2,7,25,3,Falta injustificada,8,No
1050,2023-05-27,4,1,1,23,4,Falta injustificada,8,No
1051,2023-05-16,6,1,5,7,3,Falta injustificada,8,No
1052,2023-05-07,8,2,8,25,2,Permiso personal,8,Sí
1053,2023-05-10,8,2,8,25,2,Enfermedad,8,Sí
1054,2023-05-01,10,1,2,13,4,Enfermedad,4,Sí
1055,2023-05-24,13,1,5,8,2,Falta injustificada,8,No
1056,2023-05-02,16,1,1,17,3,Falta injustificada,8,No
1057,2023-05-13,16,1,1,17,3,Enfermedad,8,Sí
1058,2023-05-14,17,6,15,27,4,Falta injustificada,8,No
1059,2023-05-08,20,1,2,24,3,Enfermedad,8,Sí
1060,2023-05-24,20,1,2,24,3,Enfermedad,8,Sí
1061,2023-05-25,21,1,3,21,4,Enfermedad,8,Sí
1062,2023-05-17,22,1,5,18,3,Permiso personal,8,Sí
1063,2023-05-12,23,1,5,18,3,Permiso personal,8,Sí
1064,2023-05-01,24,2,7,26,3,Enfermedad,8,Sí
1065,2023-05-13,25,1,3,11,4,Enfermedad,4,Sí
1066,2023-05-26,25,1,3,11,4,Falta injustificada,8,No
1067,2023-05-23,26,1,1,14,4,Enfermedad,8,Sí
1068,2023-05-01,27,1,4,22,4,Enfermedad,4,Sí
1069,2023-05-10,28,1,1,21,3,Enfermedad,8,Sí
1070,2023-05-27,30,2,8,25,4,Enfermedad,8,Sí
1071,2023-05-30,33,1,1,7,4,Enfermedad,8,Sí
1072,2023-05-28,35,1,1,11,4,Enfermedad,8,Sí
1073,2023-05-09,40,1,1,3,4,Falta injustificada,8,No
1074,2023-05-20,40,1,1,3,4,Permiso personal,4,Sí
1075,2023-05-08,41,1,2,17,4,Enfermedad,8,Sí
1076,2023-05-16,44,1,1,23,3,Permiso personal,4,Sí
1077,2023-05-20,44,1,1,23,3,Enfermedad,8,Sí
1078,2023-05-29,44,1,1,23,3,Enfermedad,8,Sí
1079,2023-05-13,46,1,4,14,2,Enfermedad,8,Sí
1080,2023-05-21,46,1,4,14,2,Enfermedad,8,Sí
1081,2023-05-12,47,1,1,5,4,Falta injustificada,8,No
1082,2023-05-08,48,1,5,12,3,Permiso personal,8,Sí
1083,2023-05-02,50,2,7,26,3,Permiso personal,8,Sí
1084,2023-05-07,50,2,7,26,3,Enfermedad,8,Sí
1085,2023-05-18,53,1,5,11,3,Enfermedad,8,Sí
1086,2023-05-26,55,2,6,26,3,Permiso personal,8,Sí
1087,2023-05-15,58,1,3,10,4,Enfermedad,8,Sí
1088,2023-05-21,58,1,3,10,4,Enfermedad,4,Sí
1089,2023-05-07,59,1,4,7,3,Falta injustificada,8,No
1090,2023-05-19,60,1,2,16,4,Enfermedad,4,Sí
1091,2023-05-12,66,1,5,7,3,Enfermedad,4,Sí
1092,2023-05-01,70,2,6,26,4,Enfermedad,4,Sí
1093,2023-05-31,70,2,6,26,4,Permiso personal,8,Sí
1094,2023-05-05,72,1,1,21,4,Enfermedad,8,Sí
1095,2023-05-09,72,1,1,21,4,Permiso personal,8,Sí
1096,2023-05-25,73,1,2,9,3,Falta injustificada,8,No
1097,2023-05-20,79,1,1,8,3,Permiso personal,8,Sí
1098,2023-05-26,79,1,1,8,3,Enfermedad,8,Sí
1099,2023-05-28,79,1,1,8,3,Enfermedad,8,Sí
1100,2023-05-26,81,1,5,7,4,Enfermedad,8,Sí
1101,2023-05-25,84,1,3,9,4,Falta injustificada,8,No
1102,2023-05-10,88,1,3,19,3,Enfermedad,8,Sí
1103,2023-05-26,89,1,4,19,3,Enfermedad,8,Sí
1104,2023-05-15,90,2,6,26,4,Enfermedad,8,Sí
1105,2023-05-23,90,2,6,26,4,Enfermedad,4,Sí
1106,2023-05-25,90,2,6,26,4,Enfermedad,8,Sí
1107,2023-05-30,90,2,6,26,4,Permiso personal,8,Sí
1108,2023-05-10,92,6,15,27,4,Falta injustificada,8,No
1109,2023-05-26,95,1,2,11,3,Permiso personal,8,Sí
1110,2023-05-23,97,1,3,3,3,Enfermedad,8,Sí
1111,2023-05-26,97,1,3,3,3,Permiso personal,8,Sí
1112,2023-05-25,104,4,11,27,3,Enfermedad,8,Sí
1113,2023-05-10,106,1,4,6,4,Enfermedad,4,Sí
1114,2023-05-17,109,1,1,8,4,Enfermedad,8,Sí
1115,2023-05-29,111,1,3,14,4,Falta injustificada,4,No
1116,2023-05-10,117,5,13,27,4,Enfermedad,8,Sí
1117,2023-05-12,117,5,13,27,4,Falta injustificada,8,No
1118,2023-05-24,120,1,1,17,4,Permiso personal,8,Sí
1119,2023-05-23,121,1,3,20,3,Permiso personal,8,Sí
1120,2023-05-04,122,1,2,21,4,Enfermedad,4,Sí
1121,2023-05-21,122,1,2,21,4,Enfermedad,8,Sí
1122,2023-05-18,124,1,1,15,4,Permiso personal,8,Sí
1123,2023-05-03,125,1,2,5,4,Enfermedad,8,Sí
1124,2023-05-21,126,1,1,12,3,Enfermedad,8,Sí
1125,2023-05-31,127,1,5,21,2,Falta injustificada,8,No
1126,2023-05-22,129,1,1,21,4,Enfermedad,4,Sí
1127,2023-05-06,131,1,5,5,2,Falta injustificada,8,No
1128,2023-05-30,131,1,5,5,2,Enfermedad,8,Sí
1129,2023-05-11,137,1,1,8,4,Enfermedad,4,Sí
1130,2023-05-30,139,1,5,11,3,Permiso personal,8,Sí
1131,2023-05-15,141,1,1,3,3,Enfermedad,8,Sí
1132,2023-05-21,144,1,3,12,2,Enfermedad,8,Sí
1133,2023-05-04,145,1,2,1,4,Enfermedad,8,Sí
1134,2023-05-31,145,1,2,1,4,Enfermedad,8,Sí
1135,2023-05-08,146,1,1,4,3,Enfermedad,8,Sí
1136,2023-05-14,147,1,2,21,4,Permiso personal,8,Sí
1137,2023-05-23,149,1,4,1,4,Permiso personal,4,Sí
1138,2023-05-22,150,1,1,7,4,Enfermedad,8,Sí
1139,2023-05-24,151,1,1,3,4,Enfermedad,8,Sí
1140,2023-05-27,151,1,1,3,4,Permiso personal,4,Sí
1141,2023-05-21,155,2,6,26,4,Enfermedad,8,Sí
1142,2023-05-24,155,2,6,26,4,Permiso personal,8,Sí
1143,2023-05-29,155,2,6,26,4,Enfermedad,4,Sí
1144,2023-05-05,158,1,4,23,2,Enfermedad,8,Sí
1145,2023-05-29,161,1,3,22,4,Enfermedad,8,Sí
1146,2023-05-29,163,1,5,22,4,Enfermedad,8,Sí
1147,2023-05-12,166,1,1,5,4,Falta injustificada,8,No
1148,2023-05-27,166,1,1,5,4,Enfermedad,4,Sí
1149,2023-05-12,173,1,3,15,4,Enfermedad,8,Sí
1150,2023-05-26,173,1,3,15,4,Enfermedad,8,Sí
1151,2023-05-17,174,1,2,16,4,Enfermedad,8,Sí
1152,2023-05-20,178,1,5,8,4,Enfermedad,8,Sí
1153,2023-05-29,178,1,5,8,4,Enfermedad,4,Sí
1154,2023-05-10,179,2,7,25,4,Enfermedad,8,Sí
1155,2023-05-10,181,1,1,9,3,Enfermedad,8,Sí
1156,2023-05-07,182,1,1,23,4,Enfermedad,8,Sí
1157,2023-05-09,182,1,1,23,4,Falta injustificada,4,No
1158,2023-05-24,182,1,1,23,4,Permiso personal,4,Sí
1159,2023-05-20,183,6,15,27,4,Enfermedad,8,Sí
1160,2023-05-16,184,1,1,11,4,Enfermedad,4,Sí
1161,2023-05-15,185,1,1,12,2,Permiso personal,8,Sí
1162,2023-05-25,188,1,4,1,3,Enfermedad,8,Sí
1163,2023-05-01,191,1,3,7,4,Enfermedad,8,Sí
1164,2023-05-13,194,1,1,11,4,Falta injustificada,8,No
1165,2023-05-02,204,1,2,19,3,Enfermedad,8,Sí
1166,2023-05-15,205,1,1,12,2,Permiso personal,4,Sí
1167,2023-05-16,205,1,1,12,2,Permiso personal,4,Sí
1168,2023-05-05,206,2,6,26,4,Enfermedad,8,Sí
1169,2023-05-08,206,2,6,26,4,Enfermedad,4,Sí
1170,2023-05-26,206,2,6,26,4,Enfermedad,4,Sí
1171,2023-05-20,207,1,1,3,4,Enfermedad,8,Sí
1172,2023-05-04,215,1,2,11,3,Enfermedad,8,Sí
1173,2023-05-03,216,1,4,20,2,Enfermedad,8,Sí
1174,2023-05-09,216,1,4,20,2,Enfermedad,8,Sí
1175,2023-05-22,216,1,4,20,2,Enfermedad,8,Sí
1176,2023-05-23,217,1,5,9,2,Enfermedad,8,Sí
1177,2023-05-31,218,1,1,3,2,Permiso personal,8,Sí
1178,2023-05-02,219,1,2,3,4,Enfermedad,8,Sí
1179,2023-05-30,219,1,2,3,4,Permiso personal,8,Sí
1180,2023-05-27,220,1,2,9,3,Permiso personal,4,Sí
1181,2023-05-28,220,1,2,9,3,Enfermedad,4,Sí
1182,2023-05-26,222,1,2,4,4,Enfermedad,8,Sí
1183,2023-05-30,222,1,2,4,4,Enfermedad,4,Sí
1184,2023-05-05,223,4,11,27,3,Enfermedad,8,Sí
1185,2023-05-11,227,1,1,9,3,Enfermedad,8,Sí
1186,2023-05-27,227,1,1,9,3,Enfermedad,8,Sí
1187,2023-05-30,231,1,2,9,3,Enfermedad,8,Sí
1188,2023-05-14,233,2,6,25,3,Enfermedad,4,Sí
1189,2023-05-02,236,1,1,2,4,Enfermedad,8,Sí
1190,2023-05-06,236,1,1,2,4,Enfermedad,8,Sí
1191,2023-05-03,239,1,3,8,4,Enfermedad,4,Sí
1192,2023-05-10,239,1,3,8,4,Enfermedad,4,Sí
1193,2023-05-05,241,1,1,14,2,Enfermedad,8,Sí
1194,2023-05-27,243,1,5,12,4,Enfermedad,8,Sí
1195,2023-05-22,246,1,3,19,3,Enfermedad,8,Sí
1196,2023-05-26,248,1,4,2,4,Enfermedad,8,Sí
1197,2023-05-11,249,1,1,1,3,Enfermedad,8,Sí
1198,2023-05-24,249,1,1,1,3,Enfermedad,8,Sí
1199,2023-05-16,251,1,3,1,4,Enfermedad,4,Sí
1200,2023-05-07,255,1,1,21,4,Enfermedad,8,Sí
1201,2023-05-08,255,1,1,21,4,Falta injustificada,8,No
1202,2023-05-10,256,1,4,21,4,Permiso personal,8,Sí
1203,2023-05-29,258,1,4,23,4,Enfermedad,8,Sí
1204,2023-05-07,259,1,3,8,4,Permiso personal,8,Sí
1205,2023-05-31,259,1,3,8,4,Falta injustificada,8,No
1206,2023-05-14,261,1,5,23,4,Permiso personal,8,Sí
1207,2023-05-11,265,1,2,4,4,Permiso personal,8,Sí
1208,2023-05-16,265,1,2,4,4,Enfermedad,8,Sí
1209,2023-05-29,268,1,5,10,4,Falta injustificada,8,No
1210,2023-05-14,270,1,3,18,4,Enfermedad,8,Sí
1211,2023-05-31,273,1,3,15,4,Enfermedad,8,Sí
1212,2023-05-27,274,1,5,19,3,Enfermedad,8,Sí
1213,2023-05-13,275,1,4,15,4,Falta injustificada,8,No
1214,2023-05-13,277,1,5,21,4,Enfermedad,8,Sí
1215,2023-05-27,278,1,1,5,3,Enfermedad,4,Sí
1216,2023-05-21,281,1,1,17,3,Enfermedad,8,Sí
1217,2023-05-27,282,1,1,20,3,Permiso personal,8,Sí
1218,2023-05-01,283,1,5,12,3,Enfermedad,8,Sí
1219,2023-05-11,283,1,5,12,3,Enfermedad,4,Sí
1220,2023-05-03,285,5,14,27,2,Enfermedad,4,Sí
1221,2023-05-19,286,1,2,12,3,Enfermedad,8,Sí
1222,2023-05-13,289,1,3,1,3,Enfermedad,4,Sí
1223,2023-05-04,291,1,2,2,4,Enfermedad,4,Sí
1224,2023-05-09,293,1,1,23,3,Permiso personal,8,Sí
1225,2023-05-16,293,1,1,23,3,Enfermedad,8,Sí
1226,2023-05-08,294,1,1,1,2,Enfermedad,4,Sí
1227,2023-05-31,294,1,1,1,2,Permiso personal,8,Sí
1228,2023-05-17,295,1,5,18,4,Enfermedad,8,Sí
1229,2023-05-08,297,1,5,5,4,Permiso personal,8,Sí
1230,2023-05-19,300,5,13,27,3,Enfermedad,8,Sí
1231,2023-05-04,304,1,3,7,4,Permiso personal,4,Sí
1232,2023-05-21,305,1,2,1,4,Enfermedad,8,Sí
1233,2023-05-04,307,1,5,2,2,Permiso personal,8,Sí
1234,2023-05-26,310,1,2,21,4,Enfermedad,8,Sí
1235,2023-05-29,317,1,1,18,3,Enfermedad,8,Sí
1236,2023-05-11,318,1,2,11,3,Enfermedad,8,Sí
1237,2023-05-31,319,1,1,8,2,Falta injustificada,4,No
1238,2023-05-23,320,1,4,10,3,Enfermedad,8,Sí
1239,2023-05-12,321,6,16,27,3,Permiso personal,8,Sí
1240,2023-05-29,323,2,6,26,4,Enfermedad,8,Sí
1241,2023-05-22,324,1,1,15,4,Enfermedad,8,Sí
1242,2023-05-07,329,2,6,26,4,Falta injustificada,4,No
1243,2023-05-29,329,2,6,26,4,Permiso personal,8,Sí
1244,2023-05-02,330,2,6,26,4,Enfermedad,4,Sí
1245,2023-05-01,331,1,1,4,4,Enfermedad,8,Sí
1246,2023-05-27,331,1,1,4,4,Enfermedad,8,Sí
1247,2023-05-29,331,1,1,4,4,Enfermedad,8,Sí
1248,2023-05-01,332,1,5,23,4,Enfermedad,8,Sí
1249,2023-05-29,332,1,5,23,4,Permiso personal,8,Sí
1250,2023-05-12,333,5,14,27,4,Enfermedad,8,Sí
1251,2023-05-31,333,5,14,27,4,Enfermedad,8,Sí
1252,2023-05-10,334,1,1,11,2,Enfermedad,8,Sí
1253,2023-05-18,334,1,1,11,2,Enfermedad,8,Sí
1254,2023-05-20,338,2,6,26,4,Enfermedad,8,Sí
1255,2023-05-09,341,1,1,7,4,Permiso personal,8,Sí
1256,2023-05-08,342,1,1,23,3,Permiso personal,8,Sí
1257,2023-05-14,343,1,1,15,3,Enfermedad,8,Sí
1258,2023-05-29,343,1,1,15,3,Permiso personal,8,Sí
1259,2023-05-31,343,1,1,15,3,Enfermedad,8,Sí
1260,2023-05-07,345,1,2,7,4,Enfermedad,8,Sí
1261,2023-05-12,345,1,2,7,4,Enfermedad,8,Sí
1262,2023-05-23,345,1,2,7,4,Enfermedad,4,Sí
1263,2023-05-16,348,1,4,13,4,Falta injustificada,4,No
1264,2023-05-08,350,1,5,23,3,Falta injustificada,8,No
1265,2023-05-16,376,3,10,27,2,Permiso personal,8,Sí
1266,2023-05-06,397,1,3,7,2,Enfermedad,4,Sí
1267,2023-05-09,397,1,3,7,2,Permiso personal,8,Sí
1268,2023-05-15,428,1,2,15,1,Enfermedad,8,Sí
1269,2023-05-07,457,1,5,9,2,Enfermedad,8,Sí
1270,2023-05-03,469,1,5,14,2,Permiso personal,8,Sí
1271,2023-05-16,469,1,5,14,2,Permiso personal,4,Sí
1272,2023-05-08,510,5,14,27,2,Falta injustificada,8,No
1273,2023-05-04,530,1,1,21,2,Enfermedad,8,Sí
1274,2023-05-07,542,1,1,13,1,Permiso personal,8,Sí
1275,2023-05-15,542,1,1,13,1,Permiso personal,8,Sí
1276,2023-05-17,553,1,4,3,1,Enfermedad,4,Sí
1277,2023-05-05,559,1,1,21,1,Falta injustificada,8,No
1278,2023-05-09,559,1,1,21,1,Enfermedad,4,Sí
1279,2023-05-19,572,1,5,23,1,Permiso personal,4,Sí
1280,2023-05-19,579,1,1,2,1,Enfermedad,8,Sí
1281,2023-05-11,613,1,2,5,1,Permiso personal,8,Sí
1282,2023-05-02,632,5,14,27,2,Enfermedad,8,Sí
1283,2023-05-27,632,5,14,27,2,Enfermedad,8,Sí
1284,2023-05-17,658,1,5,1,2,Enfermedad,4,Sí
1285,2023-05-31,658,1,5,1,2,Permiso personal,8,Sí
1286,2023-05-25,668,1,1,19,2,Enfermedad,8,Sí
1287,2023-05-16,681,1,1,9,1,Enfermedad,8,Sí
1288,2023-05-22,708,4,12,27,2,Falta injustificada,8,No
1289,2023-05-13,712,1,2,11,1,Permiso personal,4,Sí
1290,2023-05-27,712,1,2,11,1,Enfermedad,4,Sí
1291,2023-05-22,716,1,4,8,2,Permiso personal,8,Sí
1292,2023-05-18,717,2,7,25,2,Enfermedad,4,Sí
1293,2023-05-09,723,1,1,24,2,Permiso personal,8,Sí
1294,2023-05-13,723,1,1,24,2,Permiso personal,8,Sí
1295,2023-05-14,723,1,1,24,2,Falta injustificada,8,No
1296,2023-05-19,733,1,3,20,1,Enfermedad,8,Sí
1297,2023-05-21,765,2,7,26,2,Enfermedad,8,Sí
1298,2023-05-19,768,1,1,18,1,Permiso personal,8,Sí
1299,2023-05-06,802,1,2,22,2,Enfermedad,4,Sí
1300,2023-05-19,802,1,2,22,2,Falta injustificada,4,No
1301,2023-05-28,812,1,4,4,1,Permiso personal,8,Sí
1302,2023-05-02,824,1,1,11,2,Permiso personal,8,Sí
1303,2023-05-19,836,5,13,27,1,Enfermedad,8,Sí
1304,2023-05-03,838,1,1,6,2,Enfermedad,8,Sí
1305,2023-05-19,838,1,1,6,2,Permiso personal,8,Sí
1306,2023-05-10,852,1,2,18,1,Enfermedad,4,Sí
1307,2023-05-16,852,1,2,18,1,Falta injustificada,8,No
1308,2023-05-20,852,1,2,18,1,Permiso personal,8,Sí
1309,2023-05-11,885,1,1,20,1,Permiso personal,8,Sí
1310,2023-05-22,895,1,3,15,2,Enfermedad,8,Sí
1311,2023-06-20,2,2,7,25,4,Enfermedad,8,Sí
1312,2023-06-01,3,1,4,11,4,Permiso personal,8,Sí
1313,2023-06-30,3,1,4,11,4,Enfermedad,4,Sí
1314,2023-06-28,4,1,1,23,4,Falta injustificada,8,No
1315,2023-06-20,6,1,5,7,3,Falta injustificada,8,No
1316,2023-06-05,9,1,1,11,4,Enfermedad,8,Sí
1317,2023-06-24,9,1,1,11,4,Permiso personal,4,Sí
1318,2023-06-25,11,1,1,5,4,Enfermedad,8,Sí
1319,2023-06-06,13,1,5,8,2,Permiso personal,4,Sí
1320,2023-06-23,13,1,5,8,2,Enfermedad,4,Sí
1321,2023-06-04,14,1,4,19,4,Enfermedad,8,Sí
1322,2023-06-08,14,1,4,19,4,Permiso personal,8,Sí
1323,2023-06-21,15,1,2,13,4,Enfermedad,8,Sí
1324,2023-06-07,20,1,2,24,3,Enfermedad,8,Sí
1325,2023-06-17,22,1,5,18,3,Enfermedad,8,Sí
1326,2023-06-23,27,1,4,22,4,Enfermedad,8,Sí
1327,2023-06-29,28,1,1,21,3,Enfermedad,8,Sí
1328,2023-06-10,29,1,1,9,4,Enfermedad,8,Sí
1329,2023-06-24,29,1,1,9,4,Permiso personal,8,Sí
1330,2023-06-22,32,1,5,6,3,Enfermedad,8,Sí
1331,2023-06-24,33,1,1,7,4,Falta injustificada,4,No
1332,2023-06-29,33,1,1,7,4,Enfermedad,4,Sí
1333,2023-06-15,34,1,1,20,3,Permiso personal,4,Sí
1334,2023-06-22,34,1,1,20,3,Enfermedad,8,Sí
1335,2023-06-05,35,1,1,11,4,Enfermedad,8,Sí
1336,2023-06-18,35,1,1,11,4,Enfermedad,8,Sí
1337,2023-06-18,36,1,3,20,3,Enfermedad,8,Sí
1338,2023-06-24,38,1,3,22,4,Permiso personal,8,Sí
1339,2023-06-07,39,1,2,17,4,Enfermedad,8,Sí
1340,2023-06-29,40,1,1,3,4,Enfermedad,4,Sí
1341,2023-06-05,41,1,2,17,4,Permiso personal,8,Sí
1342,2023-06-06,44,1,1,23,3,Enfermedad,4,Sí
1343,2023-06-04,46,1,4,14,2,Enfermedad,8,Sí
1344,2023-06-27,47,1,1,5,4,Enfermedad,8,Sí
1345,2023-06-01,48,1,5,12,3,Permiso personal,4,Sí
1346,2023-06-06,48,1,5,12,3,Falta injustificada,8,No
1347,2023-06-19,48,1,5,12,3,Enfermedad,8,Sí
1348,2023-06-04,50,2,7,26,3,Enfermedad,8,Sí
1349,2023-06-18,52,1,4,19,2,Enfermedad,8,Sí
1350,2023-06-26,52,1,4,19,2,Enfermedad,8,Sí
1351,2023-06-24,53,1,5,11,3,Enfermedad,4,Sí
1352,2023-06-28,55,2,6,26,3,Enfermedad,4,Sí
1353,2023-06-12,57,1,1,23,4,Permiso personal,8,Sí
1354,2023-06-06,58,1,3,10,4,Enfermedad,8,Sí
1355,2023-06-25,58,1,3,10,4,Falta injustificada,8,No
1356,2023-06-05,59,1,4,7,3,Permiso personal,8,Sí
1357,2023-06-23,59,1,4,7,3,Permiso personal,8,Sí
1358,2023-06-07,60,1,2,16,4,Enfermedad,8,Sí
1359,2023-06-16,61,2,6,26,4,Enfermedad,8,Sí
1360,2023-06-29,63,1,2,14,3,Permiso personal,8,Sí
1361,2023-06-23,66,1,5,7,3,Permiso personal,8,Sí
1362,2023-06-05,70,2,6,26,4,Enfermedad,8,Sí
1363,2023-06-11,73,1,2,9,3,Enfermedad,8,Sí
1364,2023-06-22,74,1,1,21,3,Enfermedad,4,Sí
1365,2023-06-01,75,1,5,18,2,Permiso personal,4,Sí
1366,2023-06-02,75,1,5,18,2,Permiso personal,8,Sí
1367,2023-06-09,76,1,1,23,3,Enfermedad,8,Sí
1368,2023-06-05,78,3,9,27,4,Permiso personal,8,Sí
1369,2023-06-17,78,3,9,27,4,Enfermedad,8,Sí
1370,2023-06-02,80,1,3,12,4,Enfermedad,8,Sí
1371,2023-06-11,80,1,3,12,4,Enfermedad,4,Sí
1372,2023-06-28,81,1,5,7,4,Permiso personal,4,Sí
1373,2023-06-26,85,6,16,27,3,Permiso personal,8,Sí
1374,2023-06-27,85,6,16,27,3,Permiso personal,8,Sí
1375,2023-06-15,89,1,4,19,3,Enfermedad,8,Sí
1376,2023-06-07,90,2,6,26,4,Enfermedad,4,Sí
1377,2023-06-19,91,2,6,26,4,Enfermedad,8,Sí
1378,2023-06-13,92,6,15,27,4,Enfermedad,8,Sí
1379,2023-06-04,93,1,4,14,3,Permiso personal,4,Sí
1380,2023-06-24,93,1,4,14,3,Enfermedad,8,Sí
1381,2023-06-27,93,1,4,14,3,Enfermedad,8,Sí
1382,2023-06-02,95,1,2,11,3,Enfermedad,8,Sí
1383,2023-06-04,95,1,2,11,3,Enfermedad,8,Sí
1384,2023-06-08,95,1,2,11,3,Enfermedad,8,Sí
1385,2023-06-17,96,1,1,12,4,Falta injustificada,8,No
1386,2023-06-27,97,1,3,3,3,Permiso personal,8,Sí
1387,2023-06-28,98,1,3,18,3,Permiso personal,4,Sí
1388,2023-06-24,99,1,2,5,4,Enfermedad,8,Sí
1389,2023-06-13,100,1,4,23,3,Enfermedad,8,Sí
1390,2023-06-19,100,1,4,23,3,Falta injustificada,8,No
1391,2023-06-08,101,5,13,27,2,Enfermedad,4,Sí
1392,2023-06-02,102,1,1,14,4,Permiso personal,8,Sí
1393,2023-06-30,102,1,1,14,4,Enfermedad,8,Sí
1394,2023-06-27,105,1,3,5,3,Permiso personal,8,Sí
1395,2023-06-04,106,1,4,6,4,Permiso personal,4,Sí
1396,2023-06-12,106,1,4,6,4,Enfermedad,8,Sí
1397,2023-06-08,110,1,3,8,3,Enfermedad,4,Sí
1398,2023-06-17,110,1,3,8,3,Enfermedad,4,Sí
1399,2023-06-16,116,1,3,19,4,Falta injustificada,4,No
1400,2023-06-28,116,1,3,19,4,Permiso personal,4,Sí
1401,2023-06-17,117,5,13,27,4,Falta injustificada,4,No
1402,2023-06-16,121,1,3,20,3,Enfermedad,4,Sí
1403,2023-06-24,122,1,2,21,4,Falta injustificada,8,No
1404,2023-06-24,124,1,1,15,4,Enfermedad,4,Sí
1405,2023-06-11,126,1,1,12,3,Enfermedad,8,Sí
1406,2023-06-22,126,1,1,12,3,Falta injustificada,8,No
1407,2023-06-27,126,1,1,12,3,Enfermedad,4,Sí
1408,2023-06-28,131,1,5,5,2,Enfermedad,8,Sí
1409,2023-06-19,135,1,4,18,4,Permiso personal,8,Sí
1410,2023-06-17,136,1,2,11,4,Enfermedad,4,Sí
1411,2023-06-09,137,1,1,8,4,Enfermedad,4,Sí
1412,2023-06-22,137,1,1,8,4,Enfermedad,4,Sí
1413,2023-06-30,137,1,1,8,4,Permiso personal,8,Sí
1414,2023-06-08,138,1,4,7,3,Enfermedad,8,Sí
1415,2023-06-01,139,1,5,11,3,Enfermedad,8,Sí
1416,2023-06-20,142,1,2,8,2,Enfermedad,4,Sí
1417,2023-06-10,145,1,2,1,4,Permiso personal,8,Sí
1418,2023-06-22,146,1,1,4,3,Permiso personal,8,Sí
1419,2023-06-05,149,1,4,1,4,Enfermedad,8,Sí
1420,2023-06-24,149,1,4,1,4,Enfermedad,8,Sí
1421,2023-06-11,150,1,1,7,4,Enfermedad,8,Sí
1422,2023-06-15,150,1,1,7,4,Enfermedad,4,Sí
1423,2023-06-21,151,1,1,3,4,Falta injustificada,8,No
1424,2023-06-29,151,1,1,3,4,Permiso personal,4,Sí
1425,2023-06-16,157,1,2,5,3,Permiso personal,8,Sí
1426,2023-06-14,158,1,4,23,2,Permiso personal,4,Sí
1427,2023-06-18,158,1,4,23,2,Enfermedad,8,Sí
1428,2023-06-09,159,1,4,22,3,Enfermedad,8,Sí
1429,2023-06-28,160,1,3,19,4,Enfermedad,8,Sí
1430,2023-06-20,163,1,5,22,4,Permiso personal,8,Sí
1431,2023-06-22,165,1,2,3,3,Permiso personal,4,Sí
1432,2023-06-03,169,1,1,7,3,Enfermedad,8,Sí
1433,2023-06-12,171,1,4,4,4,Enfermedad,8,Sí
1434,2023-06-25,172,2,6,26,3,Enfermedad,8,Sí
1435,2023-06-14,173,1,3,15,4,Enfermedad,4,Sí
1436,2023-06-21,173,1,3,15,4,Enfermedad,4,Sí
1437,2023-06-06,174,1,2,16,4,Falta injustificada,8,No
1438,2023-06-17,176,1,1,6,3,Enfermedad,8,Sí
1439,2023-06-20,176,1,1,6,3,Enfermedad,8,Sí
1440,2023-06-12,178,1,5,8,4,Enfermedad,8,Sí
1441,2023-06-15,178,1,5,8,4,Enfermedad,8,Sí
1442,2023-06-14,179,2,7,25,4,Enfermedad,8,Sí
1443,2023-06-28,182,1,1,23,4,Permiso personal,4,Sí
1444,2023-06-29,182,1,1,23,4,Enfermedad,8,Sí
1445,2023-06-27,184,1,1,11,4,Enfermedad,8,Sí
1446,2023-06-21,186,1,1,11,4,Enfermedad,8,Sí
1447,2023-06-01,188,1,4,1,3,Permiso personal,8,Sí
1448,2023-06-27,188,1,4,1,3,Permiso personal,4,Sí
1449,2023-06-07,189,1,4,2,4,Enfermedad,8,Sí
1450,2023-06-15,193,1,4,21,3,Falta injustificada,8,No
1451,2023-06-22,193,1,4,21,3,Enfermedad,8,Sí
1452,2023-06-21,195,1,2,14,3,Enfermedad,8,Sí
1453,2023-06-05,199,6,15,27,3,Enfermedad,8,Sí
1454,2023-06-12,199,6,15,27,3,Enfermedad,8,Sí
1455,2023-06-11,200,1,1,12,4,Enfermedad,8,Sí
1456,2023-06-12,203,4,12,27,2,Enfermedad,4,Sí
1457,2023-06-13,204,1,2,19,3,Falta injustificada,8,No
1458,2023-06-05,205,1,1,12,2,Enfermedad,8,Sí
1459,2023-06-11,205,1,1,12,2,Permiso personal,8,Sí
1460,2023-06-25,205,1,1,12,2,Falta injustificada,8,No
1461,2023-06-03,206,2,6,26,4,Enfermedad,4,Sí
1462,2023-06-11,206,2,6,26,4,Enfermedad,8,Sí
1463,2023-06-12,209,1,5,15,2,Enfermedad,8,Sí
1464,2023-06-05,210,1,1,22,2,Enfermedad,4,Sí
1465,2023-06-18,210,1,1,22,2,Enfermedad,8,Sí
1466,2023-06-25,212,1,2,12,4,Permiso personal,8,Sí
1467,2023-06-27,212,1,2,12,4,Enfermedad,8,Sí
1468,2023-06-14,214,1,4,4,4,Permiso personal,8,Sí
1469,2023-06-22,214,1,4,4,4,Enfermedad,8,Sí
1470,2023-06-04,217,1,5,9,2,Falta injustificada,8,No
1471,2023-06-26,217,1,5,9,2,Falta injustificada,8,No
1472,2023-06-05,218,1,1,3,2,Falta injustificada,8,No
1473,2023-06-02,221,1,2,11,3,Enfermedad,8,Sí
1474,2023-06-06,222,1,2,4,4,Enfermedad,8,Sí
1475,2023-06-28,224,5,14,27,3,Enfermedad,8,Sí
1476,2023-06-16,226,1,1,23,3,Enfermedad,4,Sí
1477,2023-06-17,227,1,1,9,3,Enfermedad,8,Sí
1478,2023-06-24,228,1,5,8,4,Permiso personal,8,Sí
1479,2023-06-08,235,1,3,17,3,Enfermedad,4,Sí
1480,2023-06-28,235,1,3,17,3,Permiso personal,8,Sí
1481,2023-06-27,236,1,1,2,4,Enfermedad,8,Sí
1482,2023-06-28,239,1,3,8,4,Falta injustificada,8,No
1483,2023-06-11,246,1,3,19,3,Enfermedad,8,Sí
1484,2023-06-24,247,1,5,17,4,Enfermedad,8,Sí
1485,2023-06-18,249,1,1,1,3,Permiso personal,8,Sí
1486,2023-06-09,250,1,1,22,4,Permiso personal,8,Sí
1487,2023-06-16,250,1,1,22,4,Enfermedad,8,Sí
1488,2023-06-25,252,1,2,21,3,Enfermedad,8,Sí
1489,2023-06-11,253,1,2,10,4,Enfermedad,8,Sí
1490,2023-06-13,253,1,2,10,4,Enfermedad,8,Sí
1491,2023-06-17,254,1,2,19,4,Enfermedad,8,Sí
1492,2023-06-24,254,1,2,19,4,Permiso personal,8,Sí
1493,2023-06-15,255,1,1,21,4,Enfermedad,8,Sí
1494,2023-06-30,256,1,4,21,4,Enfermedad,4,Sí
1495,2023-06-06,258,1,4,23,4,Enfermedad,8,Sí
1496,2023-06-16,258,1,4,23,4,Enfermedad,8,Sí
1497,2023-06-19,258,1,4,23,4,Enfermedad,4,Sí
1498,2023-06-08,259,1,3,8,4,Enfermedad,8,Sí
1499,2023-06-22,259,1,3,8,4,Enfermedad,8,Sí
1500,2023-06-27,261,1,5,23,4,Enfermedad,8,Sí
1501,2023-06-11,262,1,2,14,4,Enfermedad,8,Sí
1502,2023-06-15,263,1,3,12,3,Permiso personal,8,Sí
1503,2023-06-29,264,1,2,17,3,Falta injustificada,8,No
1504,2023-06-11,266,1,2,18,4,Enfermedad,8,Sí
1505,2023-06-14,267,1,5,13,4,Enfermedad,8,Sí
1506,2023-06-05,269,1,1,8,3,Enfermedad,4,Sí
1507,2023-06-23,269,1,1,8,3,Enfermedad,8,Sí
1508,2023-06-28,270,1,3,18,4,Enfermedad,8,Sí
1509,2023-06-27,271,1,1,18,4,Permiso personal,4,Sí
1510,2023-06-13,273,1,3,15,4,Enfermedad,8,Sí
1511,2023-06-15,273,1,3,15,4,Permiso personal,8,Sí
1512,2023-06-21,273,1,3,15,4,Enfermedad,8,Sí
1513,2023-06-29,273,1,3,15,4,Permiso personal,4,Sí
1514,2023-06-04,275,1,4,15,4,Permiso personal,4,Sí
1515,2023-06-06,275,1,4,15,4,Enfermedad,8,Sí
1516,2023-06-13,275,1,4,15,4,Enfermedad,8,Sí
1517,2023-06-30,275,1,4,15,4,Enfermedad,8,Sí
1518,2023-06-15,276,1,2,24,3,Enfermedad,4,Sí
1519,2023-06-19,276,1,2,24,3,Enfermedad,8,Sí
1520,2023-06-18,281,1,1,17,3,Enfermedad,8,Sí
1521,2023-06-18,282,1,1,20,3,Enfermedad,8,Sí
1522,2023-06-05,283,1,5,12,3,Permiso personal,8,Sí
1523,2023-06-02,285,5,14,27,2,Enfermedad,8,Sí
1524,2023-06-07,286,1,2,12,3,Enfermedad,4,Sí
1525,2023-06-20,286,1,2,12,3,Falta injustificada,8,No
1526,2023-06-09,290,1,3,3,3,Permiso personal,8,Sí
1527,2023-06-17,291,1,2,2,4,Enfermedad,8,Sí
1528,2023-06-28,291,1,2,2,4,Permiso personal,8,Sí
1529,2023-06-09,292,2,6,26,4,Permiso personal,8,Sí
1530,2023-06-15,292,2,6,26,4,Permiso personal,8,Sí
1531,2023-06-02,293,1,1,23,3,Enfermedad,8,Sí
1532,2023-06-14,293,1,1,23,3,Enfermedad,4,Sí
1533,2023-06-21,293,1,1,23,3,Enfermedad,4,Sí
1534,2023-06-25,297,1,5,5,4,Enfermedad,8,Sí
1535,2023-06-16,299,2,6,25,3,Enfermedad,4,Sí
1536,2023-06-22,299,2,6,25,3,Enfermedad,4,Sí
1537,2023-06-05,301,1,5,1,4,Enfermedad,8,Sí
1538,2023-06-18,304,1,3,7,4,Permiso personal,4,Sí
1539,2023-06-07,309,1,4,9,4,Enfermedad,8,Sí
1540,2023-06-01,312,1,1,21,4,Permiso personal,8,Sí
1541,2023-06-18,312,1,1,21,4,Permiso personal,4,Sí
1542,2023-06-05,314,2,7,25,3,Enfermedad,8,Sí
1543,2023-06-28,315,1,1,14,4,Enfermedad,8,Sí
1544,2023-06-26,317,1,1,18,3,Permiso personal,4,Sí
1545,2023-06-29,318,1,2,11,3,Permiso personal,8,Sí
1546,2023-06-01,319,1,1,8,2,Falta injustificada,8,No
1547,2023-06-14,319,1,1,8,2,Enfermedad,8,Sí
1548,2023-06-24,319,1,1,8,2,Enfermedad,8,Sí
1549,2023-06-15,320,1,4,10,3,Enfermedad,4,Sí
1550,2023-06-01,321,6,16,27,3,Enfermedad,8,Sí
1551,2023-06-14,321,6,16,27,3,Permiso personal,8,Sí
1552,2023-06-29,321,6,16,27,3,Enfermedad,4,Sí
1553,2023-06-20,324,1,1,15,4,Falta injustificada,4,No
1554,2023-06-25,329,2,6,26,4,Permiso personal,4,Sí
1555,2023-06-19,330,2,6,26,4,Enfermedad,8,Sí
1556,2023-06-16,331,1,1,4,4,Enfermedad,4,Sí
1557,2023-06-03,334,1,1,11,2,Enfermedad,8,Sí
1558,2023-06-27,334,1,1,11,2,Falta injustificada,8,No
1559,2023-06-27,336,1,1,8,4,Enfermedad,8,Sí
1560,2023-06-19,339,1,1,11,3,Enfermedad,8,Sí
1561,2023-06-24,339,1,1,11,3,Permiso personal,4,Sí
1562,2023-06-21,340,5,13,27,4,Permiso personal,4,Sí
1563,2023-06-16,342,1,1,23,3,Falta injustificada,8,No
1564,2023-06-15,343,1,1,15,3,Enfermedad,8,Sí
1565,2023-06-18,343,1,1,15,3,Permiso personal,8,Sí
1566,2023-06-09,345,1,2,7,4,Enfermedad,8,Sí
1567,2023-06-27,350,1,5,23,3,Enfermedad,4,Sí
1568,2023-06-30,355,1,5,2,1,Permiso personal,8,Sí
1569,2023-06-02,360,1,2,23,1,Enfermedad,8,Sí
1570,2023-06-25,360,1,2,23,1,Enfermedad,8,Sí
1571,2023-06-29,376,3,10,27,2,Enfermedad,8,Sí
1572,2023-06-13,397,1,3,7,2,Permiso personal,4,Sí
1573,2023-06-14,397,1,3,7,2,Enfermedad,8,Sí
1574,2023-06-29,440,2,6,25,1,Enfermedad,8,Sí
1575,2023-06-19,469,1,5,14,2,Enfermedad,8,Sí
1576,2023-06-13,490,3,10,27,2,Enfermedad,8,Sí
1577,2023-06-15,490,3,10,27,2,Enfermedad,4,Sí
1578,2023-06-20,490,3,10,27,2,Enfermedad,8,Sí
1579,2023-06-27,490,3,10,27,2,Permiso personal,8,Sí
1580,2023-06-12,510,5,14,27,2,Enfermedad,8,Sí
1581,2023-06-11,519,1,5,8,1,Enfermedad,8,Sí
1582,2023-06-21,519,1,5,8,1,Enfermedad,8,Sí
1583,2023-06-10,536,1,1,21,2,Enfermedad,8,Sí
1584,2023-06-22,542,1,1,13,2,Permiso personal,8,Sí
1585,2023-06-04,547,1,2,8,2,Permiso personal,8,Sí
1586,2023-06-28,547,1,2,8,2,Enfermedad,8,Sí
1587,2023-06-13,566,6,15,27,2,Permiso personal,4,Sí
1588,2023-06-28,566,6,15,27,2,Permiso personal,8,Sí
1589,2023-06-24,572,1,5,23,2,Enfermedad,8,Sí
1590,2023-06-10,579,1,1,2,2,Enfermedad,4,Sí
1591,2023-06-13,589,1,1,4,1,Permiso personal,8,Sí
1592,2023-06-21,589,1,1,4,1,Permiso personal,4,Sí
1593,2023-06-12,611,1,1,10,1,Enfermedad,8,Sí
1594,2023-06-16,611,1,1,10,1,Enfermedad,4,Sí
1595,2023-06-24,626,2,6,25,2,Enfermedad,8,Sí
1596,2023-06-22,651,1,4,10,1,Enfermedad,8,Sí
1597,2023-06-25,658,1,5,1,2,Permiso personal,8,Sí
1598,2023-06-25,681,1,1,9,1,Enfermedad,8,Sí
1599,2023-06-19,707,1,5,22,2,Enfermedad,8,Sí
1600,2023-06-29,707,1,5,22,2,Enfermedad,8,Sí
1601,2023-06-01,712,1,2,11,2,Permiso personal,8,Sí
1602,2023-06-16,716,1,4,8,2,Enfermedad,8,Sí
1603,2023-06-04,717,2,7,25,2,Enfermedad,8,Sí
1604,2023-06-09,717,2,7,25,2,Permiso personal,8,Sí
1605,2023-06-26,717,2,7,25,2,Permiso personal,8,Sí
1606,2023-06-02,723,1,1,24,2,Enfermedad,8,Sí
1607,2023-06-16,723,1,1,24,2,Permiso personal,8,Sí
1608,2023-06-25,723,1,1,24,2,Falta injustificada,8,No
1609,2023-06-27,723,1,1,24,2,Permiso personal,8,Sí
1610,2023-06-03,733,1,3,20,1,Permiso personal,8,Sí
1611,2023-06-05,741,1,5,20,2,Permiso personal,4,Sí
1612,2023-06-15,768,1,1,18,1,Permiso personal,8,Sí
1613,2023-06-18,780,1,1,8,1,Enfermedad,8,Sí
1614,2023-06-10,802,1,2,22,2,Enfermedad,8,Sí
1615,2023-06-23,824,1,1,11,2,Falta injustificada,8,No
1616,2023-06-26,829,1,1,17,1,Permiso personal,8,Sí
1617,2023-06-24,836,5,13,27,1,Enfermedad,8,Sí
1618,2023-06-22,838,1,1,6,2,Permiso personal,8,Sí
1619,2023-06-02,853,1,1,11,2,Enfermedad,8,Sí
1620,2023-06-30,858,1,4,14,1,Permiso personal,8,Sí
1621,2023-06-07,882,2,6,25,1,Falta injustificada,8,No
1622,2023-06-22,882,2,6,25,1,Enfermedad,4,Sí
1623,2023-06-19,895,1,3,15,2,Enfermedad,4,Sí
1624,2023-06-21,895,1,3,15,2,Permiso personal,4,Sí
1625,2023-06-19,896,1,2,11,2,Enfermedad,4,Sí
1626,2023-07-02,1,1,1,3,4,Enfermedad,8,Sí
1627,2023-07-12,1,1,1,3,4,Enfermedad,8,Sí
1628,2023-07-23,1,1,1,3,4,Enfermedad,8,Sí
1629,2023-07-26,1,1,1,3,4,Permiso personal,4,Sí
1630,2023-07-24,2,2,7,25,4,Falta injustificada,8,No
1631,2023-07-07,3,1,4,11,4,Permiso personal,4,Sí
1632,2023-07-15,3,1,4,11,4,Enfermedad,8,Sí
1633,2023-07-06,4,1,1,23,4,Enfermedad,8,Sí
1634,2023-07-16,4,1,1,23,4,Permiso personal,8,Sí
1635,2023-07-29,4,1,1,23,4,Permiso personal,8,Sí
1636,2023-07-26,11,1,1,5,4,Enfermedad,8,Sí
1637,2023-07-06,12,1,5,10,3,Enfermedad,8,Sí
1638,2023-07-10,14,1,4,19,4,Enfermedad,8,Sí
1639,2023-07-30,16,1,1,17,3,Permiso personal,8,Sí
1640,2023-07-14,17,6,15,27,4,Enfermedad,4,Sí
1641,2023-07-30,18,4,11,27,2,Enfermedad,4,Sí
1642,2023-07-20,20,1,2,24,3,Enfermedad,8,Sí
1643,2023-07-16,21,1,3,21,4,Enfermedad,8,Sí
1644,2023-07-27,21,1,3,21,4,Enfermedad,8,Sí
1645,2023-07-30,22,1,5,18,3,Enfermedad,8,Sí
1646,2023-07-15,24,2,7,26,3,Permiso personal,8,Sí
1647,2023-07-23,24,2,7,26,3,Permiso personal,8,Sí
1648,2023-07-27,24,2,7,26,3,Permiso personal,8,Sí
1649,2023-07-03,28,1,1,21,3,Falta injustificada,8,No
1650,2023-07-06,28,1,1,21,3,Permiso personal,8,Sí
1651,2023-07-19,28,1,1,21,3,Enfermedad,8,Sí
1652,2023-07-02,29,1,1,9,4,Enfermedad,8,Sí
1653,2023-07-01,30,2,8,25,4,Enfermedad,8,Sí
1654,2023-07-03,30,2,8,25,4,Permiso personal,8,Sí
1655,2023-07-14,31,1,5,21,2,Enfermedad,8,Sí
1656,2023-07-28,32,1,5,6,3,Enfermedad,4,Sí
1657,2023-07-12,35,1,1,11,4,Enfermedad,8,Sí
1658,2023-07-12,41,1,2,17,4,Enfermedad,4,Sí
1659,2023-07-02,44,1,1,23,3,Enfermedad,8,Sí
1660,2023-07-21,47,1,1,5,4,Permiso personal,4,Sí
1661,2023-07-24,48,1,5,12,3,Permiso personal,4,Sí
1662,2023-07-11,49,1,3,19,3,Enfermedad,8,Sí
1663,2023-07-17,49,1,3,19,3,Enfermedad,4,Sí
1664,2023-07-17,52,1,4,19,2,Falta injustificada,4,No
1665,2023-07-04,54,1,4,19,3,Permiso personal,8,Sí
1666,2023-07-22,57,1,1,23,4,Permiso personal,4,Sí
1667,2023-07-14,58,1,3,10,4,Permiso personal,8,Sí
1668,2023-07-30,59,1,4,7,3,Permiso personal,8,Sí
1669,2023-07-20,61,2,6,26,4,Enfermedad,4,Sí
1670,2023-07-04,65,1,3,20,3,Enfermedad,4,Sí
1671,2023-07-23,65,1,3,20,3,Enfermedad,4,Sí
1672,2023-07-08,66,1,5,7,3,Enfermedad,4,Sí
1673,2023-07-20,66,1,5,7,3,Enfermedad,8,Sí
1674,2023-07-12,67,1,1,2,3,Enfermedad,8,Sí
1675,2023-07-19,67,1,1,2,3,Enfermedad,8,Sí
1676,2023-07-30,67,1,1,2,3,Falta injustificada,4,No
1677,2023-07-05,68,1,2,7,4,Permiso personal,8,Sí
1678,2023-07-11,68,1,2,7,4,Enfermedad,8,Sí
1679,2023-07-18,68,1,2,7,4,Enfermedad,8,Sí
1680,2023-07-12,70,2,6,26,4,Permiso personal,8,Sí
1681,2023-07-04,72,1,1,21,4,Enfermedad,8,Sí
1682,2023-07-07,72,1,1,21,4,Enfermedad,4,Sí
1683,2023-07-05,74,1,1,21,3,Falta injustificada,8,No
1684,2023-07-06,75,1,5,18,3,Enfermedad,8,Sí
1685,2023-07-05,76,1,1,23,3,Enfermedad,8,Sí
1686,2023-07-27,76,1,1,23,3,Enfermedad,8,Sí
1687,2023-07-04,77,2,6,25,4,Permiso personal,4,Sí
1688,2023-07-11,77,2,6,25,4,Enfermedad,8,Sí
1689,2023-07-27,77,2,6,25,4,Enfermedad,4,Sí
1690,2023-07-30,78,3,9,27,4,Permiso personal,8,Sí
1691,2023-07-17,79,1,1,8,3,Falta injustificada,8,No
1692,2023-07-19,81,1,5,7,4,Permiso personal,8,Sí
1693,2023-07-05,84,1,3,9,4,Enfermedad,8,Sí
1694,2023-07-19,85,6,16,27,3,Enfermedad,8,Sí
1695,2023-07-26,85,6,16,27,3,Enfermedad,8,Sí
1696,2023-07-14,86,1,5,14,2,Enfermedad,8,Sí
1697,2023-07-01,87,2,7,26,4,Permiso personal,8,Sí
1698,2023-07-07,87,2,7,26,4,Enfermedad,4,Sí
1699,2023-07-05,88,1,3,19,4,Enfermedad,4,Sí
1700,2023-07-13,88,1,3,19,4,Enfermedad,8,Sí
1701,2023-07-14,88,1,3,19,4,Enfermedad,8,Sí
1702,2023-07-05,89,1,4,19,3,Enfermedad,8,Sí
1703,2023-07-05,90,2,6,26,4,Enfermedad,8,Sí
1704,2023-07-14,90,2,6,26,4,Permiso personal,8,Sí
1705,2023-07-17,91,2,6,26,4,Falta injustificada,4,No
1706,2023-07-18,93,1,4,14,3,Enfermedad,8,Sí
1707,2023-07-06,97,1,3,3,3,Enfermedad,4,Sí
1708,2023-07-04,98,1,3,18,3,Enfermedad,4,Sí
1709,2023-07-23,98,1,3,18,3,Permiso personal,8,Sí
1710,2023-07-24,99,1,2,5,4,Enfermedad,8,Sí
1711,2023-07-25,99,1,2,5,4,Permiso personal,8,Sí
1712,2023-07-09,100,1,4,23,3,Enfermedad,8,Sí
1713,2023-07-08,102,1,1,14,4,Permiso personal,4,Sí
1714,2023-07-21,102,1,1,14,4,Enfermedad,8,Sí
1715,2023-07-29,103,1,2,23,4,Falta injustificada,8,No
1716,2023-07-25,104,4,11,27,3,Enfermedad,4,Sí
1717,2023-07-05,105,1,3,5,3,Enfermedad,8,Sí
1718,2023-07-03,106,1,4,6,4,Enfermedad,4,Sí
1719,2023-07-23,106,1,4,6,4,Enfermedad,8,Sí
1720,2023-07-14,108,1,2,17,4,Falta injustificada,8,No
1721,2023-07-26,110,1,3,8,3,Enfermedad,8,Sí
1722,2023-07-04,112,1,1,9,4,Enfermedad,8,Sí
1723,2023-07-13,116,1,3,19,4,Permiso personal,4,Sí
1724,2023-07-15,116,1,3,19,4,Enfermedad,8,Sí
1725,2023-07-08,117,5,13,27,4,Permiso personal,8,Sí
1726,2023-07-19,117,5,13,27,4,Permiso personal,4,Sí
1727,2023-07-28,117,5,13,27,4,Enfermedad,8,Sí
1728,2023-07-12,119,1,5,4,3,Enfermedad,8,Sí
1729,2023-07-07,121,1,3,20,3,Permiso personal,4,Sí
1730,2023-07-14,121,1,3,20,3,Enfermedad,8,Sí
1731,2023-07-24,121,1,3,20,3,Enfermedad,8,Sí
1732,2023-07-10,122,1,2,21,4,Permiso personal,8,Sí
1733,2023-07-21,122,1,2,21,4,Enfermedad,8,Sí
1734,2023-07-08,124,1,1,15,4,Enfermedad,8,Sí
1735,2023-07-10,128,1,2,2,3,Enfermedad,8,Sí
1736,2023-07-11,128,1,2,2,3,Falta injustificada,8,No
1737,2023-07-16,129,1,1,21,4,Enfermedad,8,Sí
1738,2023-07-22,129,1,1,21,4,Enfermedad,4,Sí
1739,2023-07-27,130,1,5,5,4,Permiso personal,4,Sí
1740,2023-07-04,131,1,5,5,2,Enfermedad,8,Sí
1741,2023-07-21,135,1,4,18,4,Permiso personal,8,Sí
1742,2023-07-23,136,1,2,11,4,Enfermedad,8,Sí
1743,2023-07-13,137,1,1,8,4,Permiso personal,8,Sí
1744,2023-07-08,138,1,4,7,3,Enfermedad,8,Sí
1745,2023-07-27,138,1,4,7,3,Permiso personal,8,Sí
1746,2023-07-10,139,1,5,11,3,Enfermedad,8,Sí
1747,2023-07-24,139,1,5,11,3,Enfermedad,8,Sí
1748,2023-07-06,140,1,1,22,4,Enfermedad,8,Sí
1749,2023-07-16,140,1,1,22,4,Enfermedad,4,Sí
1750,2023-07-08,141,1,1,3,3,Enfermedad,8,Sí
1751,2023-07-15,141,1,1,3,3,Enfermedad,4,Sí
1752,2023-07-18,141,1,1,3,3,Permiso personal,4,Sí
1753,2023-07-03,142,1,2,8,2,Enfermedad,8,Sí
1754,2023-07-15,142,1,2,8,2,Permiso personal,8,Sí
1755,2023-07-18,142,1,2,8,2,Permiso personal,8,Sí
1756,2023-07-22,143,1,5,19,4,Enfermedad,8,Sí
1757,2023-07-14,144,1,3,12,3,Permiso personal,4,Sí
1758,2023-07-29,144,1,3,12,3,Permiso personal,8,Sí
1759,2023-07-05,146,1,1,4,3,Permiso personal,4,Sí
1760,2023-07-31,146,1,1,4,3,Falta injustificada,8,No
1761,2023-07-02,148,1,1,24,3,Permiso personal,8,Sí
1762,2023-07-19,148,1,1,24,3,Permiso personal,4,Sí
1763,2023-07-25,149,1,4,1,4,Permiso personal,8,Sí
1764,2023-07-31,149,1,4,1,4,Enfermedad,8,Sí
1765,2023-07-08,150,1,1,7,4,Enfermedad,8,Sí
1766,2023-07-09,150,1,1,7,4,Permiso personal,8,Sí
1767,2023-07-18,152,1,1,20,3,Enfermedad,8,Sí
1768,2023-07-05,155,2,6,26,4,Enfermedad,8,Sí
1769,2023-07-07,158,1,4,23,2,Permiso personal,8,Sí
1770,2023-07-18,159,1,4,22,3,Permiso personal,8,Sí
1771,2023-07-04,161,1,3,22,4,Permiso personal,8,Sí
1772,2023-07-05,161,1,3,22,4,Enfermedad,8,Sí
1773,2023-07-16,163,1,5,22,4,Enfermedad,8,Sí
1774,2023-07-23,165,1,2,3,3,Enfermedad,8,Sí
1775,2023-07-05,166,1,1,5,4,Enfermedad,8,Sí
1776,2023-07-05,169,1,1,7,3,Permiso personal,8,Sí
1777,2023-07-04,170,1,2,9,4,Falta injustificada,8,No
1778,2023-07-06,171,1,4,4,4,Falta injustificada,8,No
1779,2023-07-31,174,1,2,16,4,Enfermedad,8,Sí
1780,2023-07-09,177,1,1,15,4,Enfermedad,8,Sí
1781,2023-07-11,177,1,1,15,4,Enfermedad,8,Sí
1782,2023-07-25,177,1,1,15,4,Enfermedad,4,Sí
1783,2023-07-21,178,1,5,8,4,Permiso personal,4,Sí
1784,2023-07-01,183,6,15,27,4,Enfermedad,8,Sí
1785,2023-07-04,183,6,15,27,4,Enfermedad,8,Sí
1786,2023-07-29,184,1,1,11,4,Enfermedad,4,Sí
1787,2023-07-28,185,1,1,12,2,Enfermedad,4,Sí
1788,2023-07-29,186,1,1,11,4,Enfermedad,8,Sí
1789,2023-07-13,187,1,3,20,3,Enfermedad,8,Sí
1790,2023-07-06,188,1,4,1,3,Enfermedad,8,Sí
1791,2023-07-21,192,1,1,2,4,Enfermedad,8,Sí
1792,2023-07-29,192,1,1,2,4,Permiso personal,4,Sí
1793,2023-07-30,192,1,1,2,4,Enfermedad,4,Sí
1794,2023-07-06,193,1,4,21,3,Permiso personal,8,Sí
1795,2023-07-15,193,1,4,21,3,Permiso personal,8,Sí
1796,2023-07-04,194,1,1,11,4,Enfermedad,8,Sí
1797,2023-07-05,194,1,1,11,4,Enfermedad,8,Sí
1798,2023-07-20,195,1,2,14,3,Enfermedad,4,Sí
1799,2023-07-16,196,1,3,20,3,Falta injustificada,8,No
1800,2023-07-02,203,4,12,27,2,Enfermedad,8,Sí
1801,2023-07-17,203,4,12,27,2,Enfermedad,8,Sí
1802,2023-07-19,204,1,2,19,3,Permiso personal,4,Sí
1803,2023-07-07,206,2,6,26,4,Enfermedad,8,Sí
1804,2023-07-08,207,1,1,3,4,Enfermedad,8,Sí
1805,2023-07-26,208,2,6,25,4,Enfermedad,4,Sí
1806,2023-07-02,210,1,1,22,2,Enfermedad,8,Sí
1807,2023-07-09,213,1,4,14,4,Permiso personal,4,Sí
1808,2023-07-27,217,1,5,9,2,Permiso personal,8,Sí
1809,2023-07-03,218,1,1,3,2,Enfermedad,4,Sí
1810,2023-07-05,218,1,1,3,2,Permiso personal,8,Sí
1811,2023-07-02,219,1,2,3,4,Enfermedad,8,Sí
1812,2023-07-21,220,1,2,9,3,Enfermedad,8,Sí
1813,2023-07-27,221,1,2,11,3,Enfermedad,8,Sí
1814,2023-07-30,221,1,2,11,3,Enfermedad,8,Sí
1815,2023-07-19,224,5,14,27,3,Enfermedad,8,Sí
1816,2023-07-24,224,5,14,27,3,Enfermedad,8,Sí
1817,2023-07-15,227,1,1,9,3,Enfermedad,8,Sí
1818,2023-07-05,228,1,5,8,4,Permiso personal,8,Sí
1819,2023-07-03,230,1,3,17,4,Permiso personal,8,Sí
1820,2023-07-14,230,1,3,17,4,Enfermedad,8,Sí
1821,2023-07-21,230,1,3,17,4,Enfermedad,8,Sí
1822,2023-07-25,230,1,3,17,4,Enfermedad,8,Sí
1823,2023-07-27,231,1,2,9,3,Permiso personal,8,Sí
1824,2023-07-28,233,2,6,25,3,Enfermedad,8,Sí
1825,2023-07-06,235,1,3,17,3,Enfermedad,8,Sí
1826,2023-07-09,235,1,3,17,3,Enfermedad,4,Sí
1827,2023-07-01,236,1,1,2,4,Enfermedad,8,Sí
1828,2023-07-13,236,1,1,2,4,Permiso personal,8,Sí
1829,2023-07-12,238,1,1,12,4,Enfermedad,8,Sí
1830,2023-07-10,246,1,3,19,3,Enfermedad,8,Sí
1831,2023-07-08,247,1,5,17,4,Enfermedad,8,Sí
1832,2023-07-18,247,1,5,17,4,Enfermedad,4,Sí
1833,2023-07-01,250,1,1,22,4,Falta injustificada,8,No
1834,2023-07-18,250,1,1,22,4,Permiso personal,8,Sí
1835,2023-07-09,252,1,2,21,3,Enfermedad,8,Sí
1836,2023-07-04,253,1,2,10,4,Permiso personal,8,Sí
1837,2023-07-08,255,1,1,21,4,Enfermedad,8,Sí
1838,2023-07-23,256,1,4,21,4,Enfermedad,8,Sí
1839,2023-07-29,256,1,4,21,4,Falta injustificada,8,No
1840,2023-07-31,258,1,4,23,4,Permiso personal,8,Sí
1841,2023-07-11,259,1,3,8,4,Enfermedad,4,Sí
1842,2023-07-18,261,1,5,23,4,Falta injustificada,8,No
1843,2023-07-09,263,1,3,12,4,Enfermedad,8,Sí
1844,2023-07-16,263,1,3,12,4,Enfermedad,8,Sí
1845,2023-07-12,264,1,2,17,3,Enfermedad,4,Sí
1846,2023-07-20,265,1,2,4,4,Permiso personal,8,Sí
1847,2023-07-02,268,1,5,10,4,Enfermedad,8,Sí
1848,2023-07-13,269,1,1,8,3,Enfermedad,8,Sí
1849,2023-07-07,270,1,3,18,4,Enfermedad,8,Sí
1850,2023-07-29,270,1,3,18,4,Enfermedad,8,Sí
1851,2023-07-30,273,1,3,15,4,Enfermedad,8,Sí
1852,2023-07-11,275,1,4,15,4,Enfermedad,4,Sí
1853,2023-07-05,279,1,4,10,3,Enfermedad,8,Sí
1854,2023-07-06,280,1,4,13,2,Permiso personal,8,Sí
1855,2023-07-30,282,1,1,20,3,Falta injustificada,4,No
1856,2023-07-10,283,1,5,12,3,Enfermedad,8,Sí
1857,2023-07-28,283,1,5,12,3,Enfermedad,8,Sí
1858,2023-07-08,285,5,14,27,2,Permiso personal,8,Sí
1859,2023-07-17,286,1,2,12,3,Enfermedad,4,Sí
1860,2023-07-07,289,1,3,1,3,Falta injustificada,4,No
1861,2023-07-09,290,1,3,3,3,Enfermedad,8,Sí
1862,2023-07-26,292,2,6,26,4,Falta injustificada,8,No
1863,2023-07-15,299,2,6,25,3,Enfermedad,4,Sí
1864,2023-07-18,299,2,6,25,3,Permiso personal,8,Sí
1865,2023-07-07,300,5,13,27,3,Enfermedad,8,Sí
1866,2023-07-31,301,1,5,1,4,Enfermedad,8,Sí
1867,2023-07-28,303,1,1,24,2,Permiso personal,4,Sí
1868,2023-07-31,304,1,3,7,4,Enfermedad,4,Sí
1869,2023-07-09,309,1,4,9,4,Enfermedad,8,Sí
1870,2023-07-16,312,1,1,21,4,Falta injustificada,8,No
1871,2023-07-08,313,1,3,24,3,Enfermedad,8,Sí
1872,2023-07-01,317,1,1,18,3,Enfermedad,4,Sí
1873,2023-07-07,317,1,1,18,3,Permiso personal,8,Sí
1874,2023-07-08,317,1,1,18,3,Permiso personal,8,Sí
1875,2023-07-21,319,1,1,8,2,Permiso personal,4,Sí
1876,2023-07-20,320,1,4,10,3,Enfermedad,8,Sí
1877,2023-07-25,322,6,16,27,2,Enfermedad,8,Sí
1878,2023-07-03,323,2,6,26,4,Enfermedad,8,Sí
1879,2023-07-18,323,2,6,26,4,Permiso personal,8,Sí
1880,2023-07-02,326,1,1,15,4,Enfermedad,4,Sí
1881,2023-07-27,326,1,1,15,4,Enfermedad,8,Sí
1882,2023-07-20,327,3,9,27,3,Enfermedad,4,Sí
1883,2023-07-04,328,1,2,19,3,Permiso personal,8,Sí
1884,2023-07-13,328,1,2,19,3,Enfermedad,8,Sí
1885,2023-07-06,332,1,5,23,4,Enfermedad,8,Sí
1886,2023-07-22,332,1,5,23,4,Permiso personal,8,Sí
1887,2023-07-02,333,5,14,27,4,Permiso personal,8,Sí
1888,2023-07-01,334,1,1,11,2,Permiso personal,4,Sí
1889,2023-07-04,335,1,5,23,3,Permiso personal,4,Sí
1890,2023-07-05,336,1,1,8,4,Permiso personal,8,Sí
1891,2023-07-18,338,2,6,26,4,Enfermedad,8,Sí
1892,2023-07-13,339,1,1,11,3,Falta injustificada,4,No
1893,2023-07-07,340,5,13,27,4,Falta injustificada,8,No
1894,2023-07-15,340,5,13,27,4,Enfermedad,8,Sí
1895,2023-07-14,342,1,1,23,3,Permiso personal,8,Sí
1896,2023-07-11,343,1,1,15,3,Enfermedad,8,Sí
1897,2023-07-28,345,1,2,7,4,Falta injustificada,8,No
1898,2023-07-29,346,1,5,14,4,Permiso personal,8,Sí
1899,2023-07-23,347,1,5,10,2,Enfermedad,8,Sí
1900,2023-07-26,350,1,5,23,3,Enfermedad,4,Sí
1901,2023-07-04,355,1,5,2,1,Permiso personal,4,Sí
1902,2023-07-04,376,3,10,27,2,Permiso personal,8,Sí
1903,2023-07-15,376,3,10,27,2,Enfermedad,8,Sí
1904,2023-07-20,376,3,10,27,2,Permiso personal,8,Sí
1905,2023-07-26,378,1,1,17,2,Permiso personal,8,Sí
1906,2023-07-21,397,1,3,7,2,Enfermedad,8,Sí
1907,2023-07-02,422,1,1,14,2,Permiso personal,8,Sí
1908,2023-07-21,422,1,1,14,2,Permiso personal,8,Sí
1909,2023-07-29,428,1,2,15,2,Falta injustificada,8,No
1910,2023-07-06,440,2,6,25,1,Enfermedad,8,Sí
1911,2023-07-22,457,1,5,9,2,Permiso personal,4,Sí
1912,2023-07-30,486,1,4,18,1,Enfermedad,8,Sí
1913,2023-07-04,496,1,5,5,1,Enfermedad,8,Sí
1914,2023-07-10,510,5,14,27,2,Permiso personal,8,Sí
1915,2023-07-10,519,1,5,8,1,Enfermedad,8,Sí
1916,2023-07-06,546,1,1,11,2,Falta injustificada,8,No
1917,2023-07-30,546,1,1,11,2,Enfermedad,4,Sí
1918,2023-07-10,547,1,2,8,2,Enfermedad,8,Sí
1919,2023-07-19,547,1,2,8,2,Enfermedad,8,Sí
1920,2023-07-05,553,1,4,3,1,Permiso personal,8,Sí
1921,2023-07-06,559,1,1,21,2,Enfermedad,8,Sí
1922,2023-07-09,581,1,2,14,1,Enfermedad,8,Sí
1923,2023-07-30,589,1,1,4,1,Permiso personal,8,Sí
1924,2023-07-31,589,1,1,4,1,Enfermedad,8,Sí
1925,2023-07-16,590,1,1,2,1,Falta injustificada,8,No
1926,2023-07-24,590,1,1,2,1,Enfermedad,8,Sí
1927,2023-07-30,613,1,2,5,2,Enfermedad,8,Sí
1928,2023-07-17,626,2,6,25,2,Enfermedad,8,Sí
1929,2023-07-07,632,5,14,27,2,Enfermedad,8,Sí
1930,2023-07-08,648,1,5,12,1,Enfermedad,8,Sí
1931,2023-07-21,648,1,5,12,1,Enfermedad,4,Sí
1932,2023-07-13,651,1,4,10,1,Enfermedad,8,Sí
1933,2023-07-04,658,1,5,1,2,Enfermedad,8,Sí
1934,2023-07-20,658,1,5,1,2,Permiso personal,8,Sí
1935,2023-07-26,658,1,5,1,2,Permiso personal,8,Sí
1936,2023-07-07,668,1,1,19,2,Enfermedad,8,Sí
1937,2023-07-21,668,1,1,19,2,Enfermedad,4,Sí
1938,2023-07-10,681,1,1,9,1,Permiso personal,8,Sí
1939,2023-07-02,696,1,2,1,1,Enfermedad,4,Sí
1940,2023-07-20,696,1,2,1,1,Enfermedad,8,Sí
1941,2023-07-14,697,2,6,25,1,Permiso personal,8,Sí
1942,2023-07-25,707,1,5,22,2,Enfermedad,8,Sí
1943,2023-07-29,708,4,12,27,2,Enfermedad,8,Sí
1944,2023-07-21,720,2,7,25,1,Enfermedad,8,Sí
1945,2023-07-14,723,1,1,24,2,Enfermedad,4,Sí
1946,2023-07-17,723,1,1,24,2,Permiso personal,8,Sí
1947,2023-07-28,723,1,1,24,2,Falta injustificada,8,No
1948,2023-07-26,733,1,3,20,2,Permiso personal,8,Sí
1949,2023-07-30,765,2,7,26,2,Enfermedad,8,Sí
1950,2023-07-12,768,1,1,18,1,Enfermedad,8,Sí
1951,2023-07-15,775,3,10,27,1,Enfermedad,8,Sí
1952,2023-07-23,787,1,5,18,2,Enfermedad,8,Sí
1953,2023-07-15,792,1,2,16,2,Enfermedad,8,Sí
1954,2023-07-23,792,1,2,16,2,Permiso personal,8,Sí
1955,2023-07-11,810,1,5,9,2,Permiso personal,8,Sí
1956,2023-07-15,810,1,5,9,2,Enfermedad,8,Sí
1957,2023-07-02,821,2,7,26,1,Enfermedad,8,Sí
1958,2023-07-17,821,2,7,26,1,Permiso personal,8,Sí
1959,2023-07-18,824,1,1,11,2,Enfermedad,8,Sí
1960,2023-07-11,838,1,1,6,2,Enfermedad,8,Sí
1961,2023-07-11,849,1,5,2,1,Permiso personal,8,Sí
1962,2023-07-31,854,1,1,7,1,Enfermedad,8,Sí
1963,2023-07-31,869,1,1,20,1,Permiso personal,8,Sí
1964,2023-07-21,872,2,6,25,1,Enfermedad,4,Sí
1965,2023-07-16,883,1,2,18,1,Enfermedad,8,Sí
1966,2023-07-30,883,1,2,18,1,Permiso personal,8,Sí
1967,2023-07-31,883,1,2,18,1,Falta injustificada,8,No
1968,2023-07-10,885,1,1,20,2,Enfermedad,8,Sí
1969,2023-07-01,887,1,2,10,1,Permiso personal,8,Sí
1970,2023-07-18,887,1,2,10,1,Enfermedad,8,Sí
1971,2023-07-22,887,1,2,10,1,Permiso personal,8,Sí
1972,2023-07-02,890,1,4,22,2,Permiso personal,8,Sí
1973,2023-07-05,890,1,4,22,2,Falta injustificada,8,No
1974,2023-07-29,890,1,4,22,2,Enfermedad,8,Sí
1975,2023-07-05,895,1,3,15,2,Enfermedad,4,Sí
1976,2023-08-06,1,1,1,3,4,Falta injustificada,8,No
1977,2023-08-27,2,2,7,25,4,Enfermedad,8,Sí
1978,2023-08-28,2,2,7,25,4,Enfermedad,8,Sí
1979,2023-08-26,3,1,4,11,4,Falta injustificada,8,No
1980,2023-08-03,4,1,1,23,4,Enfermedad,4,Sí
1981,2023-08-07,9,1,1,11,4,Falta injustificada,8,No
1982,2023-08-13,9,1,1,11,4,Falta injustificada,8,No
1983,2023-08-15,13,1,5,8,2,Permiso personal,8,Sí
1984,2023-08-18,13,1,5,8,2,Enfermedad,4,Sí
1985,2023-08-22,16,1,1,17,3,Permiso personal,4,Sí
1986,2023-08-27,16,1,1,17,3,Enfermedad,8,Sí
1987,2023-08-04,17,6,15,27,4,Enfermedad,8,Sí
1988,2023-08-24,17,6,15,27,4,Permiso personal,8,Sí
1989,2023-08-26,17,6,15,27,4,Enfermedad,8,Sí
1990,2023-08-02,18,4,11,27,2,Enfermedad,8,Sí
1991,2023-08-27,18,4,11,27,2,Enfermedad,8,Sí
1992,2023-08-28,20,1,2,24,3,Permiso personal,8,Sí
1993,2023-08-31,21,1,3,21,4,Enfermedad,8,Sí
1994,2023-08-19,22,1,5,18,3,Enfermedad,8,Sí
1995,2023-08-11,25,1,3,11,4,Enfermedad,4,Sí
1996,2023-08-29,26,1,1,14,4,Permiso personal,8,Sí
1997,2023-08-29,27,1,4,22,4,Enfermedad,8,Sí
1998,2023-08-19,30,2,8,25,4,Permiso personal,8,Sí
1999,2023-08-12,31,1,5,21,2,Permiso personal,8,Sí
2000,2023-08-02,34,1,1,20,3,Enfermedad,8,Sí
2001,2023-08-04,34,1,1,20,3,Enfermedad,8,Sí
2002,2023-08-01,35,1,1,11,4,Permiso personal,4,Sí
2003,2023-08-22,37,3,9,27,4,Enfermedad,8,Sí
2004,2023-08-06,38,1,3,22,4,Permiso personal,8,Sí
2005,2023-08-18,44,1,1,23,3,Falta injustificada,4,No
2006,2023-08-18,47,1,1,5,4,Enfermedad,8,Sí
2007,2023-08-29,48,1,5,12,3,Enfermedad,8,Sí
2008,2023-08-09,49,1,3,19,3,Enfermedad,8,Sí
2009,2023-08-05,50,2,7,26,4,Falta injustificada,8,No
2010,2023-08-16,50,2,7,26,4,Enfermedad,8,Sí
2011,2023-08-05,51,1,2,11,3,Enfermedad,4,Sí
2012,2023-08-15,51,1,2,11,3,Enfermedad,8,Sí
2013,2023-08-17,53,1,5,11,3,Enfermedad,8,Sí
2014,2023-08-18,54,1,4,19,4,Permiso personal,8,Sí
2015,2023-08-29,54,1,4,19,4,Falta injustificada,8,No
2016,2023-08-16,56,1,3,17,4,Enfermedad,8,Sí
2017,2023-08-20,56,1,3,17,4,Falta injustificada,8,No
2018,2023-08-23,56,1,3,17,4,Permiso personal,8,Sí
2019,2023-08-01,57,1,1,23,4,Enfermedad,4,Sí
2020,2023-08-19,57,1,1,23,4,Falta injustificada,8,No
2021,2023-08-01,61,2,6,26,4,Permiso personal,8,Sí
2022,2023-08-08,61,2,6,26,4,Enfermedad,8,Sí
2023,2023-08-10,63,1,2,14,3,Enfermedad,4,Sí
2024,2023-08-12,65,1,3,20,3,Enfermedad,4,Sí
2025,2023-08-22,65,1,3,20,3,Permiso personal,8,Sí
2026,2023-08-01,70,2,6,26,4,Permiso personal,8,Sí
2027,2023-08-05,75,1,5,18,3,Enfermedad,8,Sí
2028,2023-08-24,76,1,1,23,3,Permiso personal,8,Sí
2029,2023-08-01,77,2,6,25,4,Permiso personal,8,Sí
2030,2023-08-04,80,1,3,12,4,Enfermedad,8,Sí
2031,2023-08-27,81,1,5,7,4,Enfermedad,8,Sí
2032,2023-08-04,83,1,1,21,2,Enfermedad,8,Sí
2033,2023-08-02,85,6,16,27,3,Enfermedad,8,Sí
2034,2023-08-14,86,1,5,14,2,Enfermedad,8,Sí
2035,2023-08-17,89,1,4,19,3,Permiso personal,8,Sí
2036,2023-08-27,91,2,6,26,4,Enfermedad,8,Sí
2037,2023-08-29,92,6,15,27,4,Enfermedad,8,Sí
2038,2023-08-06,93,1,4,14,3,Enfermedad,8,Sí
2039,2023-08-22,93,1,4,14,3,Permiso personal,8,Sí
2040,2023-08-13,95,1,2,11,4,Falta injustificada,8,No
2041,2023-08-01,97,1,3,3,3,Enfermedad,8,Sí
2042,2023-08-03,97,1,3,3,3,Permiso personal,8,Sí
2043,2023-08-10,98,1,3,18,3,Enfermedad,8,Sí
2044,2023-08-07,100,1,4,23,3,Enfermedad,8,Sí
2045,2023-08-31,103,1,2,23,4,Permiso personal,8,Sí
2046,2023-08-28,104,4,11,27,3,Enfermedad,8,Sí
2047,2023-08-16,105,1,3,5,3,Enfermedad,4,Sí
2048,2023-08-20,106,1,4,6,4,Permiso personal,8,Sí
2049,2023-08-23,106,1,4,6,4,Enfermedad,8,Sí
2050,2023-08-29,106,1,4,6,4,Enfermedad,4,Sí
2051,2023-08-20,109,1,1,8,4,Falta injustificada,8,No
2052,2023-08-30,109,1,1,8,4,Enfermedad,8,Sí
2053,2023-08-16,110,1,3,8,3,Permiso personal,8,Sí
2054,2023-08-16,111,1,3,14,4,Enfermedad,8,Sí
2055,2023-08-16,112,1,1,9,4,Permiso personal,8,Sí
2056,2023-08-22,118,1,4,15,2,Enfermedad,8,Sí
2057,2023-08-30,118,1,4,15,2,Falta injustificada,8,No
2058,2023-08-14,121,1,3,20,3,Enfermedad,8,Sí
2059,2023-08-18,121,1,3,20,3,Enfermedad,8,Sí
2060,2023-08-06,123,1,4,17,4,Enfermedad,8,Sí
2061,2023-08-23,123,1,4,17,4,Enfermedad,8,Sí
2062,2023-08-25,124,1,1,15,4,Permiso personal,8,Sí
2063,2023-08-07,129,1,1,21,4,Permiso personal,8,Sí
2064,2023-08-26,129,1,1,21,4,Enfermedad,4,Sí
2065,2023-08-13,136,1,2,11,4,Permiso personal,8,Sí
2066,2023-08-24,138,1,4,7,3,Enfermedad,8,Sí
2067,2023-08-09,139,1,5,11,3,Enfermedad,8,Sí
2068,2023-08-30,140,1,1,22,4,Permiso personal,4,Sí
2069,2023-08-14,142,1,2,8,2,Permiso personal,8,Sí
2070,2023-08-24,143,1,5,19,4,Enfermedad,8,Sí
2071,2023-08-05,145,1,2,1,4,Enfermedad,8,Sí
2072,2023-08-25,145,1,2,1,4,Permiso personal,4,Sí
2073,2023-08-14,146,1,1,4,4,Enfermedad,8,Sí
2074,2023-08-13,150,1,1,7,4,Enfermedad,8,Sí
2075,2023-08-15,159,1,4,22,3,Permiso personal,8,Sí
2076,2023-08-29,160,1,3,19,4,Enfermedad,8,Sí
2077,2023-08-07,161,1,3,22,4,Enfermedad,8,Sí
2078,2023-08-20,161,1,3,22,4,Enfermedad,8,Sí
2079,2023-08-15,163,1,5,22,4,Enfermedad,8,Sí
2080,2023-08-15,167,1,3,22,4,Enfermedad,4,Sí
2081,2023-08-27,169,1,1,7,3,Permiso personal,8,Sí
2082,2023-08-20,171,1,4,4,4,Permiso personal,4,Sí
2083,2023-08-12,172,2,6,26,3,Enfermedad,8,Sí
2084,2023-08-18,172,2,6,26,3,Enfermedad,4,Sí
2085,2023-08-12,176,1,1,6,3,Permiso personal,8,Sí
2086,2023-08-19,176,1,1,6,3,Enfermedad,8,Sí
2087,2023-08-08,177,1,1,15,4,Permiso personal,4,Sí
2088,2023-08-27,182,1,1,23,4,Permiso personal,8,Sí
2089,2023-08-20,183,6,15,27,4,Enfermedad,8,Sí
2090,2023-08-26,183,6,15,27,4,Falta injustificada,8,No
2091,2023-08-24,186,1,1,11,4,Falta injustificada,4,No
2092,2023-08-03,188,1,4,1,3,Falta injustificada,8,No
2093,2023-08-30,188,1,4,1,3,Enfermedad,4,Sí
2094,2023-08-24,189,1,4,2,4,Enfermedad,4,Sí
2095,2023-08-05,190,6,16,27,3,Enfermedad,4,Sí
2096,2023-08-12,191,1,3,7,4,Permiso personal,4,Sí
2097,2023-08-21,192,1,1,2,4,Enfermedad,8,Sí
2098,2023-08-13,193,1,4,21,3,Permiso personal,4,Sí
2099,2023-08-19,194,1,1,11,4,Permiso personal,8,Sí
2100,2023-08-22,194,1,1,11,4,Enfermedad,8,Sí
2101,2023-08-23,196,1,3,20,3,Enfermedad,4,Sí
2102,2023-08-26,198,1,1,23,3,Permiso personal,8,Sí
2103,2023-08-12,200,1,1,12,4,Enfermedad,4,Sí
2104,2023-08-26,207,1,1,3,4,Enfermedad,8,Sí
2105,2023-08-07,209,1,5,15,2,Enfermedad,8,Sí
2106,2023-08-20,214,1,4,4,4,Enfermedad,8,Sí
2107,2023-08-25,216,1,4,20,2,Enfermedad,8,Sí
2108,2023-08-09,218,1,1,3,2,Enfermedad,8,Sí
2109,2023-08-14,218,1,1,3,2,Enfermedad,8,Sí
2110,2023-08-20,218,1,1,3,2,Enfermedad,8,Sí
2111,2023-08-13,221,1,2,11,3,Enfermedad,8,Sí
2112,2023-08-30,221,1,2,11,3,Enfermedad,8,Sí
2113,2023-08-24,222,1,2,4,4,Permiso personal,8,Sí
2114,2023-08-29,222,1,2,4,4,Enfermedad,4,Sí
2115,2023-08-01,226,1,1,23,3,Enfermedad,4,Sí
2116,2023-08-18,227,1,1,9,3,Enfermedad,4,Sí
2117,2023-08-12,229,2,8,25,3,Enfermedad,4,Sí
2118,2023-08-31,230,1,3,17,4,Enfermedad,4,Sí
2119,2023-08-07,238,1,1,12,4,Enfermedad,8,Sí
2120,2023-08-04,241,1,1,14,2,Permiso personal,8,Sí
2121,2023-08-19,242,1,1,2,4,Enfermedad,8,Sí
2122,2023-08-01,243,1,5,12,4,Permiso personal,4,Sí
2123,2023-08-08,245,1,1,5,3,Enfermedad,4,Sí
2124,2023-08-07,246,1,3,19,3,Enfermedad,8,Sí
2125,2023-08-05,248,1,4,2,4,Enfermedad,8,Sí
2126,2023-08-31,250,1,1,22,4,Permiso personal,4,Sí
2127,2023-08-07,253,1,2,10,4,Permiso personal,4,Sí
2128,2023-08-20,255,1,1,21,4,Enfermedad,4,Sí
2129,2023-08-26,255,1,1,21,4,Permiso personal,4,Sí
2130,2023-08-17,258,1,4,23,4,Enfermedad,8,Sí
2131,2023-08-02,259,1,3,8,4,Enfermedad,8,Sí
2132,2023-08-07,261,1,5,23,4,Permiso personal,8,Sí
2133,2023-08-20,261,1,5,23,4,Enfermedad,8,Sí
2134,2023-08-28,261,1,5,23,4,Enfermedad,8,Sí
2135,2023-08-12,262,1,2,14,4,Enfermedad,8,Sí
2136,2023-08-19,262,1,2,14,4,Enfermedad,8,Sí
2137,2023-08-01,265,1,2,4,4,Permiso personal,8,Sí
2138,2023-08-14,265,1,2,4,4,Permiso personal,8,Sí
2139,2023-08-29,265,1,2,4,4,Enfermedad,8,Sí
2140,2023-08-01,266,1,2,18,4,Enfermedad,4,Sí
2141,2023-08-09,266,1,2,18,4,Enfermedad,8,Sí
2142,2023-08-27,267,1,5,13,4,Permiso personal,4,Sí
2143,2023-08-29,267,1,5,13,4,Enfermedad,8,Sí
2144,2023-08-21,269,1,1,8,3,Permiso personal,8,Sí
2145,2023-08-09,273,1,3,15,4,Enfermedad,8,Sí
2146,2023-08-20,273,1,3,15,4,Enfermedad,4,Sí
2147,2023-08-21,274,1,5,19,4,Enfermedad,8,Sí
2148,2023-08-14,275,1,4,15,4,Enfermedad,8,Sí
2149,2023-08-17,276,1,2,24,3,Permiso personal,8,Sí
2150,2023-08-17,278,1,1,5,3,Falta injustificada,8,No
2151,2023-08-18,278,1,1,5,3,Enfermedad,8,Sí
2152,2023-08-23,279,1,4,10,3,Enfermedad,4,Sí
2153,2023-08-30,279,1,4,10,3,Permiso personal,8,Sí
2154,2023-08-07,281,1,1,17,3,Permiso personal,4,Sí
2155,2023-08-06,282,1,1,20,3,Enfermedad,4,Sí
2156,2023-08-13,282,1,1,20,3,Permiso personal,8,Sí
2157,2023-08-04,283,1,5,12,3,Permiso personal,8,Sí
2158,2023-08-20,284,1,2,5,4,Enfermedad,8,Sí
2159,2023-08-02,285,5,14,27,2,Permiso personal,8,Sí
2160,2023-08-23,285,5,14,27,2,Enfermedad,8,Sí
2161,2023-08-22,286,1,2,12,3,Enfermedad,8,Sí
2162,2023-08-15,289,1,3,1,3,Enfermedad,8,Sí
2163,2023-08-21,289,1,3,1,3,Enfermedad,8,Sí
2164,2023-08-29,289,1,3,1,3,Enfermedad,8,Sí
2165,2023-08-07,290,1,3,3,3,Enfermedad,8,Sí
2166,2023-08-19,290,1,3,3,3,Enfermedad,8,Sí
2167,2023-08-18,291,1,2,2,4,Permiso personal,8,Sí
2168,2023-08-25,291,1,2,2,4,Enfermedad,4,Sí
2169,2023-08-09,292,2,6,26,4,Permiso personal,8,Sí
2170,2023-08-02,293,1,1,23,3,Permiso personal,4,Sí
2171,2023-08-06,294,1,1,1,2,Enfermedad,8,Sí
2172,2023-08-08,295,1,5,18,4,Enfermedad,8,Sí
2173,2023-08-17,297,1,5,5,4,Enfermedad,8,Sí
2174,2023-08-25,297,1,5,5,4,Permiso personal,4,Sí
2175,2023-08-16,299,2,6,25,3,Permiso personal,8,Sí
2176,2023-08-25,300,5,13,27,3,Enfermedad,4,Sí
2177,2023-08-07,303,1,1,24,2,Enfermedad,8,Sí
2178,2023-08-08,306,1,4,4,3,Enfermedad,8,Sí
2179,2023-08-12,306,1,4,4,3,Enfermedad,8,Sí
2180,2023-08-25,312,1,1,21,4,Permiso personal,4,Sí
2181,2023-08-22,314,2,7,25,3,Enfermedad,8,Sí
2182,2023-08-28,315,1,1,14,4,Enfermedad,4,Sí
2183,2023-08-18,317,1,1,18,3,Enfermedad,8,Sí
2184,2023-08-02,319,1,1,8,2,Enfermedad,8,Sí
2185,2023-08-22,320,1,4,10,3,Permiso personal,8,Sí
2186,2023-08-01,321,6,16,27,3,Falta injustificada,8,No
2187,2023-08-13,324,1,1,15,4,Falta injustificada,4,No
2188,2023-08-13,326,1,1,15,4,Enfermedad,8,Sí
2189,2023-08-22,328,1,2,19,3,Enfermedad,8,Sí
2190,2023-08-21,331,1,1,4,4,Falta injustificada,8,No
2191,2023-08-04,333,5,14,27,4,Enfermedad,4,Sí
2192,2023-08-30,333,5,14,27,4,Permiso personal,4,Sí
2193,2023-08-18,338,2,6,26,4,Enfermedad,8,Sí
2194,2023-08-20,338,2,6,26,4,Enfermedad,8,Sí
2195,2023-08-25,338,2,6,26,4,Enfermedad,4,Sí
2196,2023-08-03,339,1,1,11,3,Enfermedad,8,Sí
2197,2023-08-10,339,1,1,11,3,Enfermedad,8,Sí
2198,2023-08-11,339,1,1,11,3,Falta injustificada,8,No
2199,2023-08-31,343,1,1,15,3,Enfermedad,4,Sí
2200,2023-08-05,344,1,1,24,4,Enfermedad,8,Sí
2201,2023-08-28,344,1,1,24,4,Permiso personal,8,Sí
2202,2023-08-01,345,1,2,7,4,Enfermedad,8,Sí
2203,2023-08-12,346,1,5,14,4,Enfermedad,8,Sí
2204,2023-08-21,346,1,5,14,4,Permiso personal,8,Sí
2205,2023-08-08,348,1,4,13,4,Enfermedad,8,Sí
2206,2023-08-25,355,1,5,2,1,Enfermedad,8,Sí
2207,2023-08-21,360,1,2,23,2,Permiso personal,4,Sí
2208,2023-08-01,376,3,10,27,2,Enfermedad,4,Sí
2209,2023-08-08,378,1,1,17,2,Enfermedad,8,Sí
2210,2023-08-01,397,1,3,7,2,Falta injustificada,4,No
2211,2023-08-24,397,1,3,7,2,Enfermedad,4,Sí
2212,2023-08-07,412,3,10,27,1,Enfermedad,4,Sí
2213,2023-08-25,422,1,1,14,2,Falta injustificada,4,No
2214,2023-08-16,440,2,6,25,1,Enfermedad,8,Sí
2215,2023-08-02,446,1,4,2,1,Permiso personal,8,Sí
2216,2023-08-12,446,1,4,2,1,Permiso personal,8,Sí
2217,2023-08-14,479,1,1,5,1,Enfermedad,8,Sí
2218,2023-08-19,479,1,1,5,1,Enfermedad,4,Sí
2219,2023-08-24,490,3,10,27,2,Falta injustificada,8,No
2220,2023-08-09,510,5,14,27,2,Falta injustificada,8,No
2221,2023-08-14,519,1,5,8,2,Enfermedad,8,Sí
2222,2023-08-28,519,1,5,8,2,Permiso personal,4,Sí
2223,2023-08-11,523,1,1,9,2,Enfermedad,8,Sí
2224,2023-08-18,523,1,1,9,2,Enfermedad,8,Sí
2225,2023-08-26,523,1,1,9,2,Enfermedad,8,Sí
2226,2023-08-16,536,1,1,21,2,Enfermedad,8,Sí
2227,2023-08-21,547,1,2,8,2,Permiso personal,4,Sí
2228,2023-08-27,547,1,2,8,2,Enfermedad,8,Sí
2229,2023-08-28,547,1,2,8,2,Enfermedad,8,Sí
2230,2023-08-31,553,1,4,3,2,Falta injustificada,4,No
2231,2023-08-07,559,1,1,21,2,Enfermedad,4,Sí
2232,2023-08-10,566,6,15,27,2,Falta injustificada,8,No
2233,2023-08-16,567,1,3,12,1,Enfermedad,4,Sí
2234,2023-08-05,572,1,5,23,2,Enfermedad,8,Sí
2235,2023-08-04,579,1,1,2,2,Permiso personal,4,Sí
2236,2023-08-18,579,1,1,2,2,Enfermedad,8,Sí
2237,2023-08-10,586,1,1,23,1,Enfermedad,8,Sí
2238,2023-08-05,589,1,1,4,2,Enfermedad,8,Sí
2239,2023-08-19,590,1,1,2,2,Enfermedad,4,Sí
2240,2023-08-05,605,1,4,16,1,Enfermedad,8,Sí
2241,2023-08-26,626,2,6,25,2,Enfermedad,4,Sí
2242,2023-08-23,658,1,5,1,2,Enfermedad,4,Sí
2243,2023-08-05,697,2,6,25,1,Enfermedad,4,Sí
2244,2023-08-23,697,2,6,25,1,Enfermedad,4,Sí
2245,2023-08-14,717,2,7,25,2,Falta injustificada,4,No
2246,2023-08-18,717,2,7,25,2,Enfermedad,8,Sí
2247,2023-08-27,717,2,7,25,2,Enfermedad,4,Sí
2248,2023-08-17,733,1,3,20,2,Enfermedad,4,Sí
2249,2023-08-17,735,4,12,27,1,Permiso personal,4,Sí
2250,2023-08-29,765,2,7,26,2,Enfermedad,4,Sí
2251,2023-08-13,780,1,1,8,2,Falta injustificada,8,No
2252,2023-08-11,787,1,5,18,2,Enfermedad,8,Sí
2253,2023-08-20,787,1,5,18,2,Enfermedad,8,Sí
2254,2023-08-02,792,1,2,16,2,Enfermedad,8,Sí
2255,2023-08-14,792,1,2,16,2,Permiso personal,8,Sí
2256,2023-08-21,792,1,2,16,2,Enfermedad,8,Sí
2257,2023-08-28,792,1,2,16,2,Enfermedad,8,Sí
2258,2023-08-02,810,1,5,9,2,Permiso personal,4,Sí
2259,2023-08-02,812,1,4,4,2,Enfermedad,8,Sí
2260,2023-08-29,812,1,4,4,2,Permiso personal,8,Sí
2261,2023-08-14,836,5,13,27,2,Enfermedad,8,Sí
2262,2023-08-24,838,1,1,6,2,Enfermedad,4,Sí
2263,2023-08-08,849,1,5,2,2,Permiso personal,8,Sí
2264,2023-08-19,849,1,5,2,2,Enfermedad,8,Sí
2265,2023-08-21,849,1,5,2,2,Enfermedad,4,Sí
2266,2023-08-09,852,1,2,18,2,Enfermedad,8,Sí
2267,2023-08-25,852,1,2,18,2,Enfermedad,8,Sí
2268,2023-08-04,853,1,1,11,2,Falta injustificada,8,No
2269,2023-08-14,853,1,1,11,2,Permiso personal,8,Sí
2270,2023-08-15,853,1,1,11,2,Enfermedad,8,Sí
2271,2023-08-24,853,1,1,11,2,Enfermedad,8,Sí
2272,2023-08-09,865,1,5,15,1,Enfermedad,8,Sí
2273,2023-08-29,869,1,1,20,1,Enfermedad,8,Sí
2274,2023-08-01,883,1,2,18,1,Enfermedad,8,Sí
2275,2023-08-12,883,1,2,18,1,Permiso personal,4,Sí
2276,2023-08-07,895,1,3,15,2,Falta injustificada,8,No
2277,2023-08-07,896,1,2,11,2,Enfermedad,8,Sí
2278,2023-08-14,896,1,2,11,2,Enfermedad,8,Sí
2279,2023-08-28,896,1,2,11,2,Enfermedad,8,Sí
2280,2023-09-22,3,1,4,11,4,Enfermedad,4,Sí
2281,2023-09-27,4,1,1,23,4,Permiso personal,4,Sí
2282,2023-09-04,6,1,5,7,3,Enfermedad,8,Sí
2283,2023-09-17,8,2,8,25,3,Permiso personal,8,Sí
2284,2023-09-23,8,2,8,25,3,Enfermedad,4,Sí
2285,2023-09-17,9,1,1,11,4,Enfermedad,8,Sí
2286,2023-09-22,11,1,1,5,4,Enfermedad,8,Sí
2287,2023-09-08,12,1,5,10,3,Enfermedad,8,Sí
2288,2023-09-05,13,1,5,8,2,Enfermedad,8,Sí
2289,2023-09-13,14,1,4,19,4,Enfermedad,4,Sí
2290,2023-09-24,17,6,15,27,4,Enfermedad,8,Sí
2291,2023-09-29,17,6,15,27,4,Enfermedad,8,Sí
2292,2023-09-26,20,1,2,24,3,Enfermedad,4,Sí
2293,2023-09-14,24,2,7,26,3,Enfermedad,8,Sí
2294,2023-09-17,28,1,1,21,3,Enfermedad,4,Sí
2295,2023-09-16,29,1,1,9,4,Enfermedad,4,Sí
2296,2023-09-26,34,1,1,20,3,Enfermedad,8,Sí
2297,2023-09-10,36,1,3,20,4,Enfermedad,4,Sí
2298,2023-09-26,36,1,3,20,4,Falta injustificada,4,No
2299,2023-09-27,36,1,3,20,4,Enfermedad,8,Sí
2300,2023-09-24,37,3,9,27,4,Falta injustificada,8,No
2301,2023-09-11,38,1,3,22,4,Enfermedad,8,Sí
2302,2023-09-05,40,1,1,3,4,Enfermedad,4,Sí
2303,2023-09-26,40,1,1,3,4,Enfermedad,8,Sí
2304,2023-09-26,41,1,2,17,4,Falta injustificada,8,No
2305,2023-09-22,46,1,4,14,3,Enfermedad,8,Sí
2306,2023-09-16,47,1,1,5,4,Permiso personal,8,Sí
2307,2023-09-04,51,1,2,11,3,Enfermedad,8,Sí
2308,2023-09-18,55,2,6,26,3,Enfermedad,4,Sí
2309,2023-09-17,56,1,3,17,4,Enfermedad,4,Sí
2310,2023-09-24,57,1,1,23,4,Enfermedad,8,Sí
2311,2023-09-27,67,1,1,2,3,Enfermedad,4,Sí
2312,2023-09-13,68,1,2,7,4,Enfermedad,8,Sí
2313,2023-09-01,73,1,2,9,3,Enfermedad,8,Sí
2314,2023-09-15,74,1,1,21,4,Enfermedad,8,Sí
2315,2023-09-23,74,1,1,21,4,Enfermedad,8,Sí
2316,2023-09-27,74,1,1,21,4,Enfermedad,8,Sí
2317,2023-09-29,74,1,1,21,4,Enfermedad,8,Sí
2318,2023-09-23,75,1,5,18,3,Enfermedad,8,Sí
2319,2023-09-05,77,2,6,25,4,Enfermedad,8,Sí
2320,2023-09-26,77,2,6,25,4,Enfermedad,4,Sí
2321,2023-09-29,79,1,1,8,3,Enfermedad,4,Sí
2322,2023-09-02,81,1,5,7,4,Permiso personal,8,Sí
2323,2023-09-20,81,1,5,7,4,Enfermedad,8,Sí
2324,2023-09-14,84,1,3,9,4,Enfermedad,4,Sí
2325,2023-09-23,85,6,16,27,3,Permiso personal,8,Sí
2326,2023-09-08,87,2,7,26,4,Falta injustificada,4,No
2327,2023-09-10,87,2,7,26,4,Enfermedad,8,Sí
2328,2023-09-05,89,1,4,19,3,Enfermedad,8,Sí
2329,2023-09-26,89,1,4,19,3,Enfermedad,8,Sí
2330,2023-09-08,90,2,6,26,4,Falta injustificada,8,No
2331,2023-09-08,93,1,4,14,3,Permiso personal,8,Sí
2332,2023-09-09,93,1,4,14,3,Falta injustificada,8,No
2333,2023-09-02,95,1,2,11,4,Enfermedad,8,Sí
2334,2023-09-29,95,1,2,11,4,Falta injustificada,4,No
2335,2023-09-12,97,1,3,3,3,Enfermedad,4,Sí
2336,2023-09-13,97,1,3,3,3,Enfermedad,8,Sí
2337,2023-09-21,97,1,3,3,3,Enfermedad,8,Sí
2338,2023-09-25,99,1,2,5,4,Falta injustificada,8,No
2339,2023-09-14,103,1,2,23,4,Falta injustificada,8,No
2340,2023-09-23,106,1,4,6,4,Enfermedad,8,Sí
2341,2023-09-16,109,1,1,8,4,Enfermedad,8,Sí
2342,2023-09-28,109,1,1,8,4,Enfermedad,8,Sí
2343,2023-09-29,109,1,1,8,4,Enfermedad,8,Sí
2344,2023-09-28,111,1,3,14,4,Enfermedad,4,Sí
2345,2023-09-07,112,1,1,9,4,Permiso personal,8,Sí
2346,2023-09-11,112,1,1,9,4,Enfermedad,8,Sí
2347,2023-09-19,112,1,1,9,4,Enfermedad,8,Sí
2348,2023-09-26,118,1,4,15,2,Falta injustificada,8,No
2349,2023-09-27,118,1,4,15,2,Enfermedad,8,Sí
2350,2023-09-19,119,1,5,4,3,Enfermedad,8,Sí
2351,2023-09-24,119,1,5,4,3,Permiso personal,8,Sí
2352,2023-09-25,119,1,5,4,3,Permiso personal,4,Sí
2353,2023-09-17,121,1,3,20,3,Enfermedad,8,Sí
2354,2023-09-29,121,1,3,20,3,Enfermedad,8,Sí
2355,2023-09-10,123,1,4,17,4,Permiso personal,8,Sí
2356,2023-09-14,124,1,1,15,4,Permiso personal,8,Sí
2357,2023-09-18,125,1,2,5,4,Enfermedad,8,Sí
2358,2023-09-14,126,1,1,12,3,Permiso personal,4,Sí
2359,2023-09-19,135,1,4,18,4,Enfermedad,8,Sí
2360,2023-09-10,136,1,2,11,4,Falta injustificada,8,No
2361,2023-09-12,139,1,5,11,3,Enfermedad,4,Sí
2362,2023-09-19,142,1,2,8,3,Enfermedad,8,Sí
2363,2023-09-23,143,1,5,19,4,Enfermedad,4,Sí
2364,2023-09-01,144,1,3,12,3,Permiso personal,8,Sí
2365,2023-09-11,146,1,1,4,4,Permiso personal,4,Sí
2366,2023-09-06,147,1,2,21,4,Permiso personal,8,Sí
2367,2023-09-19,147,1,2,21,4,Falta injustificada,4,No
2368,2023-09-25,157,1,2,5,3,Enfermedad,8,Sí
2369,2023-09-08,159,1,4,22,3,Enfermedad,8,Sí
2370,2023-09-09,159,1,4,22,3,Enfermedad,8,Sí
2371,2023-09-04,160,1,3,19,4,Permiso personal,4,Sí
2372,2023-09-22,160,1,3,19,4,Enfermedad,8,Sí
2373,2023-09-15,166,1,1,5,4,Enfermedad,8,Sí
2374,2023-09-09,169,1,1,7,3,Permiso personal,4,Sí
2375,2023-09-12,169,1,1,7,3,Permiso personal,4,Sí
2376,2023-09-13,169,1,1,7,3,Enfermedad,8,Sí
2377,2023-09-07,174,1,2,16,4,Enfermedad,4,Sí
2378,2023-09-14,174,1,2,16,4,Enfermedad,4,Sí
2379,2023-09-21,174,1,2,16,4,Enfermedad,4,Sí
2380,2023-09-11,176,1,1,6,3,Enfermedad,8,Sí
2381,2023-09-23,179,2,7,25,4,Enfermedad,8,Sí
2382,2023-09-12,180,1,3,6,3,Enfermedad,4,Sí
2383,2023-09-09,183,6,15,27,4,Enfermedad,8,Sí
2384,2023-09-11,183,6,15,27,4,Enfermedad,8,Sí
2385,2023-09-19,183,6,15,27,4,Enfermedad,8,Sí
2386,2023-09-12,184,1,1,11,4,Enfermedad,4,Sí
2387,2023-09-07,185,1,1,12,2,Enfermedad,8,Sí
2388,2023-09-13,187,1,3,20,4,Enfermedad,8,Sí
2389,2023-09-12,190,6,16,27,3,Falta injustificada,4,No
2390,2023-09-16,191,1,3,7,4,Enfermedad,8,Sí
2391,2023-09-25,192,1,1,2,4,Permiso personal,8,Sí
2392,2023-09-26,196,1,3,20,3,Permiso personal,8,Sí
2393,2023-09-10,198,1,1,23,3,Permiso personal,8,Sí
2394,2023-09-13,203,4,12,27,3,Enfermedad,4,Sí
2395,2023-09-15,205,1,1,12,2,Permiso personal,4,Sí
2396,2023-09-18,205,1,1,12,2,Enfermedad,8,Sí
2397,2023-09-01,208,2,6,25,4,Enfermedad,8,Sí
2398,2023-09-07,209,1,5,15,2,Permiso personal,4,Sí
2399,2023-09-15,209,1,5,15,2,Enfermedad,8,Sí
2400,2023-09-26,209,1,5,15,2,Enfermedad,8,Sí
2401,2023-09-30,213,1,4,14,4,Enfermedad,4,Sí
2402,2023-09-20,214,1,4,4,4,Permiso personal,8,Sí
2403,2023-09-21,214,1,4,4,4,Enfermedad,8,Sí
2404,2023-09-12,216,1,4,20,2,Enfermedad,8,Sí
2405,2023-09-25,216,1,4,20,2,Enfermedad,8,Sí
2406,2023-09-20,217,1,5,9,2,Enfermedad,4,Sí
2407,2023-09-23,218,1,1,3,3,Enfermedad,8,Sí
2408,2023-09-30,219,1,2,3,4,Falta injustificada,8,No
2409,2023-09-01,220,1,2,9,3,Enfermedad,8,Sí
2410,2023-09-22,220,1,2,9,3,Falta injustificada,8,No
2411,2023-09-12,222,1,2,4,4,Enfermedad,4,Sí
2412,2023-09-28,222,1,2,4,4,Enfermedad,8,Sí
2413,2023-09-06,225,1,2,2,4,Enfermedad,4,Sí
2414,2023-09-10,227,1,1,9,3,Enfermedad,8,Sí
2415,2023-09-24,227,1,1,9,3,Permiso personal,8,Sí
2416,2023-09-21,230,1,3,17,4,Permiso personal,4,Sí
2417,2023-09-13,235,1,3,17,3,Enfermedad,8,Sí
2418,2023-09-12,236,1,1,2,4,Enfermedad,8,Sí
2419,2023-09-05,239,1,3,8,4,Enfermedad,8,Sí
2420,2023-09-16,241,1,1,14,2,Permiso personal,4,Sí
2421,2023-09-07,242,1,1,2,4,Enfermedad,8,Sí
2422,2023-09-30,242,1,1,2,4,Enfermedad,4,Sí
2423,2023-09-16,243,1,5,12,4,Permiso personal,8,Sí
2424,2023-09-21,243,1,5,12,4,Falta injustificada,4,No
2425,2023-09-17,245,1,1,5,3,Enfermedad,8,Sí
2426,2023-09-18,245,1,1,5,3,Permiso personal,8,Sí
2427,2023-09-24,245,1,1,5,3,Enfermedad,8,Sí
2428,2023-09-16,247,1,5,17,4,Enfermedad,4,Sí
2429,2023-09-17,253,1,2,10,4,Enfermedad,4,Sí
2430,2023-09-12,257,1,2,22,4,Enfermedad,8,Sí
2431,2023-09-15,258,1,4,23,4,Permiso personal,8,Sí
2432,2023-09-05,259,1,3,8,4,Enfermedad,8,Sí
2433,2023-09-02,261,1,5,23,4,Enfermedad,8,Sí
2434,2023-09-02,262,1,2,14,4,Enfermedad,8,Sí
2435,2023-09-02,263,1,3,12,4,Enfermedad,8,Sí
2436,2023-09-23,263,1,3,12,4,Permiso personal,8,Sí
2437,2023-09-01,265,1,2,4,4,Enfermedad,8,Sí
2438,2023-09-13,265,1,2,4,4,Enfermedad,8,Sí
2439,2023-09-13,266,1,2,18,4,Permiso personal,8,Sí
2440,2023-09-17,266,1,2,18,4,Permiso personal,8,Sí
2441,2023-09-20,267,1,5,13,4,Enfermedad,8,Sí
2442,2023-09-23,269,1,1,8,3,Enfermedad,4,Sí
2443,2023-09-11,273,1,3,15,4,Falta injustificada,8,No
2444,2023-09-10,274,1,5,19,4,Falta injustificada,8,No
2445,2023-09-11,274,1,5,19,4,Enfermedad,8,Sí
2446,2023-09-09,275,1,4,15,4,Enfermedad,8,Sí
2447,2023-09-28,276,1,2,24,3,Permiso personal,4,Sí
2448,2023-09-19,278,1,1,5,3,Enfermedad,4,Sí
2449,2023-09-25,280,1,4,13,2,Enfermedad,8,Sí
2450,2023-09-08,282,1,1,20,3,Enfermedad,4,Sí
2451,2023-09-12,282,1,1,20,3,Enfermedad,8,Sí
2452,2023-09-22,282,1,1,20,3,Enfermedad,8,Sí
2453,2023-09-05,285,5,14,27,3,Falta injustificada,4,No
2454,2023-09-30,288,1,1,12,4,Enfermedad,8,Sí
2455,2023-09-03,290,1,3,3,3,Enfermedad,4,Sí
2456,2023-09-08,290,1,3,3,3,Permiso personal,8,Sí
2457,2023-09-09,291,1,2,2,4,Enfermedad,8,Sí
2458,2023-09-15,291,1,2,2,4,Enfermedad,8,Sí
2459,2023-09-23,291,1,2,2,4,Enfermedad,8,Sí
2460,2023-09-01,293,1,1,23,3,Enfermedad,8,Sí
2461,2023-09-18,293,1,1,23,3,Enfermedad,8,Sí
2462,2023-09-22,293,1,1,23,3,Falta injustificada,4,No
2463,2023-09-10,297,1,5,5,4,Enfermedad,4,Sí
2464,2023-09-29,299,2,6,25,3,Permiso personal,8,Sí
2465,2023-09-28,301,1,5,1,4,Enfermedad,4,Sí
2466,2023-09-11,307,1,5,2,3,Permiso personal,8,Sí
2467,2023-09-03,309,1,4,9,4,Enfermedad,4,Sí
2468,2023-09-16,312,1,1,21,4,Enfermedad,8,Sí
2469,2023-09-17,319,1,1,8,2,Enfermedad,8,Sí
2470,2023-09-22,319,1,1,8,2,Enfermedad,8,Sí
2471,2023-09-27,319,1,1,8,2,Enfermedad,4,Sí
2472,2023-09-30,320,1,4,10,3,Enfermedad,4,Sí
2473,2023-09-15,321,6,16,27,3,Permiso personal,8,Sí
2474,2023-09-06,326,1,1,15,4,Enfermedad,8,Sí
2475,2023-09-09,326,1,1,15,4,Enfermedad,8,Sí
2476,2023-09-01,328,1,2,19,3,Permiso personal,8,Sí
2477,2023-09-13,328,1,2,19,3,Permiso personal,8,Sí
2478,2023-09-28,328,1,2,19,3,Permiso personal,4,Sí
2479,2023-09-19,329,2,6,26,4,Falta injustificada,8,No
2480,2023-09-03,330,2,6,26,4,Falta injustificada,8,No
2481,2023-09-24,330,2,6,26,4,Enfermedad,4,Sí
2482,2023-09-02,331,1,1,4,4,Enfermedad,8,Sí
2483,2023-09-05,331,1,1,4,4,Enfermedad,8,Sí
2484,2023-09-16,331,1,1,4,4,Enfermedad,4,Sí
2485,2023-09-18,331,1,1,4,4,Permiso personal,8,Sí
2486,2023-09-03,332,1,5,23,4,Enfermedad,8,Sí
2487,2023-09-12,334,1,1,11,2,Enfermedad,4,Sí
2488,2023-09-25,335,1,5,23,3,Permiso personal,8,Sí
2489,2023-09-03,336,1,1,8,4,Permiso personal,8,Sí
2490,2023-09-20,336,1,1,8,4,Permiso personal,8,Sí
2491,2023-09-27,336,1,1,8,4,Enfermedad,8,Sí
2492,2023-09-09,341,1,1,7,4,Enfermedad,8,Sí
2493,2023-09-12,342,1,1,23,3,Enfermedad,8,Sí
2494,2023-09-13,342,1,1,23,3,Enfermedad,8,Sí
2495,2023-09-18,343,1,1,15,3,Permiso personal,8,Sí
2496,2023-09-02,348,1,4,13,4,Falta injustificada,8,No
2497,2023-09-21,348,1,4,13,4,Enfermedad,8,Sí
2498,2023-09-07,349,6,15,27,4,Enfermedad,8,Sí
2499,2023-09-22,360,1,2,23,2,Enfermedad,8,Sí
2500,2023-09-02,397,1,3,7,2,Falta injustificada,8,No
2501,2023-09-19,397,1,3,7,2,Enfermedad,4,Sí
2502,2023-09-06,403,1,3,1,1,Permiso personal,8,Sí
2503,2023-09-14,403,1,3,1,1,Permiso personal,8,Sí
2504,2023-09-28,403,1,3,1,1,Permiso personal,8,Sí
2505,2023-09-18,428,1,2,15,2,Falta injustificada,4,No
2506,2023-09-21,430,1,1,4,1,Enfermedad,8,Sí
2507,2023-09-25,430,1,1,4,1,Enfermedad,8,Sí
2508,2023-09-13,440,2,6,25,2,Permiso personal,8,Sí
2509,2023-09-14,440,2,6,25,2,Permiso personal,8,Sí
2510,2023-09-28,440,2,6,25,2,Enfermedad,8,Sí
2511,2023-09-10,455,1,2,12,1,Enfermedad,8,Sí
2512,2023-09-10,457,1,5,9,2,Falta injustificada,8,No
2513,2023-09-23,457,1,5,9,2,Enfermedad,8,Sí
2514,2023-09-03,472,1,1,9,1,Permiso personal,8,Sí
2515,2023-09-04,479,1,1,5,1,Enfermedad,8,Sí
2516,2023-09-15,479,1,1,5,1,Enfermedad,8,Sí
2517,2023-09-16,479,1,1,5,1,Enfermedad,8,Sí
2518,2023-09-01,486,1,4,18,1,Enfermedad,4,Sí
2519,2023-09-12,490,3,10,27,2,Enfermedad,8,Sí
2520,2023-09-11,496,1,5,5,2,Enfermedad,4,Sí
2521,2023-09-05,510,5,14,27,2,Falta injustificada,8,No
2522,2023-09-07,510,5,14,27,2,Permiso personal,4,Sí
2523,2023-09-13,510,5,14,27,2,Enfermedad,8,Sí
2524,2023-09-14,510,5,14,27,2,Enfermedad,4,Sí
2525,2023-09-26,519,1,5,8,2,Enfermedad,4,Sí
2526,2023-09-08,523,1,1,9,2,Enfermedad,4,Sí
2527,2023-09-03,536,1,1,21,2,Enfermedad,8,Sí
2528,2023-09-29,536,1,1,21,2,Enfermedad,4,Sí
2529,2023-09-12,546,1,1,11,2,Enfermedad,8,Sí
2530,2023-09-20,553,1,4,3,2,Enfermedad,8,Sí
2531,2023-09-28,553,1,4,3,2,Enfermedad,8,Sí
2532,2023-09-19,567,1,3,12,1,Enfermedad,8,Sí
2533,2023-09-21,567,1,3,12,1,Enfermedad,4,Sí
2534,2023-09-26,586,1,1,23,1,Permiso personal,8,Sí
2535,2023-09-24,611,1,1,10,2,Permiso personal,8,Sí
2536,2023-09-29,613,1,2,5,2,Enfermedad,8,Sí
2537,2023-09-23,635,1,2,21,1,Permiso personal,8,Sí
2538,2023-09-28,648,1,5,12,2,Permiso personal,4,Sí
2539,2023-09-06,651,1,4,10,2,Enfermedad,8,Sí
2540,2023-09-24,651,1,4,10,2,Enfermedad,8,Sí
2541,2023-09-14,668,1,1,19,2,Permiso personal,8,Sí
2542,2023-09-11,681,1,1,9,2,Permiso personal,8,Sí
2543,2023-09-26,686,1,1,1,1,Permiso personal,8,Sí
2544,2023-09-08,697,2,6,25,1,Enfermedad,8,Sí
2545,2023-09-05,708,4,12,27,2,Enfermedad,8,Sí
2546,2023-09-01,712,1,2,11,2,Enfermedad,8,Sí
2547,2023-09-07,717,2,7,25,2,Permiso personal,4,Sí
2548,2023-09-15,723,1,1,24,2,Permiso personal,4,Sí
2549,2023-09-22,723,1,1,24,2,Enfermedad,8,Sí
2550,2023-09-28,733,1,3,20,2,Enfermedad,8,Sí
2551,2023-09-06,735,4,12,27,1,Permiso personal,8,Sí
2552,2023-09-20,741,1,5,20,2,Enfermedad,8,Sí
2553,2023-09-25,741,1,5,20,2,Permiso personal,8,Sí
2554,2023-09-29,744,1,5,24,1,Enfermedad,4,Sí
2555,2023-09-11,765,2,7,26,2,Enfermedad,8,Sí
2556,2023-09-16,780,1,1,8,2,Enfermedad,8,Sí
2557,2023-09-12,792,1,2,16,2,Permiso personal,4,Sí
2558,2023-09-24,792,1,2,16,2,Falta injustificada,8,No
2559,2023-09-25,792,1,2,16,2,Enfermedad,8,Sí
2560,2023-09-26,792,1,2,16,2,Permiso personal,8,Sí
2561,2023-09-27,792,1,2,16,2,Enfermedad,8,Sí
2562,2023-09-01,797,1,3,20,1,Enfermedad,8,Sí
2563,2023-09-01,807,5,13,27,1,Enfermedad,8,Sí
2564,2023-09-17,807,5,13,27,1,Enfermedad,4,Sí
2565,2023-09-03,812,1,4,4,2,Enfermedad,8,Sí
2566,2023-09-30,842,1,5,11,1,Permiso personal,8,Sí
2567,2023-09-22,852,1,2,18,2,Permiso personal,8,Sí
2568,2023-09-29,852,1,2,18,2,Permiso personal,4,Sí
2569,2023-09-27,854,1,1,7,1,Enfermedad,4,Sí
2570,2023-09-08,865,1,5,15,2,Enfermedad,8,Sí
2571,2023-09-23,869,1,1,20,2,Permiso personal,8,Sí
2572,2023-09-04,882,2,6,25,2,Falta injustificada,8,No
2573,2023-09-27,895,1,3,15,2,Enfermedad,8,Sí
2574,2023-10-14,1,1,1,3,4,Enfermedad,8,Sí
2575,2023-10-07,3,1,4,11,4,Enfermedad,8,Sí
2576,2023-10-14,3,1,4,11,4,Enfermedad,8,Sí
2577,2023-10-22,3,1,4,11,4,Permiso personal,8,Sí
2578,2023-10-01,4,1,1,23,4,Enfermedad,8,Sí
2579,2023-10-14,4,1,1,23,4,Enfermedad,8,Sí
2580,2023-10-12,6,1,5,7,3,Enfermedad,8,Sí
2581,2023-10-17,8,2,8,25,3,Permiso personal,8,Sí
2582,2023-10-07,9,1,1,11,4,Enfermedad,8,Sí
2583,2023-10-05,13,1,5,8,2,Permiso personal,8,Sí
2584,2023-10-21,18,4,11,27,3,Permiso personal,8,Sí
2585,2023-10-22,18,4,11,27,3,Enfermedad,8,Sí
2586,2023-10-20,20,1,2,24,3,Permiso personal,4,Sí
2587,2023-10-08,22,1,5,18,3,Permiso personal,8,Sí
2588,2023-10-17,22,1,5,18,3,Enfermedad,8,Sí
2589,2023-10-08,24,2,7,26,3,Permiso personal,4,Sí
2590,2023-10-19,24,2,7,26,3,Falta injustificada,8,No
2591,2023-10-12,25,1,3,11,4,Enfermedad,8,Sí
2592,2023-10-19,25,1,3,11,4,Permiso personal,8,Sí
2593,2023-10-05,28,1,1,21,3,Enfermedad,4,Sí
2594,2023-10-31,29,1,1,9,4,Falta injustificada,8,No
2595,2023-10-23,34,1,1,20,3,Enfermedad,8,Sí
2596,2023-10-25,34,1,1,20,3,Enfermedad,8,Sí
2597,2023-10-15,38,1,3,22,4,Falta injustificada,4,No
2598,2023-10-07,46,1,4,14,3,Permiso personal,8,Sí
2599,2023-10-12,46,1,4,14,3,Enfermedad,8,Sí
2600,2023-10-14,46,1,4,14,3,Falta injustificada,8,No
2601,2023-10-28,46,1,4,14,3,Enfermedad,8,Sí
2602,2023-10-14,47,1,1,5,4,Enfermedad,4,Sí
2603,2023-10-23,48,1,5,12,3,Falta injustificada,8,No
2604,2023-10-05,49,1,3,19,3,Enfermedad,4,Sí
2605,2023-10-13,52,1,4,19,2,Enfermedad,4,Sí
2606,2023-10-30,56,1,3,17,4,Enfermedad,8,Sí
2607,2023-10-30,57,1,1,23,4,Falta injustificada,4,No
2608,2023-10-14,59,1,4,7,3,Enfermedad,8,Sí
2609,2023-10-29,59,1,4,7,3,Enfermedad,8,Sí
2610,2023-10-25,67,1,1,2,3,Enfermedad,8,Sí
2611,2023-10-03,68,1,2,7,4,Enfermedad,8,Sí
2612,2023-10-23,72,1,1,21,4,Enfermedad,8,Sí
2613,2023-10-08,73,1,2,9,3,Enfermedad,4,Sí
2614,2023-10-28,74,1,1,21,4,Permiso personal,8,Sí
2615,2023-10-29,74,1,1,21,4,Permiso personal,8,Sí
2616,2023-10-24,79,1,1,8,3,Enfermedad,4,Sí
2617,2023-10-06,80,1,3,12,4,Permiso personal,4,Sí
2618,2023-10-13,80,1,3,12,4,Enfermedad,8,Sí
2619,2023-10-19,80,1,3,12,4,Permiso personal,4,Sí
2620,2023-10-19,81,1,5,7,4,Enfermedad,8,Sí
2621,2023-10-19,82,1,5,22,3,Enfermedad,8,Sí
2622,2023-10-17,83,1,1,21,3,Enfermedad,8,Sí
2623,2023-10-27,83,1,1,21,3,Enfermedad,8,Sí
2624,2023-10-31,83,1,1,21,3,Permiso personal,8,Sí
2625,2023-10-04,84,1,3,9,4,Enfermedad,8,Sí
2626,2023-10-05,84,1,3,9,4,Enfermedad,8,Sí
2627,2023-10-26,84,1,3,9,4,Permiso personal,8,Sí
2628,2023-10-07,85,6,16,27,4,Permiso personal,8,Sí
2629,2023-10-15,85,6,16,27,4,Enfermedad,8,Sí
2630,2023-10-29,85,6,16,27,4,Enfermedad,8,Sí
2631,2023-10-01,88,1,3,19,4,Falta injustificada,4,No
2632,2023-10-15,88,1,3,19,4,Enfermedad,8,Sí
2633,2023-10-17,97,1,3,3,3,Permiso personal,8,Sí
2634,2023-10-25,98,1,3,18,3,Enfermedad,8,Sí
2635,2023-10-29,98,1,3,18,3,Enfermedad,8,Sí
2636,2023-10-14,103,1,2,23,4,Permiso personal,8,Sí
2637,2023-10-31,104,4,11,27,3,Permiso personal,8,Sí
2638,2023-10-24,105,1,3,5,3,Enfermedad,8,Sí
2639,2023-10-20,108,1,2,17,4,Enfermedad,8,Sí
2640,2023-10-19,109,1,1,8,4,Enfermedad,8,Sí
2641,2023-10-17,111,1,3,14,4,Enfermedad,4,Sí
2642,2023-10-01,112,1,1,9,4,Falta injustificada,8,No
2643,2023-10-02,112,1,1,9,4,Permiso personal,8,Sí
2644,2023-10-12,118,1,4,15,2,Permiso personal,8,Sí
2645,2023-10-08,120,1,1,17,4,Permiso personal,8,Sí
2646,2023-10-08,121,1,3,20,3,Enfermedad,4,Sí
2647,2023-10-09,122,1,2,21,4,Permiso personal,4,Sí
2648,2023-10-21,122,1,2,21,4,Enfermedad,8,Sí
2649,2023-10-15,123,1,4,17,4,Permiso personal,8,Sí
2650,2023-10-29,123,1,4,17,4,Enfermedad,8,Sí
2651,2023-10-03,124,1,1,15,4,Enfermedad,4,Sí
2652,2023-10-04,124,1,1,15,4,Permiso personal,8,Sí
2653,2023-10-04,125,1,2,5,4,Enfermedad,8,Sí
2654,2023-10-15,128,1,2,2,3,Permiso personal,8,Sí
2655,2023-10-13,129,1,1,21,4,Enfermedad,8,Sí
2656,2023-10-30,135,1,4,18,4,Enfermedad,8,Sí
2657,2023-10-27,137,1,1,8,4,Enfermedad,8,Sí
2658,2023-10-18,138,1,4,7,3,Enfermedad,8,Sí
2659,2023-10-19,138,1,4,7,3,Falta injustificada,8,No
2660,2023-10-27,139,1,5,11,3,Permiso personal,8,Sí
2661,2023-10-12,140,1,1,22,4,Enfermedad,8,Sí
2662,2023-10-31,142,1,2,8,3,Permiso personal,4,Sí
2663,2023-10-15,143,1,5,19,4,Permiso personal,8,Sí
2664,2023-10-02,146,1,1,4,4,Enfermedad,8,Sí
2665,2023-10-18,148,1,1,24,3,Permiso personal,8,Sí
2666,2023-10-04,159,1,4,22,3,Permiso personal,8,Sí
2667,2023-10-10,159,1,4,22,3,Enfermedad,8,Sí
2668,2023-10-05,161,1,3,22,4,Permiso personal,8,Sí
2669,2023-10-15,161,1,3,22,4,Enfermedad,4,Sí
2670,2023-10-05,165,1,2,3,4,Enfermedad,4,Sí
2671,2023-10-25,167,1,3,22,4,Permiso personal,8,Sí
2672,2023-10-29,168,1,3,6,4,Enfermedad,8,Sí
2673,2023-10-15,170,1,2,9,4,Enfermedad,4,Sí
2674,2023-10-22,170,1,2,9,4,Enfermedad,8,Sí
2675,2023-10-15,171,1,4,4,4,Permiso personal,8,Sí
2676,2023-10-16,171,1,4,4,4,Enfermedad,8,Sí
2677,2023-10-06,172,2,6,26,3,Falta injustificada,8,No
2678,2023-10-26,172,2,6,26,3,Falta injustificada,8,No
2679,2023-10-03,174,1,2,16,4,Permiso personal,4,Sí
2680,2023-10-09,174,1,2,16,4,Falta injustificada,8,No
2681,2023-10-11,174,1,2,16,4,Permiso personal,8,Sí
2682,2023-10-13,174,1,2,16,4,Enfermedad,8,Sí
2683,2023-10-30,174,1,2,16,4,Enfermedad,8,Sí
2684,2023-10-24,176,1,1,6,3,Enfermedad,8,Sí
2685,2023-10-07,178,1,5,8,4,Enfermedad,8,Sí
2686,2023-10-12,179,2,7,25,4,Enfermedad,8,Sí
2687,2023-10-25,179,2,7,25,4,Enfermedad,8,Sí
2688,2023-10-28,179,2,7,25,4,Enfermedad,8,Sí
2689,2023-10-10,180,1,3,6,3,Enfermedad,4,Sí
2690,2023-10-13,180,1,3,6,3,Permiso personal,8,Sí
2691,2023-10-21,180,1,3,6,3,Permiso personal,8,Sí
2692,2023-10-27,181,1,1,9,3,Enfermedad,8,Sí
2693,2023-10-07,184,1,1,11,4,Enfermedad,4,Sí
2694,2023-10-17,184,1,1,11,4,Permiso personal,4,Sí
2695,2023-10-12,187,1,3,20,4,Enfermedad,8,Sí
2696,2023-10-24,187,1,3,20,4,Permiso personal,8,Sí
2697,2023-10-30,190,6,16,27,3,Enfermedad,8,Sí
2698,2023-10-13,191,1,3,7,4,Permiso personal,8,Sí
2699,2023-10-14,192,1,1,2,4,Enfermedad,8,Sí
2700,2023-10-14,193,1,4,21,3,Enfermedad,4,Sí
2701,2023-10-11,195,1,2,14,3,Enfermedad,8,Sí
2702,2023-10-12,195,1,2,14,3,Enfermedad,8,Sí
2703,2023-10-03,196,1,3,20,3,Falta injustificada,8,No
2704,2023-10-24,196,1,3,20,3,Permiso personal,8,Sí
2705,2023-10-07,199,6,15,27,3,Permiso personal,4,Sí
2706,2023-10-19,199,6,15,27,3,Enfermedad,8,Sí
2707,2023-10-14,200,1,1,12,4,Enfermedad,8,Sí
2708,2023-10-25,203,4,12,27,3,Enfermedad,8,Sí
2709,2023-10-01,205,1,1,12,3,Permiso personal,4,Sí
2710,2023-10-24,205,1,1,12,3,Permiso personal,4,Sí
2711,2023-10-13,212,1,2,12,4,Enfermedad,8,Sí
2712,2023-10-16,212,1,2,12,4,Enfermedad,8,Sí
2713,2023-10-30,212,1,2,12,4,Enfermedad,8,Sí
2714,2023-10-26,213,1,4,14,4,Enfermedad,8,Sí
2715,2023-10-29,214,1,4,4,4,Permiso personal,8,Sí
2716,2023-10-09,216,1,4,20,2,Enfermedad,8,Sí
2717,2023-10-25,216,1,4,20,2,Enfermedad,8,Sí
2718,2023-10-01,219,1,2,3,4,Falta injustificada,8,No
2719,2023-10-14,219,1,2,3,4,Falta injustificada,8,No
2720,2023-10-05,222,1,2,4,4,Enfermedad,8,Sí
2721,2023-10-13,222,1,2,4,4,Enfermedad,8,Sí
2722,2023-10-25,223,4,11,27,3,Enfermedad,8,Sí
2723,2023-10-06,227,1,1,9,3,Enfermedad,4,Sí
2724,2023-10-04,238,1,1,12,4,Enfermedad,8,Sí
2725,2023-10-16,238,1,1,12,4,Enfermedad,8,Sí
2726,2023-10-02,239,1,3,8,4,Permiso personal,8,Sí
2727,2023-10-10,239,1,3,8,4,Enfermedad,8,Sí
2728,2023-10-27,243,1,5,12,4,Enfermedad,8,Sí
2729,2023-10-31,243,1,5,12,4,Permiso personal,4,Sí
2730,2023-10-25,245,1,1,5,3,Enfermedad,8,Sí
2731,2023-10-31,245,1,1,5,3,Enfermedad,8,Sí
2732,2023-10-27,247,1,5,17,4,Enfermedad,4,Sí
2733,2023-10-13,248,1,4,2,4,Enfermedad,4,Sí
2734,2023-10-07,249,1,1,1,4,Enfermedad,8,Sí
2735,2023-10-01,254,1,2,19,4,Permiso personal,8,Sí
2736,2023-10-21,255,1,1,21,4,Enfermedad,8,Sí
2737,2023-10-05,257,1,2,22,4,Enfermedad,8,Sí
2738,2023-10-29,261,1,5,23,4,Enfermedad,8,Sí
2739,2023-10-31,261,1,5,23,4,Enfermedad,4,Sí
2740,2023-10-21,267,1,5,13,4,Enfermedad,8,Sí
2741,2023-10-03,268,1,5,10,4,Enfermedad,4,Sí
2742,2023-10-27,269,1,1,8,3,Permiso personal,8,Sí
2743,2023-10-29,270,1,3,18,4,Permiso personal,8,Sí
2744,2023-10-05,273,1,3,15,4,Permiso personal,8,Sí
2745,2023-10-08,274,1,5,19,4,Enfermedad,8,Sí
2746,2023-10-06,278,1,1,5,3,Falta injustificada,8,No
2747,2023-10-20,278,1,1,5,3,Enfermedad,8,Sí
2748,2023-10-11,285,5,14,27,3,Permiso personal,8,Sí
2749,2023-10-04,286,1,2,12,3,Permiso personal,8,Sí
2750,2023-10-30,286,1,2,12,3,Enfermedad,4,Sí
2751,2023-10-09,289,1,3,1,3,Enfermedad,4,Sí
2752,2023-10-29,289,1,3,1,3,Enfermedad,4,Sí
2753,2023-10-06,290,1,3,3,3,Enfermedad,4,Sí
2754,2023-10-22,291,1,2,2,4,Enfermedad,8,Sí
2755,2023-10-29,291,1,2,2,4,Enfermedad,8,Sí
2756,2023-10-20,292,2,6,26,4,Falta injustificada,8,No
2757,2023-10-23,293,1,1,23,3,Enfermedad,8,Sí
2758,2023-10-04,294,1,1,1,2,Permiso personal,8,Sí
2759,2023-10-02,303,1,1,24,3,Enfermedad,8,Sí
2760,2023-10-15,303,1,1,24,3,Enfermedad,8,Sí
2761,2023-10-22,303,1,1,24,3,Enfermedad,8,Sí
2762,2023-10-30,304,1,3,7,4,Permiso personal,8,Sí
2763,2023-10-28,309,1,4,9,4,Enfermedad,4,Sí
2764,2023-10-17,310,1,2,21,4,Permiso personal,4,Sí
2765,2023-10-27,310,1,2,21,4,Permiso personal,8,Sí
2766,2023-10-15,312,1,1,21,4,Enfermedad,8,Sí
2767,2023-10-31,315,1,1,14,4,Enfermedad,8,Sí
2768,2023-10-22,319,1,1,8,3,Enfermedad,4,Sí
2769,2023-10-20,320,1,4,10,3,Enfermedad,4,Sí
2770,2023-10-02,321,6,16,27,3,Enfermedad,8,Sí
2771,2023-10-29,323,2,6,26,4,Permiso personal,8,Sí
2772,2023-10-27,324,1,1,15,4,Enfermedad,8,Sí
2773,2023-10-11,326,1,1,15,4,Enfermedad,8,Sí
2774,2023-10-26,329,2,6,26,4,Falta injustificada,4,No
2775,2023-10-01,330,2,6,26,4,Enfermedad,4,Sí
2776,2023-10-29,332,1,5,23,4,Permiso personal,8,Sí
2777,2023-10-11,335,1,5,23,4,Permiso personal,8,Sí
2778,2023-10-30,335,1,5,23,4,Permiso personal,8,Sí
2779,2023-10-04,340,5,13,27,4,Enfermedad,8,Sí
2780,2023-10-13,340,5,13,27,4,Permiso personal,4,Sí
2781,2023-10-27,340,5,13,27,4,Enfermedad,8,Sí
2782,2023-10-06,341,1,1,7,4,Falta injustificada,8,No
2783,2023-10-28,341,1,1,7,4,Enfermedad,8,Sí
2784,2023-10-04,343,1,1,15,3,Enfermedad,4,Sí
2785,2023-10-26,343,1,1,15,3,Enfermedad,8,Sí
2786,2023-10-16,344,1,1,24,4,Permiso personal,8,Sí
2787,2023-10-07,345,1,2,7,4,Enfermedad,8,Sí
2788,2023-10-10,345,1,2,7,4,Enfermedad,8,Sí
2789,2023-10-23,345,1,2,7,4,Permiso personal,8,Sí
2790,2023-10-24,345,1,2,7,4,Enfermedad,8,Sí
2791,2023-10-28,347,1,5,10,2,Permiso personal,8,Sí
2792,2023-10-17,348,1,4,13,4,Enfermedad,8,Sí
2793,2023-10-03,349,6,15,27,4,Enfermedad,4,Sí
2794,2023-10-07,355,1,5,2,2,Permiso personal,8,Sí
2795,2023-10-22,360,1,2,23,2,Permiso personal,4,Sí
2796,2023-10-27,376,3,10,27,2,Enfermedad,8,Sí
2797,2023-10-02,378,1,1,17,2,Enfermedad,8,Sí
2798,2023-10-01,387,1,5,18,1,Permiso personal,8,Sí
2799,2023-10-10,412,3,10,27,2,Enfermedad,8,Sí
2800,2023-10-06,422,1,1,14,2,Enfermedad,8,Sí
2801,2023-10-09,422,1,1,14,2,Falta injustificada,8,No
2802,2023-10-07,428,1,2,15,2,Permiso personal,8,Sí
2803,2023-10-29,428,1,2,15,2,Enfermedad,8,Sí
2804,2023-10-10,440,2,6,25,2,Permiso personal,8,Sí
2805,2023-10-16,440,2,6,25,2,Permiso personal,8,Sí
2806,2023-10-20,440,2,6,25,2,Enfermedad,8,Sí
2807,2023-10-02,455,1,2,12,2,Enfermedad,8,Sí
2808,2023-10-17,455,1,2,12,2,Enfermedad,8,Sí
2809,2023-10-22,455,1,2,12,2,Enfermedad,8,Sí
2810,2023-10-16,472,1,1,9,2,Enfermedad,8,Sí
2811,2023-10-28,486,1,4,18,2,Enfermedad,4,Sí
2812,2023-10-19,490,3,10,27,2,Permiso personal,8,Sí
2813,2023-10-16,496,1,5,5,2,Enfermedad,8,Sí
2814,2023-10-05,510,5,14,27,2,Permiso personal,8,Sí
2815,2023-10-24,510,5,14,27,2,Permiso personal,8,Sí
2816,2023-10-06,523,1,1,9,2,Permiso personal,4,Sí
2817,2023-10-19,536,1,1,21,2,Enfermedad,8,Sí
2818,2023-10-18,540,1,3,14,2,Enfermedad,8,Sí
2819,2023-10-22,546,1,1,11,2,Enfermedad,8,Sí
2820,2023-10-26,546,1,1,11,2,Enfermedad,8,Sí
2821,2023-10-31,546,1,1,11,2,Falta injustificada,4,No
2822,2023-10-01,553,1,4,3,2,Permiso personal,8,Sí
2823,2023-10-24,553,1,4,3,2,Permiso personal,8,Sí
2824,2023-10-18,567,1,3,12,2,Permiso personal,8,Sí
2825,2023-10-26,567,1,3,12,2,Enfermedad,8,Sí
2826,2023-10-27,572,1,5,23,2,Enfermedad,8,Sí
2827,2023-10-19,581,1,2,14,2,Permiso personal,4,Sí
2828,2023-10-13,586,1,1,23,2,Falta injustificada,8,No
2829,2023-10-01,589,1,1,4,2,Falta injustificada,8,No
2830,2023-10-22,589,1,1,4,2,Enfermedad,8,Sí
2831,2023-10-23,590,1,1,2,2,Enfermedad,8,Sí
2832,2023-10-27,590,1,1,2,2,Enfermedad,8,Sí
2833,2023-10-23,605,1,4,16,2,Falta injustificada,8,No
2834,2023-10-27,611,1,1,10,2,Enfermedad,8,Sí
2835,2023-10-08,617,1,1,24,1,Permiso personal,8,Sí
2836,2023-10-09,626,2,6,25,2,Enfermedad,8,Sí
2837,2023-10-26,643,1,5,21,1,Falta injustificada,4,No
2838,2023-10-20,681,1,1,9,2,Falta injustificada,8,No
2839,2023-10-19,686,1,1,1,1,Enfermedad,8,Sí
2840,2023-10-06,696,1,2,1,2,Enfermedad,4,Sí
2841,2023-10-14,696,1,2,1,2,Enfermedad,8,Sí
2842,2023-10-26,707,1,5,22,2,Enfermedad,8,Sí
2843,2023-10-18,712,1,2,11,2,Permiso personal,4,Sí
2844,2023-10-08,717,2,7,25,2,Falta injustificada,8,No
2845,2023-10-13,717,2,7,25,2,Enfermedad,4,Sí
2846,2023-10-26,733,1,3,20,2,Permiso personal,8,Sí
2847,2023-10-29,756,1,3,22,1,Falta injustificada,8,No
2848,2023-10-23,786,1,1,22,1,Enfermedad,4,Sí
2849,2023-10-07,792,1,2,16,2,Falta injustificada,8,No
2850,2023-10-11,792,1,2,16,2,Permiso personal,8,Sí
2851,2023-10-17,792,1,2,16,2,Enfermedad,8,Sí
2852,2023-10-10,807,5,13,27,2,Permiso personal,8,Sí
2853,2023-10-28,807,5,13,27,2,Falta injustificada,4,No
2854,2023-10-16,826,1,1,15,2,Enfermedad,4,Sí
2855,2023-10-26,829,1,1,17,2,Enfermedad,4,Sí
2856,2023-10-23,836,5,13,27,2,Enfermedad,8,Sí
2857,2023-10-20,838,1,1,6,2,Permiso personal,4,Sí
2858,2023-10-04,839,2,6,25,1,Enfermedad,4,Sí
2859,2023-10-10,849,1,5,2,2,Enfermedad,8,Sí
2860,2023-10-15,849,1,5,2,2,Permiso personal,8,Sí
2861,2023-10-12,854,1,1,7,2,Enfermedad,8,Sí
2862,2023-10-10,862,1,2,4,1,Enfermedad,8,Sí
2863,2023-10-14,862,1,2,4,1,Permiso personal,8,Sí
2864,2023-10-30,862,1,2,4,1,Enfermedad,8,Sí
2865,2023-10-16,864,1,4,21,1,Enfermedad,8,Sí
2866,2023-10-22,864,1,4,21,1,Enfermedad,8,Sí
2867,2023-10-30,864,1,4,21,1,Permiso personal,8,Sí
2868,2023-10-08,869,1,1,20,2,Enfermedad,4,Sí
2869,2023-10-10,874,1,3,11,1,Permiso personal,8,Sí
2870,2023-10-03,882,2,6,25,2,Permiso personal,8,Sí
2871,2023-10-23,883,1,2,18,2,Enfermedad,8,Sí
2872,2023-10-08,884,1,5,24,1,Enfermedad,8,Sí
2873,2023-10-07,885,1,1,20,2,Enfermedad,8,Sí
2874,2023-10-26,885,1,1,20,2,Enfermedad,8,Sí
2875,2023-10-07,887,1,2,10,2,Enfermedad,8,Sí
2876,2023-10-23,895,1,3,15,2,Enfermedad,8,Sí
2877,2023-10-27,895,1,3,15,2,Permiso personal,8,Sí
2878,2023-11-27,1,1,1,3,4,Enfermedad,8,Sí
2879,2023-11-27,2,2,7,25,4,Permiso personal,8,Sí
2880,2023-11-05,4,1,1,23,4,Enfermedad,8,Sí
2881,2023-11-18,4,1,1,23,4,Enfermedad,8,Sí
2882,2023-11-02,6,1,5,7,3,Enfermedad,8,Sí
2883,2023-11-02,12,1,5,10,3,Permiso personal,8,Sí
2884,2023-11-03,13,1,5,8,3,Enfermedad,8,Sí
2885,2023-11-20,13,1,5,8,3,Enfermedad,8,Sí
2886,2023-11-23,13,1,5,8,3,Enfermedad,4,Sí
2887,2023-11-14,14,1,4,19,4,Enfermedad,8,Sí
2888,2023-11-20,14,1,4,19,4,Enfermedad,8,Sí
2889,2023-11-06,16,1,1,17,3,Falta injustificada,8,No
2890,2023-11-30,18,4,11,27,3,Enfermedad,8,Sí
2891,2023-11-16,20,1,2,24,3,Permiso personal,8,Sí
2892,2023-11-06,21,1,3,21,4,Enfermedad,4,Sí
2893,2023-11-01,27,1,4,22,4,Enfermedad,8,Sí
2894,2023-11-18,29,1,1,9,4,Enfermedad,8,Sí
2895,2023-11-28,30,2,8,25,4,Enfermedad,8,Sí
2896,2023-11-17,34,1,1,20,3,Enfermedad,4,Sí
2897,2023-11-27,35,1,1,11,4,Enfermedad,8,Sí
2898,2023-11-15,36,1,3,20,4,Enfermedad,8,Sí
2899,2023-11-29,36,1,3,20,4,Permiso personal,8,Sí
2900,2023-11-10,37,3,9,27,4,Enfermedad,8,Sí
2901,2023-11-20,38,1,3,22,4,Falta injustificada,8,No
2902,2023-11-18,40,1,1,3,4,Permiso personal,4,Sí
2903,2023-11-25,40,1,1,3,4,Falta injustificada,8,No
2904,2023-11-08,41,1,2,17,4,Enfermedad,4,Sí
2905,2023-11-14,41,1,2,17,4,Enfermedad,4,Sí
2906,2023-11-16,41,1,2,17,4,Enfermedad,8,Sí
2907,2023-11-03,47,1,1,5,4,Enfermedad,4,Sí
2908,2023-11-09,48,1,5,12,3,Permiso personal,8,Sí
2909,2023-11-27,52,1,4,19,3,Permiso personal,8,Sí
2910,2023-11-08,54,1,4,19,4,Enfermedad,8,Sí
2911,2023-11-08,55,2,6,26,3,Enfermedad,8,Sí
2912,2023-11-16,55,2,6,26,3,Enfermedad,8,Sí
2913,2023-11-02,59,1,4,7,3,Enfermedad,4,Sí
2914,2023-11-21,63,1,2,14,3,Enfermedad,4,Sí
2915,2023-11-28,63,1,2,14,3,Enfermedad,8,Sí
2916,2023-11-11,65,1,3,20,3,Permiso personal,8,Sí
2917,2023-11-25,67,1,1,2,3,Permiso personal,8,Sí
2918,2023-11-01,68,1,2,7,4,Falta injustificada,8,No
2919,2023-11-07,68,1,2,7,4,Falta injustificada,8,No
2920,2023-11-30,68,1,2,7,4,Enfermedad,8,Sí
2921,2023-11-09,70,2,6,26,4,Permiso personal,8,Sí
2922,2023-11-27,70,2,6,26,4,Permiso personal,8,Sí
2923,2023-11-12,73,1,2,9,3,Enfermedad,8,Sí
2924,2023-11-26,73,1,2,9,3,Permiso personal,8,Sí
2925,2023-11-17,76,1,1,23,3,Enfermedad,8,Sí
2926,2023-11-04,78,3,9,27,4,Enfermedad,8,Sí
2927,2023-11-14,78,3,9,27,4,Enfermedad,8,Sí
2928,2023-11-18,78,3,9,27,4,Enfermedad,8,Sí
2929,2023-11-03,79,1,1,8,3,Falta injustificada,8,No
2930,2023-11-09,88,1,3,19,4,Permiso personal,4,Sí
2931,2023-11-04,89,1,4,19,3,Enfermedad,8,Sí
2932,2023-11-09,89,1,4,19,3,Falta injustificada,4,No
2933,2023-11-06,90,2,6,26,4,Enfermedad,8,Sí
2934,2023-11-13,90,2,6,26,4,Permiso personal,8,Sí
2935,2023-11-06,97,1,3,3,3,Permiso personal,4,Sí
2936,2023-11-07,99,1,2,5,4,Falta injustificada,4,No
2937,2023-11-11,101,5,13,27,3,Enfermedad,8,Sí
2938,2023-11-12,101,5,13,27,3,Permiso personal,8,Sí
2939,2023-11-23,102,1,1,14,4,Enfermedad,8,Sí
2940,2023-11-25,102,1,1,14,4,Enfermedad,8,Sí
2941,2023-11-01,106,1,4,6,4,Enfermedad,4,Sí
2942,2023-11-13,106,1,4,6,4,Enfermedad,8,Sí
2943,2023-11-20,108,1,2,17,4,Falta injustificada,4,No
2944,2023-11-02,110,1,3,8,3,Permiso personal,4,Sí
2945,2023-11-28,110,1,3,8,3,Enfermedad,4,Sí
2946,2023-11-13,112,1,1,9,4,Enfermedad,8,Sí
2947,2023-11-29,112,1,1,9,4,Enfermedad,4,Sí
2948,2023-11-14,117,5,13,27,4,Permiso personal,8,Sí
2949,2023-11-16,119,1,5,4,3,Falta injustificada,8,No
2950,2023-11-08,123,1,4,17,4,Enfermedad,8,Sí
2951,2023-11-25,124,1,1,15,4,Enfermedad,8,Sí
2952,2023-11-29,124,1,1,15,4,Permiso personal,8,Sí
2953,2023-11-01,126,1,1,12,3,Permiso personal,8,Sí
2954,2023-11-14,126,1,1,12,3,Enfermedad,8,Sí
2955,2023-11-11,128,1,2,2,4,Permiso personal,4,Sí
2956,2023-11-17,128,1,2,2,4,Falta injustificada,8,No
2957,2023-11-03,129,1,1,21,4,Enfermedad,8,Sí
2958,2023-11-27,129,1,1,21,4,Enfermedad,8,Sí
2959,2023-11-12,130,1,5,5,4,Enfermedad,8,Sí
2960,2023-11-24,130,1,5,5,4,Enfermedad,4,Sí
2961,2023-11-04,135,1,4,18,4,Permiso personal,8,Sí
2962,2023-11-03,136,1,2,11,4,Enfermedad,4,Sí
2963,2023-11-17,136,1,2,11,4,Permiso personal,8,Sí
2964,2023-11-15,138,1,4,7,3,Permiso personal,4,Sí
2965,2023-11-25,142,1,2,8,3,Falta injustificada,8,No
2966,2023-11-02,144,1,3,12,3,Permiso personal,4,Sí
2967,2023-11-23,144,1,3,12,3,Enfermedad,8,Sí
2968,2023-11-14,148,1,1,24,3,Enfermedad,8,Sí
2969,2023-11-19,148,1,1,24,3,Enfermedad,8,Sí
2970,2023-11-03,152,1,1,20,3,Enfermedad,8,Sí
2971,2023-11-15,161,1,3,22,4,Enfermedad,8,Sí
2972,2023-11-15,165,1,2,3,4,Permiso personal,8,Sí
2973,2023-11-18,165,1,2,3,4,Enfermedad,8,Sí
2974,2023-11-22,165,1,2,3,4,Enfermedad,4,Sí
2975,2023-11-29,165,1,2,3,4,Enfermedad,8,Sí
2976,2023-11-08,167,1,3,22,4,Enfermedad,8,Sí
2977,2023-11-09,167,1,3,22,4,Enfermedad,4,Sí
2978,2023-11-13,167,1,3,22,4,Falta injustificada,8,No
2979,2023-11-13,170,1,2,9,4,Enfermedad,8,Sí
2980,2023-11-18,171,1,4,4,4,Enfermedad,4,Sí
2981,2023-11-20,171,1,4,4,4,Enfermedad,8,Sí
2982,2023-11-05,176,1,1,6,3,Falta injustificada,8,No
2983,2023-11-09,179,2,7,25,4,Permiso personal,8,Sí
2984,2023-11-15,179,2,7,25,4,Enfermedad,8,Sí
2985,2023-11-23,180,1,3,6,3,Permiso personal,8,Sí
2986,2023-11-22,181,1,1,9,3,Enfermedad,8,Sí
2987,2023-11-16,182,1,1,23,4,Enfermedad,8,Sí
2988,2023-11-14,187,1,3,20,4,Enfermedad,8,Sí
2989,2023-11-02,188,1,4,1,3,Enfermedad,8,Sí
2990,2023-11-03,188,1,4,1,3,Enfermedad,8,Sí
2991,2023-11-13,189,1,4,2,4,Enfermedad,8,Sí
2992,2023-11-16,193,1,4,21,3,Enfermedad,8,Sí
2993,2023-11-29,194,1,1,11,4,Enfermedad,8,Sí
2994,2023-11-19,198,1,1,23,3,Enfermedad,8,Sí
2995,2023-11-11,205,1,1,12,3,Enfermedad,4,Sí
2996,2023-11-26,205,1,1,12,3,Permiso personal,4,Sí
2997,2023-11-19,207,1,1,3,4,Enfermedad,8,Sí
2998,2023-11-16,208,2,6,25,4,Enfermedad,4,Sí
2999,2023-11-07,209,1,5,15,3,Enfermedad,8,Sí
3000,2023-11-13,209,1,5,15,3,Enfermedad,4,Sí
3001,2023-11-28,209,1,5,15,3,Permiso personal,8,Sí
3002,2023-11-12,212,1,2,12,4,Permiso personal,4,Sí
3003,2023-11-17,212,1,2,12,4,Enfermedad,4,Sí
3004,2023-11-16,216,1,4,20,2,Permiso personal,4,Sí
3005,2023-11-20,216,1,4,20,2,Enfermedad,8,Sí
3006,2023-11-18,218,1,1,3,3,Permiso personal,8,Sí
3007,2023-11-25,218,1,1,3,3,Enfermedad,8,Sí
3008,2023-11-02,220,1,2,9,3,Enfermedad,8,Sí
3009,2023-11-12,220,1,2,9,3,Falta injustificada,4,No
3010,2023-11-13,220,1,2,9,3,Permiso personal,8,Sí
3011,2023-11-26,220,1,2,9,3,Enfermedad,8,Sí
3012,2023-11-01,222,1,2,4,4,Enfermedad,4,Sí
3013,2023-11-16,223,4,11,27,3,Permiso personal,8,Sí
3014,2023-11-20,223,4,11,27,3,Permiso personal,8,Sí
3015,2023-11-05,225,1,2,2,4,Permiso personal,8,Sí
3016,2023-11-14,225,1,2,2,4,Falta injustificada,8,No
3017,2023-11-21,226,1,1,23,3,Enfermedad,8,Sí
3018,2023-11-08,231,1,2,9,3,Permiso personal,8,Sí
3019,2023-11-08,235,1,3,17,3,Falta injustificada,4,No
3020,2023-11-25,235,1,3,17,3,Permiso personal,8,Sí
3021,2023-11-30,235,1,3,17,3,Permiso personal,8,Sí
3022,2023-11-18,236,1,1,2,4,Permiso personal,8,Sí
3023,2023-11-29,236,1,1,2,4,Enfermedad,8,Sí
3024,2023-11-23,238,1,1,12,4,Enfermedad,8,Sí
3025,2023-11-26,238,1,1,12,4,Permiso personal,8,Sí
3026,2023-11-27,238,1,1,12,4,Permiso personal,8,Sí
3027,2023-11-04,239,1,3,8,4,Falta injustificada,4,No
3028,2023-11-14,247,1,5,17,4,Enfermedad,8,Sí
3029,2023-11-11,248,1,4,2,4,Permiso personal,4,Sí
3030,2023-11-03,249,1,1,1,4,Enfermedad,8,Sí
3031,2023-11-14,252,1,2,21,3,Enfermedad,4,Sí
3032,2023-11-17,254,1,2,19,4,Enfermedad,8,Sí
3033,2023-11-09,256,1,4,21,4,Enfermedad,8,Sí
3034,2023-11-14,258,1,4,23,4,Enfermedad,8,Sí
3035,2023-11-08,259,1,3,8,4,Enfermedad,8,Sí
3036,2023-11-14,261,1,5,23,4,Falta injustificada,8,No
3037,2023-11-03,264,1,2,17,3,Permiso personal,8,Sí
3038,2023-11-27,266,1,2,18,4,Falta injustificada,8,No
3039,2023-11-22,267,1,5,13,4,Enfermedad,4,Sí
3040,2023-11-17,268,1,5,10,4,Enfermedad,8,Sí
3041,2023-11-04,269,1,1,8,3,Enfermedad,8,Sí
3042,2023-11-07,273,1,3,15,4,Enfermedad,4,Sí
3043,2023-11-29,273,1,3,15,4,Enfermedad,8,Sí
3044,2023-11-13,275,1,4,15,4,Enfermedad,8,Sí
3045,2023-11-19,275,1,4,15,4,Enfermedad,8,Sí
3046,2023-11-21,275,1,4,15,4,Enfermedad,8,Sí
3047,2023-11-28,279,1,4,10,3,Enfermedad,8,Sí
3048,2023-11-07,280,1,4,13,3,Enfermedad,8,Sí
3049,2023-11-04,282,1,1,20,3,Permiso personal,4,Sí
3050,2023-11-21,282,1,1,20,3,Enfermedad,8,Sí
3051,2023-11-06,283,1,5,12,3,Enfermedad,8,Sí
3052,2023-11-09,283,1,5,12,3,Falta injustificada,8,No
3053,2023-11-22,285,5,14,27,3,Enfermedad,8,Sí
3054,2023-11-23,285,5,14,27,3,Permiso personal,8,Sí
3055,2023-11-01,286,1,2,12,3,Enfermedad,8,Sí
3056,2023-11-28,286,1,2,12,3,Enfermedad,8,Sí
3057,2023-11-24,289,1,3,1,3,Falta injustificada,4,No
3058,2023-11-09,290,1,3,3,3,Permiso personal,4,Sí
3059,2023-11-23,290,1,3,3,3,Enfermedad,8,Sí
3060,2023-11-24,290,1,3,3,3,Enfermedad,8,Sí
3061,2023-11-05,294,1,1,1,3,Enfermedad,8,Sí
3062,2023-11-20,294,1,1,1,3,Enfermedad,8,Sí
3063,2023-11-09,297,1,5,5,4,Falta injustificada,4,No
3064,2023-11-13,297,1,5,5,4,Enfermedad,8,Sí
3065,2023-11-16,301,1,5,1,4,Enfermedad,8,Sí
3066,2023-11-23,301,1,5,1,4,Falta injustificada,8,No
3067,2023-11-13,303,1,1,24,3,Permiso personal,8,Sí
3068,2023-11-04,304,1,3,7,4,Enfermedad,8,Sí
3069,2023-11-22,307,1,5,2,3,Enfermedad,8,Sí
3070,2023-11-24,307,1,5,2,3,Falta injustificada,4,No
3071,2023-11-26,309,1,4,9,4,Enfermedad,8,Sí
3072,2023-11-10,314,2,7,25,4,Enfermedad,8,Sí
3073,2023-11-09,315,1,1,14,4,Permiso personal,8,Sí
3074,2023-11-12,319,1,1,8,3,Enfermedad,4,Sí
3075,2023-11-19,319,1,1,8,3,Permiso personal,4,Sí
3076,2023-11-07,323,2,6,26,4,Enfermedad,8,Sí
3077,2023-11-24,324,1,1,15,4,Enfermedad,8,Sí
3078,2023-11-11,327,3,9,27,3,Enfermedad,8,Sí
3079,2023-11-29,327,3,9,27,3,Enfermedad,4,Sí
3080,2023-11-12,329,2,6,26,4,Permiso personal,8,Sí
3081,2023-11-29,330,2,6,26,4,Permiso personal,8,Sí
3082,2023-11-01,334,1,1,11,3,Permiso personal,4,Sí
3083,2023-11-14,334,1,1,11,3,Enfermedad,8,Sí
3084,2023-11-24,335,1,5,23,4,Enfermedad,8,Sí
3085,2023-11-17,339,1,1,11,4,Permiso personal,4,Sí
3086,2023-11-01,341,1,1,7,4,Enfermedad,8,Sí
3087,2023-11-03,341,1,1,7,4,Enfermedad,8,Sí
3088,2023-11-02,343,1,1,15,3,Enfermedad,4,Sí
3089,2023-11-26,346,1,5,14,4,Falta injustificada,8,No
3090,2023-11-30,347,1,5,10,2,Permiso personal,8,Sí
3091,2023-11-06,349,6,15,27,4,Enfermedad,4,Sí
3092,2023-11-22,349,6,15,27,4,Enfermedad,8,Sí
3093,2023-11-28,380,1,1,5,2,Permiso personal,8,Sí
3094,2023-11-03,384,2,6,25,1,Enfermedad,8,Sí
3095,2023-11-15,384,2,6,25,1,Enfermedad,4,Sí
3096,2023-11-25,387,1,5,18,1,Enfermedad,8,Sí
3097,2023-11-18,389,1,3,6,1,Enfermedad,8,Sí
3098,2023-11-26,449,1,3,24,1,Enfermedad,8,Sí
3099,2023-11-05,455,1,2,12,2,Permiso personal,8,Sí
3100,2023-11-12,455,1,2,12,2,Permiso personal,4,Sí
3101,2023-11-28,457,1,5,9,2,Enfermedad,8,Sí
3102,2023-11-12,472,1,1,9,2,Permiso personal,4,Sí
3103,2023-11-22,475,3,9,27,1,Falta injustificada,8,No
3104,2023-11-20,486,1,4,18,2,Enfermedad,4,Sí
3105,2023-11-30,496,1,5,5,2,Permiso personal,4,Sí
3106,2023-11-03,510,5,14,27,2,Enfermedad,4,Sí
3107,2023-11-29,519,1,5,8,2,Permiso personal,8,Sí
3108,2023-11-15,532,1,5,11,1,Enfermedad,8,Sí
3109,2023-11-19,532,1,5,11,1,Permiso personal,8,Sí
3110,2023-11-28,534,1,2,22,2,Enfermedad,4,Sí
3111,2023-11-13,535,1,1,8,1,Falta injustificada,8,No
3112,2023-11-26,535,1,1,8,1,Enfermedad,8,Sí
3113,2023-11-05,547,1,2,8,2,Permiso personal,8,Sí
3114,2023-11-13,547,1,2,8,2,Permiso personal,8,Sí
3115,2023-11-15,547,1,2,8,2,Permiso personal,8,Sí
3116,2023-11-03,573,1,3,15,1,Enfermedad,8,Sí
3117,2023-11-16,579,1,1,2,2,Permiso personal,4,Sí
3118,2023-11-28,579,1,1,2,2,Enfermedad,8,Sí
3119,2023-11-21,589,1,1,4,2,Enfermedad,4,Sí
3120,2023-11-17,613,1,2,5,2,Permiso personal,8,Sí
3121,2023-11-18,617,1,1,24,1,Permiso personal,4,Sí
3122,2023-11-29,617,1,1,24,1,Enfermedad,4,Sí
3123,2023-11-24,622,1,2,8,1,Enfermedad,8,Sí
3124,2023-11-17,626,2,6,25,2,Enfermedad,8,Sí
3125,2023-11-23,635,1,2,21,1,Enfermedad,8,Sí
3126,2023-11-27,643,1,5,21,1,Enfermedad,4,Sí
3127,2023-11-05,668,1,1,19,2,Permiso personal,4,Sí
3128,2023-11-11,668,1,1,19,2,Permiso personal,8,Sí
3129,2023-11-17,668,1,1,19,2,Permiso personal,8,Sí
3130,2023-11-24,668,1,1,19,2,Permiso personal,8,Sí
3131,2023-11-02,697,2,6,25,2,Enfermedad,8,Sí
3132,2023-11-01,708,4,12,27,2,Enfermedad,8,Sí
3133,2023-11-17,712,1,2,11,2,Permiso personal,8,Sí
3134,2023-11-21,733,1,3,20,2,Permiso personal,8,Sí
3135,2023-11-15,735,4,12,27,2,Permiso personal,8,Sí
3136,2023-11-28,735,4,12,27,2,Falta injustificada,8,No
3137,2023-11-13,744,1,5,24,2,Enfermedad,8,Sí
3138,2023-11-25,744,1,5,24,2,Enfermedad,8,Sí
3139,2023-11-16,768,1,1,18,2,Enfermedad,8,Sí
3140,2023-11-20,792,1,2,16,2,Falta injustificada,8,No
3141,2023-11-21,798,1,1,15,1,Enfermedad,8,Sí
3142,2023-11-26,812,1,4,4,2,Falta injustificada,8,No
3143,2023-11-18,816,4,12,27,1,Enfermedad,8,Sí
3144,2023-11-20,821,2,7,26,2,Enfermedad,8,Sí
3145,2023-11-16,826,1,1,15,2,Permiso personal,8,Sí
3146,2023-11-26,826,1,1,15,2,Permiso personal,8,Sí
3147,2023-11-03,839,2,6,25,1,Permiso personal,8,Sí
3148,2023-11-16,839,2,6,25,1,Permiso personal,8,Sí
3149,2023-11-26,842,1,5,11,1,Enfermedad,8,Sí
3150,2023-11-10,853,1,1,11,2,Enfermedad,4,Sí
3151,2023-11-14,853,1,1,11,2,Permiso personal,8,Sí
3152,2023-11-07,854,1,1,7,2,Enfermedad,8,Sí
3153,2023-11-05,858,1,4,14,2,Enfermedad,8,Sí
3154,2023-11-30,858,1,4,14,2,Enfermedad,8,Sí
3155,2023-11-18,872,2,6,25,2,Falta injustificada,8,No
3156,2023-11-25,872,2,6,25,2,Permiso personal,8,Sí
3157,2023-11-09,874,1,3,11,1,Enfermedad,8,Sí
3158,2023-11-16,874,1,3,11,1,Permiso personal,8,Sí
3159,2023-11-27,874,1,3,11,1,Enfermedad,8,Sí
3160,2023-11-14,882,2,6,25,2,Enfermedad,8,Sí
3161,2023-11-21,883,1,2,18,2,Falta injustificada,8,No
3162,2023-11-28,884,1,5,24,1,Permiso personal,8,Sí
3163,2023-11-18,887,1,2,10,2,Enfermedad,8,Sí
3164,2023-12-02,1,1,1,3,4,Enfermedad,8,Sí
3165,2023-12-04,1,1,1,3,4,Falta injustificada,8,No
3166,2023-12-23,2,2,7,25,4,Enfermedad,8,Sí
3167,2023-12-07,3,1,4,11,4,Permiso personal,4,Sí
3168,2023-12-03,4,1,1,23,4,Enfermedad,4,Sí
3169,2023-12-23,8,2,8,25,3,Enfermedad,8,Sí
3170,2023-12-15,9,1,1,11,4,Enfermedad,4,Sí
3171,2023-12-05,12,1,5,10,3,Permiso personal,4,Sí
3172,2023-12-01,13,1,5,8,3,Permiso personal,4,Sí
3173,2023-12-15,13,1,5,8,3,Falta injustificada,8,No
3174,2023-12-27,13,1,5,8,3,Permiso personal,8,Sí
3175,2023-12-04,17,6,15,27,4,Enfermedad,4,Sí
3176,2023-12-08,18,4,11,27,3,Falta injustificada,8,No
3177,2023-12-14,18,4,11,27,3,Enfermedad,8,Sí
3178,2023-12-19,20,1,2,24,3,Permiso personal,8,Sí
3179,2023-12-07,21,1,3,21,4,Enfermedad,8,Sí
3180,2023-12-17,24,2,7,26,3,Enfermedad,4,Sí
3181,2023-12-06,25,1,3,11,4,Enfermedad,4,Sí
3182,2023-12-22,25,1,3,11,4,Permiso personal,8,Sí
3183,2023-12-20,28,1,1,21,3,Enfermedad,8,Sí
3184,2023-12-30,29,1,1,9,4,Permiso personal,8,Sí
3185,2023-12-15,31,1,5,21,3,Enfermedad,8,Sí
3186,2023-12-25,31,1,5,21,3,Permiso personal,8,Sí
3187,2023-12-26,35,1,1,11,4,Enfermedad,8,Sí
3188,2023-12-04,36,1,3,20,4,Enfermedad,8,Sí
3189,2023-12-24,36,1,3,20,4,Enfermedad,8,Sí
3190,2023-12-27,40,1,1,3,4,Enfermedad,8,Sí
3191,2023-12-02,47,1,1,5,4,Enfermedad,8,Sí
3192,2023-12-22,47,1,1,5,4,Enfermedad,8,Sí
3193,2023-12-13,48,1,5,12,3,Enfermedad,8,Sí
3194,2023-12-14,49,1,3,19,3,Permiso personal,8,Sí
3195,2023-12-11,50,2,7,26,4,Enfermedad,8,Sí
3196,2023-12-23,50,2,7,26,4,Enfermedad,8,Sí
3197,2023-12-26,50,2,7,26,4,Enfermedad,8,Sí
3198,2023-12-10,51,1,2,11,4,Permiso personal,8,Sí
3199,2023-12-06,53,1,5,11,4,Enfermedad,8,Sí
3200,2023-12-10,53,1,5,11,4,Permiso personal,8,Sí
3201,2023-12-07,54,1,4,19,4,Enfermedad,8,Sí
3202,2023-12-21,54,1,4,19,4,Permiso personal,8,Sí
3203,2023-12-07,55,2,6,26,3,Enfermedad,4,Sí
3204,2023-12-02,58,1,3,10,4,Permiso personal,8,Sí
3205,2023-12-15,59,1,4,7,3,Permiso personal,8,Sí
3206,2023-12-21,59,1,4,7,3,Enfermedad,8,Sí
3207,2023-12-30,59,1,4,7,3,Permiso personal,8,Sí
3208,2023-12-22,66,1,5,7,4,Enfermedad,8,Sí
3209,2023-12-07,73,1,2,9,3,Enfermedad,8,Sí
3210,2023-12-08,73,1,2,9,3,Enfermedad,4,Sí
3211,2023-12-09,73,1,2,9,3,Falta injustificada,8,No
3212,2023-12-17,73,1,2,9,3,Enfermedad,8,Sí
3213,2023-12-12,75,1,5,18,3,Enfermedad,4,Sí
3214,2023-12-13,77,2,6,25,4,Permiso personal,4,Sí
3215,2023-12-05,78,3,9,27,4,Enfermedad,4,Sí
3216,2023-12-02,81,1,5,7,4,Permiso personal,8,Sí
3217,2023-12-12,82,1,5,22,3,Permiso personal,4,Sí
3218,2023-12-03,85,6,16,27,4,Falta injustificada,8,No
3219,2023-12-03,87,2,7,26,4,Enfermedad,8,Sí
3220,2023-12-18,87,2,7,26,4,Enfermedad,8,Sí
3221,2023-12-15,88,1,3,19,4,Falta injustificada,8,No
3222,2023-12-17,88,1,3,19,4,Enfermedad,8,Sí
3223,2023-12-21,90,2,6,26,4,Enfermedad,4,Sí
3224,2023-12-10,93,1,4,14,3,Enfermedad,4,Sí
3225,2023-12-17,93,1,4,14,3,Enfermedad,8,Sí
3226,2023-12-21,95,1,2,11,4,Enfermedad,4,Sí
3227,2023-12-26,97,1,3,3,3,Enfermedad,8,Sí
3228,2023-12-03,99,1,2,5,4,Enfermedad,4,Sí
3229,2023-12-26,100,1,4,23,3,Enfermedad,8,Sí
3230,2023-12-01,102,1,1,14,4,Enfermedad,8,Sí
3231,2023-12-02,103,1,2,23,4,Permiso personal,8,Sí
3232,2023-12-03,105,1,3,5,4,Permiso personal,8,Sí
3233,2023-12-04,105,1,3,5,4,Enfermedad,4,Sí
3234,2023-12-26,106,1,4,6,4,Falta injustificada,8,No
3235,2023-12-01,108,1,2,17,4,Enfermedad,8,Sí
3236,2023-12-03,108,1,2,17,4,Enfermedad,8,Sí
3237,2023-12-09,109,1,1,8,4,Enfermedad,4,Sí
3238,2023-12-25,112,1,1,9,4,Enfermedad,8,Sí
3239,2023-12-15,117,5,13,27,4,Permiso personal,8,Sí
3240,2023-12-09,120,1,1,17,4,Permiso personal,4,Sí
3241,2023-12-16,120,1,1,17,4,Enfermedad,4,Sí
3242,2023-12-16,122,1,2,21,4,Enfermedad,8,Sí
3243,2023-12-08,123,1,4,17,4,Enfermedad,8,Sí
3244,2023-12-12,124,1,1,15,4,Falta injustificada,8,No
3245,2023-12-28,124,1,1,15,4,Permiso personal,4,Sí
3246,2023-12-27,125,1,2,5,4,Enfermedad,8,Sí
3247,2023-12-29,125,1,2,5,4,Enfermedad,8,Sí
3248,2023-12-02,128,1,2,2,4,Enfermedad,4,Sí
3249,2023-12-22,128,1,2,2,4,Permiso personal,8,Sí
3250,2023-12-15,129,1,1,21,4,Falta injustificada,8,No
3251,2023-12-24,130,1,5,5,4,Permiso personal,8,Sí
3252,2023-12-15,135,1,4,18,4,Permiso personal,4,Sí
3253,2023-12-07,136,1,2,11,4,Enfermedad,8,Sí
3254,2023-12-10,137,1,1,8,4,Enfermedad,8,Sí
3255,2023-12-27,137,1,1,8,4,Permiso personal,8,Sí
3256,2023-12-05,139,1,5,11,3,Enfermedad,8,Sí
3257,2023-12-06,139,1,5,11,3,Permiso personal,8,Sí
3258,2023-12-27,139,1,5,11,3,Falta injustificada,8,No
3259,2023-12-17,142,1,2,8,3,Falta injustificada,4,No
3260,2023-12-30,143,1,5,19,4,Enfermedad,8,Sí
3261,2023-12-14,147,1,2,21,4,Enfermedad,4,Sí
3262,2023-12-21,147,1,2,21,4,Permiso personal,8,Sí
3263,2023-12-27,148,1,1,24,3,Enfermedad,4,Sí
3264,2023-12-08,152,1,1,20,3,Enfermedad,8,Sí
3265,2023-12-09,155,2,6,26,4,Enfermedad,4,Sí
3266,2023-12-04,161,1,3,22,4,Enfermedad,8,Sí
3267,2023-12-21,166,1,1,5,4,Enfermedad,8,Sí
3268,2023-12-16,169,1,1,7,3,Permiso personal,8,Sí
3269,2023-12-22,172,2,6,26,3,Enfermedad,8,Sí
3270,2023-12-07,178,1,5,8,4,Permiso personal,8,Sí
3271,2023-12-13,179,2,7,25,4,Falta injustificada,4,No
3272,2023-12-07,180,1,3,6,3,Enfermedad,8,Sí
3273,2023-12-09,180,1,3,6,3,Enfermedad,4,Sí
3274,2023-12-30,180,1,3,6,3,Enfermedad,4,Sí
3275,2023-12-11,182,1,1,23,4,Enfermedad,8,Sí
3276,2023-12-19,183,6,15,27,4,Falta injustificada,8,No
3277,2023-12-08,186,1,1,11,4,Permiso personal,4,Sí
3278,2023-12-29,186,1,1,11,4,Enfermedad,8,Sí
3279,2023-12-19,187,1,3,20,4,Enfermedad,4,Sí
3280,2023-12-14,189,1,4,2,4,Permiso personal,8,Sí
3281,2023-12-16,190,6,16,27,3,Enfermedad,8,Sí
3282,2023-12-24,190,6,16,27,3,Enfermedad,8,Sí
3283,2023-12-11,192,1,1,2,4,Enfermedad,8,Sí
3284,2023-12-29,192,1,1,2,4,Enfermedad,8,Sí
3285,2023-12-07,193,1,4,21,3,Enfermedad,8,Sí
3286,2023-12-28,193,1,4,21,3,Falta injustificada,4,No
3287,2023-12-24,196,1,3,20,3,Permiso personal,4,Sí
3288,2023-12-23,199,6,15,27,4,Enfermedad,4,Sí
3289,2023-12-24,200,1,1,12,4,Permiso personal,4,Sí
3290,2023-12-07,207,1,1,3,4,Permiso personal,8,Sí
3291,2023-12-06,208,2,6,25,4,Falta injustificada,8,No
3292,2023-12-05,209,1,5,15,3,Falta injustificada,4,No
3293,2023-12-18,213,1,4,14,4,Enfermedad,4,Sí
3294,2023-12-16,214,1,4,4,4,Enfermedad,8,Sí
3295,2023-12-23,214,1,4,4,4,Enfermedad,8,Sí
3296,2023-12-24,214,1,4,4,4,Enfermedad,4,Sí
3297,2023-12-12,216,1,4,20,3,Enfermedad,8,Sí
3298,2023-12-29,216,1,4,20,3,Enfermedad,8,Sí
3299,2023-12-04,220,1,2,9,3,Enfermedad,8,Sí
3300,2023-12-02,222,1,2,4,4,Enfermedad,4,Sí
3301,2023-12-03,224,5,14,27,3,Falta injustificada,8,No
3302,2023-12-24,227,1,1,9,3,Enfermedad,4,Sí
3303,2023-12-02,235,1,3,17,3,Enfermedad,8,Sí
3304,2023-12-06,238,1,1,12,4,Enfermedad,4,Sí
3305,2023-12-30,241,1,1,14,3,Falta injustificada,8,No
3306,2023-12-16,242,1,1,2,4,Enfermedad,8,Sí
3307,2023-12-19,245,1,1,5,3,Falta injustificada,8,No
3308,2023-12-25,246,1,3,19,3,Enfermedad,4,Sí
3309,2023-12-30,247,1,5,17,4,Falta injustificada,8,No
3310,2023-12-22,248,1,4,2,4,Enfermedad,8,Sí
3311,2023-12-03,253,1,2,10,4,Enfermedad,8,Sí
3312,2023-12-07,255,1,1,21,4,Enfermedad,8,Sí
3313,2023-12-26,257,1,2,22,4,Enfermedad,8,Sí
3314,2023-12-27,258,1,4,23,4,Enfermedad,8,Sí
3315,2023-12-29,258,1,4,23,4,Enfermedad,8,Sí
3316,2023-12-01,264,1,2,17,3,Permiso personal,8,Sí
3317,2023-12-26,264,1,2,17,3,Permiso personal,8,Sí
3318,2023-12-18,267,1,5,13,4,Enfermedad,4,Sí
3319,2023-12-01,269,1,1,8,3,Permiso personal,8,Sí
3320,2023-12-23,269,1,1,8,3,Falta injustificada,8,No
3321,2023-12-03,274,1,5,19,4,Enfermedad,4,Sí
3322,2023-12-18,275,1,4,15,4,Permiso personal,8,Sí
3323,2023-12-30,276,1,2,24,3,Enfermedad,8,Sí
3324,2023-12-25,279,1,4,10,3,Enfermedad,4,Sí
3325,2023-12-31,282,1,1,20,3,Enfermedad,8,Sí
3326,2023-12-06,288,1,1,12,4,Permiso personal,8,Sí
3327,2023-12-01,297,1,5,5,4,Enfermedad,8,Sí
3328,2023-12-28,299,2,6,25,3,Enfermedad,8,Sí
3329,2023-12-11,304,1,3,7,4,Enfermedad,8,Sí
3330,2023-12-31,304,1,3,7,4,Enfermedad,8,Sí
3331,2023-12-12,307,1,5,2,3,Enfermedad,8,Sí
3332,2023-12-25,309,1,4,9,4,Enfermedad,8,Sí
3333,2023-12-16,310,1,2,21,4,Enfermedad,8,Sí
3334,2023-12-27,319,1,1,8,3,Falta injustificada,8,No
3335,2023-12-18,321,6,16,27,4,Permiso personal,8,Sí
3336,2023-12-04,323,2,6,26,4,Enfermedad,8,Sí
3337,2023-12-15,324,1,1,15,4,Enfermedad,8,Sí
3338,2023-12-09,331,1,1,4,4,Enfermedad,8,Sí
3339,2023-12-25,332,1,5,23,4,Permiso personal,8,Sí
3340,2023-12-16,333,5,14,27,4,Enfermedad,8,Sí
3341,2023-12-30,334,1,1,11,3,Falta injustificada,8,No
3342,2023-12-08,335,1,5,23,4,Permiso personal,4,Sí
3343,2023-12-25,335,1,5,23,4,Falta injustificada,4,No
3344,2023-12-27,336,1,1,8,4,Enfermedad,8,Sí
3345,2023-12-11,339,1,1,11,4,Enfermedad,8,Sí
3346,2023-12-23,339,1,1,11,4,Enfermedad,8,Sí
3347,2023-12-30,339,1,1,11,4,Falta injustificada,4,No
3348,2023-12-03,345,1,2,7,4,Enfermedad,8,Sí
3349,2023-12-15,345,1,2,7,4,Permiso personal,8,Sí
3350,2023-12-31,346,1,5,14,4,Enfermedad,4,Sí
3351,2023-12-01,347,1,5,10,3,Enfermedad,8,Sí
3352,2023-12-16,347,1,5,10,3,Enfermedad,8,Sí
3353,2023-12-01,349,6,15,27,4,Enfermedad,4,Sí
3354,2023-12-02,352,1,3,7,1,Permiso personal,8,Sí
3355,2023-12-21,355,1,5,2,2,Enfermedad,4,Sí
3356,2023-12-04,360,1,2,23,2,Enfermedad,4,Sí
3357,2023-12-14,360,1,2,23,2,Enfermedad,8,Sí
3358,2023-12-06,376,3,10,27,2,Permiso personal,8,Sí
3359,2023-12-28,378,1,1,17,2,Enfermedad,8,Sí
3360,2023-12-23,380,1,1,5,2,Enfermedad,8,Sí
3361,2023-12-25,384,2,6,25,1,Permiso personal,8,Sí
3362,2023-12-19,397,1,3,7,2,Enfermedad,8,Sí
3363,2023-12-24,428,1,2,15,2,Permiso personal,4,Sí
3364,2023-12-25,428,1,2,15,2,Enfermedad,8,Sí
3365,2023-12-07,440,2,6,25,2,Enfermedad,8,Sí
3366,2023-12-14,440,2,6,25,2,Permiso personal,8,Sí
3367,2023-12-20,449,1,3,24,2,Enfermedad,8,Sí
3368,2023-12-14,455,1,2,12,2,Enfermedad,4,Sí
3369,2023-12-28,455,1,2,12,2,Permiso personal,4,Sí
3370,2023-12-02,457,1,5,9,2,Enfermedad,8,Sí
3371,2023-12-09,457,1,5,9,2,Enfermedad,4,Sí
3372,2023-12-08,475,3,9,27,1,Enfermedad,8,Sí
3373,2023-12-15,479,1,1,5,2,Enfermedad,8,Sí
3374,2023-12-06,481,1,1,20,1,Enfermedad,8,Sí
3375,2023-12-30,481,1,1,20,1,Enfermedad,8,Sí
3376,2023-12-17,486,1,4,18,2,Enfermedad,8,Sí
3377,2023-12-25,486,1,4,18,2,Enfermedad,8,Sí
3378,2023-12-05,490,3,10,27,2,Enfermedad,8,Sí
3379,2023-12-07,496,1,5,5,2,Falta injustificada,8,No
3380,2023-12-28,507,1,5,23,1,Enfermedad,8,Sí
3381,2023-12-08,510,5,14,27,2,Enfermedad,4,Sí
3382,2023-12-26,510,5,14,27,2,Enfermedad,8,Sí
3383,2023-12-18,519,1,5,8,2,Permiso personal,4,Sí
3384,2023-12-30,523,1,1,9,2,Permiso personal,4,Sí
3385,2023-12-25,532,1,5,11,2,Permiso personal,4,Sí
3386,2023-12-10,534,1,2,22,2,Enfermedad,8,Sí
3387,2023-12-16,536,1,1,21,2,Permiso personal,4,Sí
3388,2023-12-29,536,1,1,21,2,Permiso personal,8,Sí
3389,2023-12-30,536,1,1,21,2,Permiso personal,8,Sí
3390,2023-12-09,540,1,3,14,2,Falta injustificada,8,No
3391,2023-12-16,540,1,3,14,2,Enfermedad,8,Sí
3392,2023-12-17,543,1,1,7,1,Permiso personal,8,Sí
3393,2023-12-29,543,1,1,7,1,Enfermedad,4,Sí
3394,2023-12-14,546,1,1,11,2,Falta injustificada,8,No
3395,2023-12-23,547,1,2,8,2,Permiso personal,8,Sí
3396,2023-12-27,553,1,4,3,2,Enfermedad,8,Sí
3397,2023-12-03,567,1,3,12,2,Enfermedad,8,Sí
3398,2023-12-27,567,1,3,12,2,Enfermedad,8,Sí
3399,2023-12-09,572,1,5,23,2,Enfermedad,8,Sí
3400,2023-12-27,573,1,3,15,1,Enfermedad,8,Sí
3401,2023-12-28,573,1,3,15,1,Enfermedad,8,Sí
3402,2023-12-30,579,1,1,2,2,Permiso personal,4,Sí
3403,2023-12-17,581,1,2,14,2,Permiso personal,8,Sí
3404,2023-12-16,586,1,1,23,2,Permiso personal,8,Sí
3405,2023-12-03,589,1,1,4,2,Enfermedad,8,Sí
3406,2023-12-12,589,1,1,4,2,Falta injustificada,8,No
3407,2023-12-25,589,1,1,4,2,Enfermedad,8,Sí
3408,2023-12-24,590,1,1,2,2,Enfermedad,4,Sí
3409,2023-12-06,613,1,2,5,2,Falta injustificada,8,No
3410,2023-12-03,617,1,1,24,2,Permiso personal,8,Sí
3411,2023-12-26,617,1,1,24,2,Enfermedad,8,Sí
3412,2023-12-04,622,1,2,8,2,Enfermedad,8,Sí
3413,2023-12-05,638,1,5,24,1,Enfermedad,8,Sí
3414,2023-12-11,643,1,5,21,2,Enfermedad,8,Sí
3415,2023-12-20,645,1,5,2,1,Permiso personal,8,Sí
3416,2023-12-17,648,1,5,12,2,Falta injustificada,4,No
3417,2023-12-27,648,1,5,12,2,Enfermedad,8,Sí
3418,2023-12-22,678,1,2,2,1,Permiso personal,4,Sí
3419,2023-12-09,681,1,1,9,2,Enfermedad,8,Sí
3420,2023-12-25,681,1,1,9,2,Enfermedad,4,Sí
3421,2023-12-03,686,1,1,1,2,Permiso personal,4,Sí
3422,2023-12-24,686,1,1,1,2,Enfermedad,8,Sí
3423,2023-12-05,712,1,2,11,2,Enfermedad,8,Sí
3424,2023-12-19,712,1,2,11,2,Permiso personal,8,Sí
3425,2023-12-25,716,1,4,8,2,Permiso personal,4,Sí
3426,2023-12-15,717,2,7,25,2,Permiso personal,8,Sí
3427,2023-12-02,733,1,3,20,2,Enfermedad,8,Sí
3428,2023-12-12,744,1,5,24,2,Permiso personal,4,Sí
3429,2023-12-16,744,1,5,24,2,Falta injustificada,8,No
3430,2023-12-17,744,1,5,24,2,Enfermedad,8,Sí
3431,2023-12-05,756,1,3,22,1,Permiso personal,8,Sí
3432,2023-12-12,756,1,3,22,1,Permiso personal,8,Sí
3433,2023-12-26,756,1,3,22,1,Enfermedad,8,Sí
3434,2023-12-20,767,2,6,25,1,Permiso personal,8,Sí
3435,2023-12-01,786,1,1,22,1,Enfermedad,8,Sí
3436,2023-12-09,786,1,1,22,1,Enfermedad,8,Sí
3437,2023-12-11,792,1,2,16,2,Enfermedad,8,Sí
3438,2023-12-19,792,1,2,16,2,Enfermedad,8,Sí
3439,2023-12-20,792,1,2,16,2,Permiso personal,8,Sí
3440,2023-12-11,812,1,4,4,2,Permiso personal,4,Sí
3441,2023-12-20,812,1,4,4,2,Permiso personal,8,Sí
3442,2023-12-02,824,1,1,11,2,Enfermedad,8,Sí
3443,2023-12-30,824,1,1,11,2,Permiso personal,4,Sí
3444,2023-12-17,836,5,13,27,2,Enfermedad,8,Sí
3445,2023-12-30,836,5,13,27,2,Enfermedad,8,Sí
3446,2023-12-08,842,1,5,11,2,Enfermedad,8,Sí
3447,2023-12-15,842,1,5,11,2,Permiso personal,8,Sí
3448,2023-12-19,842,1,5,11,2,Permiso personal,8,Sí
3449,2023-12-29,849,1,5,2,2,Enfermedad,4,Sí
3450,2023-12-13,854,1,1,7,2,Permiso personal,4,Sí
3451,2023-12-27,854,1,1,7,2,Enfermedad,8,Sí
3452,2023-12-12,855,1,2,3,1,Enfermedad,8,Sí
3453,2023-12-24,855,1,2,3,1,Enfermedad,8,Sí
3454,2023-12-27,855,1,2,3,1,Enfermedad,4,Sí
3455,2023-12-24,858,1,4,14,2,Enfermedad,8,Sí
3456,2023-12-02,864,1,4,21,2,Enfermedad,8,Sí
3457,2023-12-09,864,1,4,21,2,Enfermedad,4,Sí
3458,2023-12-22,864,1,4,21,2,Permiso personal,8,Sí
3459,2023-12-18,867,1,1,2,1,Falta injustificada,4,No
3460,2023-12-22,867,1,1,2,1,Permiso personal,8,Sí
3461,2023-12-08,874,1,3,11,1,Permiso personal,8,Sí
3462,2023-12-11,874,1,3,11,1,Enfermedad,8,Sí
3463,2023-12-10,883,1,2,18,2,Falta injustificada,8,No
3464,2023-12-31,883,1,2,18,2,Enfermedad,8,Sí
3465,2023-12-16,885,1,1,20,2,Enfermedad,8,Sí
3466,2023-12-02,890,1,4,22,2,Enfermedad,4,Sí
3467,2023-12-13,896,1,2,11,2,Enfermedad,8,Sí
3468,2024-01-22,1,1,1,3,4,Enfermedad,8,Sí
3469,2024-01-08,2,2,7,25,4,Enfermedad,8,Sí
3470,2024-01-12,3,1,4,11,4,Enfermedad,8,Sí
3471,2024-01-13,3,1,4,11,4,Enfermedad,4,Sí
3472,2024-01-22,8,2,8,25,3,Permiso personal,8,Sí
3473,2024-01-06,12,1,5,10,3,Falta injustificada,8,No
3474,2024-01-25,12,1,5,10,3,Enfermedad,8,Sí
3475,2024-01-26,13,1,5,8,3,Falta injustificada,8,No
3476,2024-01-25,18,4,11,27,3,Falta injustificada,8,No
3477,2024-01-27,18,4,11,27,3,Falta injustificada,4,No
3478,2024-01-24,20,1,2,24,3,Falta injustificada,4,No
3479,2024-01-25,21,1,3,21,4,Enfermedad,8,Sí
3480,2024-01-28,22,1,5,18,3,Enfermedad,4,Sí
3481,2024-01-25,25,1,3,11,4,Enfermedad,4,Sí
3482,2024-01-05,26,1,1,14,4,Permiso personal,8,Sí
3483,2024-01-12,26,1,1,14,4,Falta injustificada,8,No
3484,2024-01-25,28,1,1,21,3,Permiso personal,8,Sí
3485,2024-01-29,29,1,1,9,4,Enfermedad,8,Sí
3486,2024-01-18,34,1,1,20,3,Enfermedad,4,Sí
3487,2024-01-13,36,1,3,20,4,Enfermedad,8,Sí
3488,2024-01-17,40,1,1,3,4,Enfermedad,8,Sí
3489,2024-01-16,44,1,1,23,3,Falta injustificada,4,No
3490,2024-01-05,47,1,1,5,4,Permiso personal,8,Sí
3491,2024-01-31,48,1,5,12,4,Permiso personal,4,Sí
3492,2024-01-09,49,1,3,19,3,Enfermedad,8,Sí
3493,2024-01-18,49,1,3,19,3,Permiso personal,4,Sí
3494,2024-01-28,49,1,3,19,3,Enfermedad,4,Sí
3495,2024-01-06,51,1,2,11,4,Enfermedad,8,Sí
3496,2024-01-29,55,2,6,26,3,Enfermedad,8,Sí
3497,2024-01-01,58,1,3,10,4,Enfermedad,8,Sí
3498,2024-01-07,59,1,4,7,3,Falta injustificada,4,No
3499,2024-01-15,63,1,2,14,3,Enfermedad,8,Sí
3500,2024-01-19,68,1,2,7,4,Permiso personal,8,Sí
3501,2024-01-26,68,1,2,7,4,Enfermedad,8,Sí
3502,2024-01-28,70,2,6,26,4,Enfermedad,8,Sí
3503,2024-01-08,72,1,1,21,4,Permiso personal,8,Sí
3504,2024-01-09,72,1,1,21,4,Enfermedad,8,Sí
3505,2024-01-29,72,1,1,21,4,Falta injustificada,8,No
3506,2024-01-05,76,1,1,23,3,Permiso personal,8,Sí
3507,2024-01-12,80,1,3,12,4,Permiso personal,8,Sí
3508,2024-01-19,82,1,5,22,3,Enfermedad,8,Sí
3509,2024-01-05,86,1,5,14,3,Enfermedad,8,Sí
3510,2024-01-22,86,1,5,14,3,Enfermedad,8,Sí
3511,2024-01-11,91,2,6,26,4,Enfermedad,8,Sí
3512,2024-01-17,91,2,6,26,4,Enfermedad,4,Sí
3513,2024-01-06,95,1,2,11,4,Enfermedad,8,Sí
3514,2024-01-02,97,1,3,3,3,Permiso personal,8,Sí
3515,2024-01-10,98,1,3,18,3,Falta injustificada,8,No
3516,2024-01-23,103,1,2,23,4,Falta injustificada,4,No
3517,2024-01-14,106,1,4,6,4,Enfermedad,8,Sí
3518,2024-01-08,108,1,2,17,4,Permiso personal,8,Sí
3519,2024-01-04,109,1,1,8,4,Permiso personal,4,Sí
3520,2024-01-30,110,1,3,8,3,Enfermedad,4,Sí
3521,2024-01-18,112,1,1,9,4,Enfermedad,4,Sí
3522,2024-01-12,117,5,13,27,4,Enfermedad,4,Sí
3523,2024-01-10,119,1,5,4,3,Enfermedad,8,Sí
3524,2024-01-25,122,1,2,21,4,Enfermedad,8,Sí
3525,2024-01-16,124,1,1,15,4,Falta injustificada,8,No
3526,2024-01-03,126,1,1,12,4,Enfermedad,8,Sí
3527,2024-01-21,126,1,1,12,4,Enfermedad,8,Sí
3528,2024-01-31,126,1,1,12,4,Permiso personal,8,Sí
3529,2024-01-29,128,1,2,2,4,Falta injustificada,8,No
3530,2024-01-07,129,1,1,21,4,Enfermedad,8,Sí
3531,2024-01-20,129,1,1,21,4,Enfermedad,8,Sí
3532,2024-01-28,129,1,1,21,4,Enfermedad,8,Sí
3533,2024-01-05,130,1,5,5,4,Enfermedad,8,Sí
3534,2024-01-30,135,1,4,18,4,Permiso personal,4,Sí
3535,2024-01-24,137,1,1,8,4,Permiso personal,4,Sí
3536,2024-01-26,137,1,1,8,4,Enfermedad,4,Sí
3537,2024-01-25,138,1,4,7,3,Enfermedad,8,Sí
3538,2024-01-16,139,1,5,11,3,Permiso personal,8,Sí
3539,2024-01-17,139,1,5,11,3,Falta injustificada,8,No
3540,2024-01-15,140,1,1,22,4,Enfermedad,8,Sí
3541,2024-01-18,140,1,1,22,4,Permiso personal,8,Sí
3542,2024-01-29,142,1,2,8,3,Enfermedad,8,Sí
3543,2024-01-11,145,1,2,1,4,Permiso personal,8,Sí
3544,2024-01-05,146,1,1,4,4,Enfermedad,8,Sí
3545,2024-01-08,146,1,1,4,4,Permiso personal,4,Sí
3546,2024-01-29,147,1,2,21,4,Permiso personal,8,Sí
3547,2024-01-29,148,1,1,24,3,Enfermedad,8,Sí
3548,2024-01-09,160,1,3,19,4,Enfermedad,4,Sí
3549,2024-01-31,161,1,3,22,4,Falta injustificada,8,No
3550,2024-01-04,168,1,3,6,4,Enfermedad,8,Sí
3551,2024-01-16,168,1,3,6,4,Enfermedad,8,Sí
3552,2024-01-21,169,1,1,7,3,Enfermedad,8,Sí
3553,2024-01-05,171,1,4,4,4,Falta injustificada,8,No
3554,2024-01-11,174,1,2,16,4,Enfermedad,8,Sí
3555,2024-01-18,174,1,2,16,4,Permiso personal,8,Sí
3556,2024-01-26,174,1,2,16,4,Enfermedad,8,Sí
3557,2024-01-13,178,1,5,8,4,Enfermedad,8,Sí
3558,2024-01-22,178,1,5,8,4,Enfermedad,8,Sí
3559,2024-01-10,179,2,7,25,4,Falta injustificada,8,No
3560,2024-01-23,181,1,1,9,3,Enfermedad,4,Sí
3561,2024-01-16,183,6,15,27,4,Permiso personal,8,Sí
3562,2024-01-13,184,1,1,11,4,Falta injustificada,8,No
3563,2024-01-03,187,1,3,20,4,Enfermedad,8,Sí
3564,2024-01-13,187,1,3,20,4,Enfermedad,4,Sí
3565,2024-01-05,188,1,4,1,3,Enfermedad,8,Sí
3566,2024-01-15,191,1,3,7,4,Permiso personal,8,Sí
3567,2024-01-29,192,1,1,2,4,Enfermedad,4,Sí
3568,2024-01-03,200,1,1,12,4,Enfermedad,8,Sí
3569,2024-01-27,200,1,1,12,4,Enfermedad,8,Sí
3570,2024-01-11,207,1,1,3,4,Enfermedad,8,Sí
3571,2024-01-22,209,1,5,15,3,Permiso personal,8,Sí
3572,2024-01-05,212,1,2,12,4,Permiso personal,8,Sí
3573,2024-01-12,212,1,2,12,4,Enfermedad,4,Sí
3574,2024-01-26,214,1,4,4,4,Enfermedad,8,Sí
3575,2024-01-08,219,1,2,3,4,Permiso personal,4,Sí
3576,2024-01-11,222,1,2,4,4,Permiso personal,8,Sí
3577,2024-01-17,222,1,2,4,4,Permiso personal,4,Sí
3578,2024-01-20,227,1,1,9,3,Enfermedad,4,Sí
3579,2024-01-30,229,2,8,25,3,Enfermedad,4,Sí
3580,2024-01-29,230,1,3,17,4,Enfermedad,8,Sí
3581,2024-01-30,236,1,1,2,4,Enfermedad,4,Sí
3582,2024-01-02,238,1,1,12,4,Permiso personal,8,Sí
3583,2024-01-08,238,1,1,12,4,Permiso personal,8,Sí
3584,2024-01-18,238,1,1,12,4,Enfermedad,8,Sí
3585,2024-01-08,239,1,3,8,4,Enfermedad,8,Sí
3586,2024-01-27,239,1,3,8,4,Enfermedad,8,Sí
3587,2024-01-09,246,1,3,19,3,Enfermedad,8,Sí
3588,2024-01-11,248,1,4,2,4,Permiso personal,4,Sí
3589,2024-01-19,248,1,4,2,4,Enfermedad,8,Sí
3590,2024-01-08,252,1,2,21,3,Enfermedad,8,Sí
3591,2024-01-03,253,1,2,10,4,Permiso personal,8,Sí
3592,2024-01-01,254,1,2,19,4,Enfermedad,8,Sí
3593,2024-01-09,254,1,2,19,4,Enfermedad,4,Sí
3594,2024-01-20,254,1,2,19,4,Permiso personal,4,Sí
3595,2024-01-29,255,1,1,21,4,Enfermedad,8,Sí
3596,2024-01-06,256,1,4,21,4,Permiso personal,8,Sí
3597,2024-01-25,256,1,4,21,4,Enfermedad,4,Sí
3598,2024-01-30,257,1,2,22,4,Falta injustificada,4,No
3599,2024-01-27,269,1,1,8,3,Enfermedad,8,Sí
3600,2024-01-28,274,1,5,19,4,Falta injustificada,8,No
3601,2024-01-09,285,5,14,27,3,Enfermedad,4,Sí
3602,2024-01-16,288,1,1,12,4,Enfermedad,4,Sí
3603,2024-01-28,291,1,2,2,4,Falta injustificada,8,No
3604,2024-01-26,292,2,6,26,4,Permiso personal,8,Sí
3605,2024-01-29,293,1,1,23,3,Enfermedad,8,Sí
3606,2024-01-01,294,1,1,1,3,Permiso personal,8,Sí
3607,2024-01-09,295,1,5,18,4,Enfermedad,8,Sí
3608,2024-01-10,301,1,5,1,4,Permiso personal,4,Sí
3609,2024-01-15,301,1,5,1,4,Permiso personal,8,Sí
3610,2024-01-05,304,1,3,7,4,Falta injustificada,8,No
3611,2024-01-22,304,1,3,7,4,Enfermedad,8,Sí
3612,2024-01-08,307,1,5,2,3,Enfermedad,8,Sí
3613,2024-01-01,309,1,4,9,4,Enfermedad,8,Sí
3614,2024-01-09,309,1,4,9,4,Permiso personal,8,Sí
3615,2024-01-21,310,1,2,21,4,Enfermedad,8,Sí
3616,2024-01-05,312,1,1,21,4,Permiso personal,8,Sí
3617,2024-01-02,315,1,1,14,4,Permiso personal,8,Sí
3618,2024-01-06,319,1,1,8,3,Permiso personal,8,Sí
3619,2024-01-26,319,1,1,8,3,Enfermedad,8,Sí
3620,2024-01-23,320,1,4,10,3,Enfermedad,8,Sí
3621,2024-01-31,320,1,4,10,3,Enfermedad,8,Sí
3622,2024-01-25,321,6,16,27,4,Enfermedad,8,Sí
3623,2024-01-01,322,6,16,27,3,Enfermedad,8,Sí
3624,2024-01-09,322,6,16,27,3,Falta injustificada,8,No
3625,2024-01-17,323,2,6,26,4,Enfermedad,8,Sí
3626,2024-01-21,323,2,6,26,4,Permiso personal,8,Sí
3627,2024-01-09,324,1,1,15,4,Permiso personal,8,Sí
3628,2024-01-19,326,1,1,15,4,Enfermedad,8,Sí
3629,2024-01-14,329,2,6,26,4,Permiso personal,8,Sí
3630,2024-01-02,331,1,1,4,4,Enfermedad,8,Sí
3631,2024-01-15,331,1,1,4,4,Enfermedad,8,Sí
3632,2024-01-14,333,5,14,27,4,Enfermedad,8,Sí
3633,2024-01-31,333,5,14,27,4,Permiso personal,8,Sí
3634,2024-01-15,335,1,5,23,4,Enfermedad,8,Sí
3635,2024-01-23,335,1,5,23,4,Permiso personal,8,Sí
3636,2024-01-24,335,1,5,23,4,Permiso personal,8,Sí
3637,2024-01-29,336,1,1,8,4,Enfermedad,8,Sí
3638,2024-01-25,339,1,1,11,4,Enfermedad,8,Sí
3639,2024-01-20,340,5,13,27,4,Enfermedad,8,Sí
3640,2024-01-02,341,1,1,7,4,Permiso personal,8,Sí
3641,2024-01-20,344,1,1,24,4,Permiso personal,8,Sí
3642,2024-01-15,345,1,2,7,4,Permiso personal,4,Sí
3643,2024-01-21,345,1,2,7,4,Enfermedad,4,Sí
3644,2024-01-04,347,1,5,10,3,Enfermedad,8,Sí
3645,2024-01-12,347,1,5,10,3,Enfermedad,8,Sí
3646,2024-01-11,348,1,4,13,4,Enfermedad,4,Sí
3647,2024-01-26,348,1,4,13,4,Permiso personal,4,Sí
3648,2024-01-03,349,6,15,27,4,Enfermedad,8,Sí
3649,2024-01-03,350,1,5,23,4,Enfermedad,8,Sí
3650,2024-01-29,350,1,5,23,4,Enfermedad,4,Sí
3651,2024-01-14,351,1,1,11,1,Enfermedad,4,Sí
3652,2024-01-07,352,1,3,7,2,Enfermedad,4,Sí
3653,2024-01-05,360,1,2,23,2,Permiso personal,4,Sí
3654,2024-01-16,376,3,10,27,3,Falta injustificada,4,No
3655,2024-01-12,387,1,5,18,2,Enfermedad,8,Sí
3656,2024-01-03,393,1,4,4,1,Enfermedad,8,Sí
3657,2024-01-15,428,1,2,15,2,Permiso personal,8,Sí
3658,2024-01-04,446,1,4,2,2,Permiso personal,8,Sí
3659,2024-01-13,446,1,4,2,2,Permiso personal,8,Sí
3660,2024-01-01,449,1,3,24,2,Falta injustificada,8,No
3661,2024-01-30,455,1,2,12,2,Enfermedad,8,Sí
3662,2024-01-16,471,1,2,2,1,Enfermedad,8,Sí
3663,2024-01-23,471,1,2,2,1,Permiso personal,8,Sí
3664,2024-01-13,472,1,1,9,2,Permiso personal,8,Sí
3665,2024-01-26,479,1,1,5,2,Enfermedad,8,Sí
3666,2024-01-29,490,3,10,27,3,Enfermedad,4,Sí
3667,2024-01-11,510,5,14,27,2,Enfermedad,8,Sí
3668,2024-01-10,519,1,5,8,2,Enfermedad,4,Sí
3669,2024-01-30,519,1,5,8,2,Enfermedad,8,Sí
3670,2024-01-11,523,1,1,9,2,Enfermedad,8,Sí
3671,2024-01-23,523,1,1,9,2,Permiso personal,8,Sí
3672,2024-01-12,535,1,1,8,2,Falta injustificada,8,No
3673,2024-01-27,535,1,1,8,2,Enfermedad,8,Sí
3674,2024-01-05,536,1,1,21,2,Permiso personal,8,Sí
3675,2024-01-11,536,1,1,21,2,Permiso personal,4,Sí
3676,2024-01-09,540,1,3,14,2,Enfermedad,8,Sí
3677,2024-01-27,540,1,3,14,2,Enfermedad,8,Sí
3678,2024-01-06,543,1,1,7,1,Enfermedad,8,Sí
3679,2024-01-14,543,1,1,7,1,Enfermedad,8,Sí
3680,2024-01-21,543,1,1,7,1,Permiso personal,8,Sí
3681,2024-01-15,546,1,1,11,2,Permiso personal,8,Sí
3682,2024-01-09,547,1,2,8,3,Enfermedad,4,Sí
3683,2024-01-24,566,6,15,27,2,Enfermedad,8,Sí
3684,2024-01-28,581,1,2,14,2,Enfermedad,8,Sí
3685,2024-01-04,586,1,1,23,2,Enfermedad,4,Sí
3686,2024-01-02,589,1,1,4,2,Enfermedad,8,Sí
3687,2024-01-07,589,1,1,4,2,Enfermedad,8,Sí
3688,2024-01-09,590,1,1,2,2,Enfermedad,8,Sí
3689,2024-01-21,604,1,1,24,2,Enfermedad,8,Sí
3690,2024-01-04,605,1,4,16,2,Enfermedad,8,Sí
3691,2024-01-07,617,1,1,24,2,Falta injustificada,4,No
3692,2024-01-10,617,1,1,24,2,Permiso personal,8,Sí
3693,2024-01-21,617,1,1,24,2,Permiso personal,8,Sí
3694,2024-01-31,617,1,1,24,2,Falta injustificada,8,No
3695,2024-01-09,622,1,2,8,2,Falta injustificada,8,No
3696,2024-01-21,625,1,2,6,1,Enfermedad,4,Sí
3697,2024-01-26,635,1,2,21,2,Enfermedad,8,Sí
3698,2024-01-22,643,1,5,21,2,Enfermedad,8,Sí
3699,2024-01-02,649,1,2,6,1,Falta injustificada,8,No
3700,2024-01-12,649,1,2,6,1,Enfermedad,4,Sí
3701,2024-01-22,658,1,5,1,3,Permiso personal,8,Sí
3702,2024-01-18,668,1,1,19,2,Falta injustificada,4,No
3703,2024-01-16,681,1,1,9,2,Falta injustificada,8,No
3704,2024-01-28,707,1,5,22,3,Enfermedad,8,Sí
3705,2024-01-09,716,1,4,8,3,Enfermedad,8,Sí
3706,2024-01-29,716,1,4,8,3,Enfermedad,8,Sí
3707,2024-01-08,741,1,5,20,2,Enfermedad,8,Sí
3708,2024-01-17,741,1,5,20,2,Permiso personal,8,Sí
3709,2024-01-01,744,1,5,24,2,Enfermedad,8,Sí
3710,2024-01-21,756,1,3,22,2,Permiso personal,8,Sí
3711,2024-01-14,765,2,7,26,2,Enfermedad,4,Sí
3712,2024-01-19,765,2,7,26,2,Enfermedad,8,Sí
3713,2024-01-23,765,2,7,26,2,Enfermedad,8,Sí
3714,2024-01-12,767,2,6,25,1,Enfermedad,8,Sí
3715,2024-01-24,767,2,6,25,1,Enfermedad,4,Sí
3716,2024-01-26,767,2,6,25,1,Enfermedad,8,Sí
3717,2024-01-09,768,1,1,18,2,Enfermedad,8,Sí
3718,2024-01-04,775,3,10,27,2,Enfermedad,8,Sí
3719,2024-01-23,784,1,5,9,1,Permiso personal,8,Sí
3720,2024-01-24,784,1,5,9,1,Permiso personal,8,Sí
3721,2024-01-09,786,1,1,22,2,Enfermedad,8,Sí
3722,2024-01-13,786,1,1,22,2,Enfermedad,4,Sí
3723,2024-01-30,792,1,2,16,2,Permiso personal,8,Sí
3724,2024-01-07,807,5,13,27,2,Enfermedad,8,Sí
3725,2024-01-04,812,1,4,4,2,Enfermedad,8,Sí
3726,2024-01-15,812,1,4,4,2,Falta injustificada,8,No
3727,2024-01-30,812,1,4,4,2,Enfermedad,8,Sí
3728,2024-01-03,824,1,1,11,2,Enfermedad,8,Sí
3729,2024-01-12,824,1,1,11,2,Enfermedad,8,Sí
3730,2024-01-03,826,1,1,15,2,Enfermedad,8,Sí
3731,2024-01-14,826,1,1,15,2,Enfermedad,8,Sí
3732,2024-01-14,829,1,1,17,2,Enfermedad,8,Sí
3733,2024-01-03,840,1,4,24,1,Permiso personal,8,Sí
3734,2024-01-09,854,1,1,7,2,Enfermedad,4,Sí
3735,2024-01-31,854,1,1,7,2,Falta injustificada,4,No
3736,2024-01-29,855,1,2,3,2,Enfermedad,4,Sí
3737,2024-01-06,858,1,4,14,2,Falta injustificada,8,No
3738,2024-01-20,862,1,2,4,2,Permiso personal,8,Sí
3739,2024-01-21,862,1,2,4,2,Enfermedad,8,Sí
3740,2024-01-11,864,1,4,21,2,Enfermedad,8,Sí
3741,2024-01-22,874,1,3,11,2,Enfermedad,8,Sí
3742,2024-01-27,883,1,2,18,2,Enfermedad,4,Sí
3743,2024-01-06,884,1,5,24,2,Falta injustificada,8,No
3744,2024-01-04,895,1,3,15,3,Enfermedad,4,Sí
3745,2024-01-31,895,1,3,15,3,Enfermedad,8,Sí
3746,2024-01-04,896,1,2,11,2,Permiso personal,8,Sí
3747,2024-02-04,4,1,1,23,4,Enfermedad,8,Sí
3748,2024-02-07,4,1,1,23,4,Permiso personal,8,Sí
3749,2024-02-01,14,1,4,19,4,Enfermedad,8,Sí
3750,2024-02-26,14,1,4,19,4,Enfermedad,8,Sí
3751,2024-02-21,18,4,11,27,3,Enfermedad,8,Sí
3752,2024-02-14,21,1,3,21,4,Enfermedad,8,Sí
3753,2024-02-23,24,2,7,26,3,Permiso personal,8,Sí
3754,2024-02-25,28,1,1,21,3,Enfermedad,8,Sí
3755,2024-02-18,29,1,1,9,4,Permiso personal,4,Sí
3756,2024-02-04,38,1,3,22,4,Enfermedad,8,Sí
3757,2024-02-16,38,1,3,22,4,Enfermedad,8,Sí
3758,2024-02-16,40,1,1,3,4,Permiso personal,8,Sí
3759,2024-02-24,46,1,4,14,3,Falta injustificada,8,No
3760,2024-02-21,48,1,5,12,4,Enfermedad,8,Sí
3761,2024-02-18,50,2,7,26,4,Falta injustificada,8,No
3762,2024-02-24,51,1,2,11,4,Enfermedad,8,Sí
3763,2024-02-14,54,1,4,19,4,Permiso personal,8,Sí
3764,2024-02-15,54,1,4,19,4,Enfermedad,8,Sí
3765,2024-02-27,54,1,4,19,4,Permiso personal,8,Sí
3766,2024-02-05,55,2,6,26,3,Enfermedad,8,Sí
3767,2024-02-25,58,1,3,10,4,Permiso personal,8,Sí
3768,2024-02-26,63,1,2,14,3,Enfermedad,8,Sí
3769,2024-02-03,67,1,1,2,3,Falta injustificada,8,No
3770,2024-02-09,67,1,1,2,3,Permiso personal,8,Sí
3771,2024-02-06,68,1,2,7,4,Permiso personal,4,Sí
3772,2024-02-18,70,2,6,26,4,Enfermedad,8,Sí
3773,2024-02-11,72,1,1,21,4,Permiso personal,4,Sí
3774,2024-02-18,74,1,1,21,4,Enfermedad,8,Sí
3775,2024-02-09,75,1,5,18,3,Enfermedad,4,Sí
3776,2024-02-26,77,2,6,25,4,Enfermedad,8,Sí
3777,2024-02-05,78,3,9,27,4,Enfermedad,4,Sí
3778,2024-02-02,82,1,5,22,3,Enfermedad,4,Sí
3779,2024-02-20,86,1,5,14,3,Permiso personal,8,Sí
3780,2024-02-09,88,1,3,19,4,Falta injustificada,8,No
3781,2024-02-27,96,1,1,12,4,Permiso personal,4,Sí
3782,2024-02-05,97,1,3,3,4,Permiso personal,8,Sí
3783,2024-02-07,97,1,3,3,4,Permiso personal,4,Sí
3784,2024-02-12,99,1,2,5,4,Permiso personal,8,Sí
3785,2024-02-17,99,1,2,5,4,Enfermedad,4,Sí
3786,2024-02-24,99,1,2,5,4,Enfermedad,8,Sí
3787,2024-02-04,100,1,4,23,3,Enfermedad,8,Sí
3788,2024-02-20,100,1,4,23,3,Enfermedad,4,Sí
3789,2024-02-11,101,5,13,27,3,Falta injustificada,8,No
3790,2024-02-23,102,1,1,14,4,Enfermedad,4,Sí
3791,2024-02-13,104,4,11,27,4,Falta injustificada,8,No
3792,2024-02-15,104,4,11,27,4,Permiso personal,4,Sí
3793,2024-02-07,105,1,3,5,4,Enfermedad,8,Sí
3794,2024-02-25,109,1,1,8,4,Enfermedad,8,Sí
3795,2024-02-08,111,1,3,14,4,Permiso personal,8,Sí
3796,2024-02-06,119,1,5,4,3,Enfermedad,8,Sí
3797,2024-02-14,120,1,1,17,4,Enfermedad,8,Sí
3798,2024-02-17,120,1,1,17,4,Falta injustificada,8,No
3799,2024-02-09,121,1,3,20,3,Enfermedad,4,Sí
3800,2024-02-24,121,1,3,20,3,Permiso personal,8,Sí
3801,2024-02-22,123,1,4,17,4,Falta injustificada,8,No
3802,2024-02-13,124,1,1,15,4,Enfermedad,8,Sí
3803,2024-02-27,126,1,1,12,4,Permiso personal,8,Sí
3804,2024-02-23,128,1,2,2,4,Enfermedad,8,Sí
3805,2024-02-22,130,1,5,5,4,Falta injustificada,4,No
3806,2024-02-15,131,1,5,5,3,Permiso personal,8,Sí
3807,2024-02-12,136,1,2,11,4,Enfermedad,8,Sí
3808,2024-02-11,137,1,1,8,4,Enfermedad,4,Sí
3809,2024-02-16,137,1,1,8,4,Enfermedad,8,Sí
3810,2024-02-16,138,1,4,7,3,Enfermedad,8,Sí
3811,2024-02-09,143,1,5,19,4,Permiso personal,4,Sí
3812,2024-02-02,145,1,2,1,4,Enfermedad,8,Sí
3813,2024-02-13,146,1,1,4,4,Enfermedad,8,Sí
3814,2024-02-24,158,1,4,23,3,Enfermedad,8,Sí
3815,2024-02-19,160,1,3,19,4,Enfermedad,4,Sí
3816,2024-02-22,166,1,1,5,4,Enfermedad,4,Sí
3817,2024-02-24,166,1,1,5,4,Enfermedad,4,Sí
3818,2024-02-17,169,1,1,7,3,Permiso personal,8,Sí
3819,2024-02-28,176,1,1,6,3,Enfermedad,4,Sí
3820,2024-02-09,178,1,5,8,4,Enfermedad,8,Sí
3821,2024-02-04,179,2,7,25,4,Enfermedad,4,Sí
3822,2024-02-03,180,1,3,6,3,Permiso personal,4,Sí
3823,2024-02-23,181,1,1,9,4,Permiso personal,4,Sí
3824,2024-02-02,186,1,1,11,4,Permiso personal,8,Sí
3825,2024-02-05,188,1,4,1,3,Enfermedad,4,Sí
3826,2024-02-20,188,1,4,1,3,Enfermedad,8,Sí
3827,2024-02-11,190,6,16,27,3,Permiso personal,4,Sí
3828,2024-02-17,193,1,4,21,3,Falta injustificada,8,No
3829,2024-02-27,194,1,1,11,4,Enfermedad,8,Sí
3830,2024-02-28,196,1,3,20,3,Enfermedad,8,Sí
3831,2024-02-16,198,1,1,23,3,Permiso personal,8,Sí
3832,2024-02-19,198,1,1,23,3,Permiso personal,8,Sí
3833,2024-02-11,205,1,1,12,3,Enfermedad,8,Sí
3834,2024-02-07,207,1,1,3,4,Falta injustificada,8,No
3835,2024-02-02,208,2,6,25,4,Enfermedad,8,Sí
3836,2024-02-14,209,1,5,15,3,Enfermedad,8,Sí
3837,2024-02-20,209,1,5,15,3,Enfermedad,4,Sí
3838,2024-02-23,209,1,5,15,3,Permiso personal,8,Sí
3839,2024-02-11,212,1,2,12,4,Enfermedad,8,Sí
3840,2024-02-17,213,1,4,14,4,Enfermedad,8,Sí
3841,2024-02-22,213,1,4,14,4,Enfermedad,8,Sí
3842,2024-02-25,213,1,4,14,4,Permiso personal,8,Sí
3843,2024-02-06,218,1,1,3,3,Enfermedad,8,Sí
3844,2024-02-12,219,1,2,3,4,Enfermedad,4,Sí
3845,2024-02-17,219,1,2,3,4,Enfermedad,8,Sí
3846,2024-02-19,219,1,2,3,4,Falta injustificada,4,No
3847,2024-02-04,221,1,2,11,3,Permiso personal,4,Sí
3848,2024-02-06,224,5,14,27,3,Falta injustificada,8,No
3849,2024-02-18,224,5,14,27,3,Falta injustificada,8,No
3850,2024-02-18,225,1,2,2,4,Permiso personal,8,Sí
3851,2024-02-28,225,1,2,2,4,Enfermedad,8,Sí
3852,2024-02-15,227,1,1,9,3,Enfermedad,8,Sí
3853,2024-02-19,231,1,2,9,3,Permiso personal,8,Sí
3854,2024-02-22,231,1,2,9,3,Enfermedad,8,Sí
3855,2024-02-18,238,1,1,12,4,Enfermedad,8,Sí
3856,2024-02-21,238,1,1,12,4,Permiso personal,8,Sí
3857,2024-02-05,239,1,3,8,4,Permiso personal,8,Sí
3858,2024-02-14,239,1,3,8,4,Enfermedad,4,Sí
3859,2024-02-01,241,1,1,14,3,Permiso personal,4,Sí
3860,2024-02-28,243,1,5,12,4,Enfermedad,8,Sí
3861,2024-02-21,245,1,1,5,3,Permiso personal,8,Sí
3862,2024-02-26,245,1,1,5,3,Enfermedad,4,Sí
3863,2024-02-28,246,1,3,19,3,Falta injustificada,4,No
3864,2024-02-24,253,1,2,10,4,Permiso personal,8,Sí
3865,2024-02-26,253,1,2,10,4,Permiso personal,8,Sí
3866,2024-02-25,254,1,2,19,4,Permiso personal,4,Sí
3867,2024-02-08,255,1,1,21,4,Enfermedad,8,Sí
3868,2024-02-01,257,1,2,22,4,Enfermedad,4,Sí
3869,2024-02-28,259,1,3,8,4,Falta injustificada,8,No
3870,2024-02-01,264,1,2,17,3,Enfermedad,8,Sí
3871,2024-02-21,267,1,5,13,4,Enfermedad,8,Sí
3872,2024-02-25,268,1,5,10,4,Permiso personal,8,Sí
3873,2024-02-18,270,1,3,18,4,Enfermedad,8,Sí
3874,2024-02-26,279,1,4,10,3,Enfermedad,8,Sí
3875,2024-02-22,280,1,4,13,3,Enfermedad,8,Sí
3876,2024-02-16,282,1,1,20,3,Enfermedad,8,Sí
3877,2024-02-02,283,1,5,12,3,Falta injustificada,4,No
3878,2024-02-21,285,5,14,27,3,Enfermedad,8,Sí
3879,2024-02-01,290,1,3,3,4,Permiso personal,4,Sí
3880,2024-02-23,291,1,2,2,4,Falta injustificada,8,No
3881,2024-02-14,293,1,1,23,3,Falta injustificada,8,No
3882,2024-02-26,297,1,5,5,4,Enfermedad,4,Sí
3883,2024-02-29,300,5,13,27,3,Enfermedad,8,Sí
3884,2024-02-04,304,1,3,7,4,Permiso personal,8,Sí
3885,2024-02-14,307,1,5,2,3,Enfermedad,4,Sí
3886,2024-02-07,309,1,4,9,4,Enfermedad,8,Sí
3887,2024-02-04,312,1,1,21,4,Enfermedad,8,Sí
3888,2024-02-10,312,1,1,21,4,Permiso personal,8,Sí
3889,2024-02-18,312,1,1,21,4,Enfermedad,4,Sí
3890,2024-02-05,314,2,7,25,4,Enfermedad,4,Sí
3891,2024-02-14,315,1,1,14,4,Falta injustificada,8,No
3892,2024-02-08,320,1,4,10,3,Permiso personal,8,Sí
3893,2024-02-24,320,1,4,10,3,Enfermedad,4,Sí
3894,2024-02-22,321,6,16,27,4,Enfermedad,8,Sí
3895,2024-02-20,323,2,6,26,4,Enfermedad,8,Sí
3896,2024-02-21,323,2,6,26,4,Enfermedad,8,Sí
3897,2024-02-13,324,1,1,15,4,Enfermedad,4,Sí
3898,2024-02-07,327,3,9,27,3,Enfermedad,8,Sí
3899,2024-02-01,333,5,14,27,4,Enfermedad,8,Sí
3900,2024-02-08,333,5,14,27,4,Falta injustificada,8,No
3901,2024-02-21,335,1,5,23,4,Enfermedad,8,Sí
3902,2024-02-03,340,5,13,27,4,Permiso personal,8,Sí
3903,2024-02-28,340,5,13,27,4,Permiso personal,8,Sí
3904,2024-02-07,343,1,1,15,3,Permiso personal,8,Sí
3905,2024-02-26,343,1,1,15,3,Enfermedad,8,Sí
3906,2024-02-04,344,1,1,24,4,Enfermedad,4,Sí
3907,2024-02-11,344,1,1,24,4,Permiso personal,4,Sí
3908,2024-02-19,344,1,1,24,4,Enfermedad,8,Sí
3909,2024-02-28,348,1,4,13,4,Enfermedad,8,Sí
3910,2024-02-06,349,6,15,27,4,Enfermedad,8,Sí
3911,2024-02-07,349,6,15,27,4,Permiso personal,8,Sí
3912,2024-02-20,350,1,5,23,4,Permiso personal,8,Sí
3913,2024-02-07,351,1,1,11,1,Falta injustificada,4,No
3914,2024-02-01,355,1,5,2,2,Permiso personal,8,Sí
3915,2024-02-07,355,1,5,2,2,Falta injustificada,8,No
3916,2024-02-02,360,1,2,23,2,Enfermedad,8,Sí
3917,2024-02-09,360,1,2,23,2,Permiso personal,4,Sí
3918,2024-02-08,376,3,10,27,3,Enfermedad,8,Sí
3919,2024-02-07,378,1,1,17,2,Permiso personal,8,Sí
3920,2024-02-13,384,2,6,25,2,Permiso personal,8,Sí
3921,2024-02-03,389,1,3,6,2,Permiso personal,8,Sí
3922,2024-02-02,390,1,4,12,1,Permiso personal,4,Sí
3923,2024-02-18,393,1,4,4,1,Enfermedad,8,Sí
3924,2024-02-27,397,1,3,7,3,Enfermedad,8,Sí
3925,2024-02-11,422,1,1,14,2,Enfermedad,8,Sí
3926,2024-02-19,422,1,1,14,2,Enfermedad,8,Sí
3927,2024-02-18,428,1,2,15,2,Permiso personal,8,Sí
3928,2024-02-27,447,2,7,26,1,Enfermedad,8,Sí
3929,2024-02-17,449,1,3,24,2,Permiso personal,8,Sí
3930,2024-02-08,455,1,2,12,2,Permiso personal,4,Sí
3931,2024-02-11,455,1,2,12,2,Enfermedad,8,Sí
3932,2024-02-13,455,1,2,12,2,Enfermedad,8,Sí
3933,2024-02-28,455,1,2,12,2,Permiso personal,8,Sí
3934,2024-02-02,457,1,5,9,3,Enfermedad,4,Sí
3935,2024-02-19,479,1,1,5,2,Enfermedad,4,Sí
3936,2024-02-27,481,1,1,20,2,Enfermedad,8,Sí
3937,2024-02-11,490,3,10,27,3,Enfermedad,4,Sí
3938,2024-02-21,490,3,10,27,3,Falta injustificada,8,No
3939,2024-02-11,519,1,5,8,2,Enfermedad,4,Sí
3940,2024-02-16,523,1,1,9,3,Enfermedad,4,Sí
3941,2024-02-05,524,6,15,27,1,Enfermedad,8,Sí
3942,2024-02-07,536,1,1,21,2,Falta injustificada,8,No
3943,2024-02-03,543,1,1,7,1,Enfermedad,4,Sí
3944,2024-02-07,543,1,1,7,1,Permiso personal,4,Sí
3945,2024-02-29,543,1,1,7,1,Enfermedad,4,Sí
3946,2024-02-12,546,1,1,11,2,Permiso personal,4,Sí
3947,2024-02-11,547,1,2,8,3,Enfermedad,8,Sí
3948,2024-02-22,567,1,3,12,2,Enfermedad,4,Sí
3949,2024-02-12,580,2,8,26,1,Falta injustificada,8,No
3950,2024-02-13,581,1,2,14,2,Permiso personal,8,Sí
3951,2024-02-06,589,1,1,4,2,Permiso personal,8,Sí
3952,2024-02-10,605,1,4,16,2,Enfermedad,8,Sí
3953,2024-02-03,617,1,1,24,2,Enfermedad,8,Sí
3954,2024-02-06,625,1,2,6,1,Permiso personal,8,Sí
3955,2024-02-25,625,1,2,6,1,Enfermedad,8,Sí
3956,2024-02-24,638,1,5,24,1,Enfermedad,4,Sí
3957,2024-02-07,649,1,2,6,1,Falta injustificada,8,No
3958,2024-02-09,649,1,2,6,1,Enfermedad,4,Sí
3959,2024-02-06,658,1,5,1,3,Enfermedad,8,Sí
3960,2024-02-07,708,4,12,27,3,Falta injustificada,4,No
3961,2024-02-02,717,2,7,25,3,Enfermedad,8,Sí
3962,2024-02-11,721,1,3,24,1,Enfermedad,8,Sí
3963,2024-02-06,733,1,3,20,2,Permiso personal,8,Sí
3964,2024-02-14,756,1,3,22,2,Enfermedad,8,Sí
3965,2024-02-25,759,2,7,26,1,Enfermedad,8,Sí
3966,2024-02-18,767,2,6,25,2,Enfermedad,4,Sí
3967,2024-02-13,775,3,10,27,2,Enfermedad,8,Sí
3968,2024-02-09,780,1,1,8,2,Enfermedad,8,Sí
3969,2024-02-24,780,1,1,8,2,Enfermedad,8,Sí
3970,2024-02-11,784,1,5,9,1,Permiso personal,8,Sí
3971,2024-02-25,784,1,5,9,1,Falta injustificada,8,No
3972,2024-02-20,805,1,1,3,1,Falta injustificada,4,No
3973,2024-02-05,807,5,13,27,2,Enfermedad,4,Sí
3974,2024-02-04,812,1,4,4,2,Enfermedad,8,Sí
3975,2024-02-07,812,1,4,4,2,Permiso personal,8,Sí
3976,2024-02-26,812,1,4,4,2,Enfermedad,8,Sí
3977,2024-02-16,829,1,1,17,2,Permiso personal,8,Sí
3978,2024-02-26,829,1,1,17,2,Enfermedad,8,Sí
3979,2024-02-26,833,1,5,13,1,Permiso personal,4,Sí
3980,2024-02-11,836,5,13,27,2,Falta injustificada,4,No
3981,2024-02-08,838,1,1,6,3,Enfermedad,8,Sí
3982,2024-02-10,838,1,1,6,3,Enfermedad,8,Sí
3983,2024-02-28,838,1,1,6,3,Enfermedad,8,Sí
3984,2024-02-29,840,1,4,24,1,Enfermedad,8,Sí
3985,2024-02-03,842,1,5,11,2,Enfermedad,8,Sí
3986,2024-02-23,853,1,1,11,3,Enfermedad,8,Sí
3987,2024-02-05,854,1,1,7,2,Enfermedad,4,Sí
3988,2024-02-18,854,1,1,7,2,Enfermedad,8,Sí
3989,2024-02-10,862,1,2,4,2,Falta injustificada,8,No
3990,2024-02-14,862,1,2,4,2,Enfermedad,8,Sí
3991,2024-02-19,867,1,1,2,1,Permiso personal,4,Sí
3992,2024-02-13,869,1,1,20,2,Enfermedad,8,Sí
3993,2024-02-01,874,1,3,11,2,Enfermedad,8,Sí
3994,2024-02-05,874,1,3,11,2,Falta injustificada,8,No
3995,2024-02-06,874,1,3,11,2,Enfermedad,8,Sí
3996,2024-02-08,874,1,3,11,2,Permiso personal,8,Sí
3997,2024-02-13,874,1,3,11,2,Enfermedad,4,Sí
3998,2024-02-23,874,1,3,11,2,Permiso personal,8,Sí
3999,2024-02-13,875,1,1,4,1,Enfermedad,8,Sí
4000,2024-02-20,875,1,1,4,1,Permiso personal,8,Sí
4001,2024-02-25,875,1,1,4,1,Permiso personal,4,Sí
4002,2024-02-07,883,1,2,18,2,Enfermedad,8,Sí
4003,2024-02-20,883,1,2,18,2,Falta injustificada,8,No
4004,2024-02-13,884,1,5,24,2,Enfermedad,8,Sí
4005,2024-02-24,884,1,5,24,2,Permiso personal,8,Sí
4006,2024-02-28,887,1,2,10,2,Enfermedad,8,Sí
4007,2024-02-06,890,1,4,22,2,Permiso personal,8,Sí
4008,2024-02-07,890,1,4,22,2,Enfermedad,4,Sí
4009,2024-02-09,895,1,3,15,3,Enfermedad,8,Sí
4010,2024-02-21,895,1,3,15,3,Enfermedad,8,Sí
4011,2024-02-01,896,1,2,11,2,Enfermedad,8,Sí
4012,2024-03-24,3,1,4,11,4,Enfermedad,4,Sí
4013,2024-03-10,4,1,1,23,4,Enfermedad,8,Sí
4014,2024-03-23,4,1,1,23,4,Enfermedad,4,Sí
4015,2024-03-07,6,1,5,7,3,Enfermedad,4,Sí
4016,2024-03-19,9,1,1,11,4,Enfermedad,8,Sí
4017,2024-03-30,9,1,1,11,4,Permiso personal,8,Sí
4018,2024-03-04,13,1,5,8,3,Enfermedad,4,Sí
4019,2024-03-06,13,1,5,8,3,Enfermedad,8,Sí
4020,2024-03-07,13,1,5,8,3,Enfermedad,8,Sí
4021,2024-03-22,13,1,5,8,3,Falta injustificada,4,No
4022,2024-03-04,17,6,15,27,4,Permiso personal,8,Sí
4023,2024-03-14,17,6,15,27,4,Falta injustificada,8,No
4024,2024-03-21,18,4,11,27,3,Enfermedad,8,Sí
4025,2024-03-04,20,1,2,24,3,Enfermedad,4,Sí
4026,2024-03-24,21,1,3,21,4,Enfermedad,4,Sí
4027,2024-03-12,22,1,5,18,4,Permiso personal,8,Sí
4028,2024-03-23,26,1,1,14,4,Enfermedad,8,Sí
4029,2024-03-29,26,1,1,14,4,Enfermedad,8,Sí
4030,2024-03-21,27,1,4,22,4,Enfermedad,8,Sí
4031,2024-03-18,30,2,8,25,4,Permiso personal,4,Sí
4032,2024-03-11,37,3,9,27,4,Enfermedad,8,Sí
4033,2024-03-08,40,1,1,3,4,Enfermedad,8,Sí
4034,2024-03-01,41,1,2,17,4,Permiso personal,8,Sí
4035,2024-03-29,41,1,2,17,4,Enfermedad,8,Sí
4036,2024-03-26,49,1,3,19,3,Falta injustificada,8,No
4037,2024-03-05,50,2,7,26,4,Falta injustificada,8,No
4038,2024-03-12,51,1,2,11,4,Enfermedad,8,Sí
4039,2024-03-08,52,1,4,19,3,Permiso personal,8,Sí
4040,2024-03-27,53,1,5,11,4,Enfermedad,8,Sí
4041,2024-03-21,59,1,4,7,3,Enfermedad,8,Sí
4042,2024-03-02,66,1,5,7,4,Falta injustificada,8,No
4043,2024-03-31,66,1,5,7,4,Enfermedad,8,Sí
4044,2024-03-19,68,1,2,7,4,Enfermedad,8,Sí
4045,2024-03-21,68,1,2,7,4,Falta injustificada,8,No
4046,2024-03-01,72,1,1,21,4,Enfermedad,8,Sí
4047,2024-03-03,74,1,1,21,4,Enfermedad,8,Sí
4048,2024-03-20,76,1,1,23,3,Enfermedad,8,Sí
4049,2024-03-02,78,3,9,27,4,Enfermedad,8,Sí
4050,2024-03-01,80,1,3,12,4,Enfermedad,8,Sí
4051,2024-03-08,82,1,5,22,3,Enfermedad,8,Sí
4052,2024-03-20,82,1,5,22,3,Enfermedad,8,Sí
4053,2024-03-23,82,1,5,22,3,Permiso personal,8,Sí
4054,2024-03-27,84,1,3,9,4,Enfermedad,4,Sí
4055,2024-03-31,84,1,3,9,4,Enfermedad,4,Sí
4056,2024-03-10,86,1,5,14,3,Permiso personal,8,Sí
4057,2024-03-28,87,2,7,26,4,Enfermedad,8,Sí
4058,2024-03-09,88,1,3,19,4,Enfermedad,4,Sí
4059,2024-03-02,89,1,4,19,4,Enfermedad,4,Sí
4060,2024-03-20,89,1,4,19,4,Enfermedad,8,Sí
4061,2024-03-13,90,2,6,26,4,Enfermedad,4,Sí
4062,2024-03-21,90,2,6,26,4,Permiso personal,8,Sí
4063,2024-03-26,90,2,6,26,4,Enfermedad,8,Sí
4064,2024-03-04,101,5,13,27,3,Enfermedad,8,Sí
4065,2024-03-22,101,5,13,27,3,Permiso personal,8,Sí
4066,2024-03-24,101,5,13,27,3,Enfermedad,8,Sí
4067,2024-03-25,101,5,13,27,3,Enfermedad,8,Sí
4068,2024-03-09,102,1,1,14,4,Enfermedad,4,Sí
4069,2024-03-28,102,1,1,14,4,Enfermedad,4,Sí
4070,2024-03-01,103,1,2,23,4,Permiso personal,8,Sí
4071,2024-03-09,103,1,2,23,4,Enfermedad,4,Sí
4072,2024-03-12,103,1,2,23,4,Enfermedad,4,Sí
4073,2024-03-12,104,4,11,27,4,Permiso personal,8,Sí
4074,2024-03-09,109,1,1,8,4,Enfermedad,8,Sí
4075,2024-03-02,110,1,3,8,3,Enfermedad,8,Sí
4076,2024-03-19,112,1,1,9,4,Enfermedad,8,Sí
4077,2024-03-05,118,1,4,15,3,Enfermedad,8,Sí
4078,2024-03-14,118,1,4,15,3,Enfermedad,8,Sí
4079,2024-03-20,119,1,5,4,3,Permiso personal,4,Sí
4080,2024-03-28,119,1,5,4,3,Permiso personal,4,Sí
4081,2024-03-06,120,1,1,17,4,Enfermedad,8,Sí
4082,2024-03-09,121,1,3,20,3,Enfermedad,8,Sí
4083,2024-03-19,121,1,3,20,3,Enfermedad,4,Sí
4084,2024-03-03,122,1,2,21,4,Enfermedad,4,Sí
4085,2024-03-24,122,1,2,21,4,Permiso personal,4,Sí
4086,2024-03-28,123,1,4,17,4,Enfermedad,8,Sí
4087,2024-03-01,124,1,1,15,4,Enfermedad,8,Sí
4088,2024-03-26,126,1,1,12,4,Enfermedad,8,Sí
4089,2024-03-16,128,1,2,2,4,Enfermedad,8,Sí
4090,2024-03-18,129,1,1,21,4,Enfermedad,8,Sí
4091,2024-03-09,137,1,1,8,4,Enfermedad,8,Sí
4092,2024-03-24,137,1,1,8,4,Enfermedad,8,Sí
4093,2024-03-20,140,1,1,22,4,Enfermedad,8,Sí
4094,2024-03-08,142,1,2,8,3,Enfermedad,8,Sí
4095,2024-03-12,142,1,2,8,3,Enfermedad,4,Sí
4096,2024-03-20,144,1,3,12,3,Permiso personal,8,Sí
4097,2024-03-07,145,1,2,1,4,Permiso personal,4,Sí
4098,2024-03-25,146,1,1,4,4,Enfermedad,8,Sí
4099,2024-03-04,147,1,2,21,4,Enfermedad,8,Sí
4100,2024-03-04,148,1,1,24,4,Enfermedad,8,Sí
4101,2024-03-25,160,1,3,19,4,Permiso personal,8,Sí
4102,2024-03-27,160,1,3,19,4,Enfermedad,8,Sí
4103,2024-03-22,163,1,5,22,4,Permiso personal,8,Sí
4104,2024-03-24,168,1,3,6,4,Enfermedad,4,Sí
4105,2024-03-13,169,1,1,7,3,Enfermedad,8,Sí
4106,2024-03-07,171,1,4,4,4,Enfermedad,8,Sí
4107,2024-03-17,171,1,4,4,4,Enfermedad,4,Sí
4108,2024-03-21,174,1,2,16,4,Falta injustificada,8,No
4109,2024-03-22,174,1,2,16,4,Falta injustificada,8,No
4110,2024-03-06,176,1,1,6,3,Enfermedad,8,Sí
4111,2024-03-19,176,1,1,6,3,Permiso personal,4,Sí
4112,2024-03-16,179,2,7,25,4,Enfermedad,8,Sí
4113,2024-03-17,184,1,1,11,4,Permiso personal,8,Sí
4114,2024-03-02,186,1,1,11,4,Falta injustificada,8,No
4115,2024-03-20,187,1,3,20,4,Falta injustificada,8,No
4116,2024-03-25,188,1,4,1,3,Enfermedad,8,Sí
4117,2024-03-28,189,1,4,2,4,Enfermedad,8,Sí
4118,2024-03-31,189,1,4,2,4,Enfermedad,8,Sí
4119,2024-03-10,192,1,1,2,4,Enfermedad,8,Sí
4120,2024-03-02,193,1,4,21,3,Enfermedad,8,Sí
4121,2024-03-13,195,1,2,14,4,Enfermedad,8,Sí
4122,2024-03-12,196,1,3,20,3,Enfermedad,8,Sí
4123,2024-03-06,203,4,12,27,3,Enfermedad,8,Sí
4124,2024-03-26,209,1,5,15,3,Permiso personal,8,Sí
4125,2024-03-15,212,1,2,12,4,Enfermedad,8,Sí
4126,2024-03-02,213,1,4,14,4,Enfermedad,8,Sí
4127,2024-03-08,214,1,4,4,4,Enfermedad,8,Sí
4128,2024-03-09,214,1,4,4,4,Permiso personal,8,Sí
4129,2024-03-14,214,1,4,4,4,Enfermedad,8,Sí
4130,2024-03-27,214,1,4,4,4,Permiso personal,8,Sí
4131,2024-03-27,218,1,1,3,3,Enfermedad,8,Sí
4132,2024-03-31,218,1,1,3,3,Permiso personal,8,Sí
4133,2024-03-30,219,1,2,3,4,Enfermedad,4,Sí
4134,2024-03-22,221,1,2,11,3,Permiso personal,8,Sí
4135,2024-03-30,221,1,2,11,3,Enfermedad,8,Sí
4136,2024-03-30,225,1,2,2,4,Falta injustificada,8,No
4137,2024-03-05,229,2,8,25,4,Enfermedad,8,Sí
4138,2024-03-14,229,2,8,25,4,Permiso personal,8,Sí
4139,2024-03-20,229,2,8,25,4,Enfermedad,8,Sí
4140,2024-03-07,235,1,3,17,3,Enfermedad,8,Sí
4141,2024-03-23,239,1,3,8,4,Falta injustificada,8,No
4142,2024-03-13,242,1,1,2,4,Permiso personal,8,Sí
4143,2024-03-08,243,1,5,12,4,Enfermedad,8,Sí
4144,2024-03-28,243,1,5,12,4,Enfermedad,8,Sí
4145,2024-03-05,247,1,5,17,4,Enfermedad,8,Sí
4146,2024-03-12,252,1,2,21,3,Enfermedad,8,Sí
4147,2024-03-30,253,1,2,10,4,Enfermedad,8,Sí
4148,2024-03-04,254,1,2,19,4,Enfermedad,8,Sí
4149,2024-03-23,254,1,2,19,4,Enfermedad,8,Sí
4150,2024-03-24,254,1,2,19,4,Enfermedad,8,Sí
4151,2024-03-04,255,1,1,21,4,Enfermedad,8,Sí
4152,2024-03-10,256,1,4,21,4,Enfermedad,8,Sí
4153,2024-03-15,256,1,4,21,4,Enfermedad,4,Sí
4154,2024-03-19,257,1,2,22,4,Permiso personal,8,Sí
4155,2024-03-20,257,1,2,22,4,Falta injustificada,8,No
4156,2024-03-25,258,1,4,23,4,Enfermedad,8,Sí
4157,2024-03-09,263,1,3,12,4,Enfermedad,8,Sí
4158,2024-03-02,267,1,5,13,4,Enfermedad,8,Sí
4159,2024-03-16,269,1,1,8,4,Enfermedad,8,Sí
4160,2024-03-12,275,1,4,15,4,Permiso personal,8,Sí
4161,2024-03-23,276,1,2,24,3,Enfermedad,4,Sí
4162,2024-03-23,282,1,1,20,3,Permiso personal,8,Sí
4163,2024-03-06,286,1,2,12,3,Enfermedad,8,Sí
4164,2024-03-21,290,1,3,3,4,Enfermedad,8,Sí
4165,2024-03-06,291,1,2,2,4,Permiso personal,8,Sí
4166,2024-03-06,294,1,1,1,3,Permiso personal,8,Sí
4167,2024-03-30,297,1,5,5,4,Enfermedad,8,Sí
4168,2024-03-01,300,5,13,27,3,Enfermedad,8,Sí
4169,2024-03-03,303,1,1,24,3,Enfermedad,8,Sí
4170,2024-03-11,307,1,5,2,3,Enfermedad,4,Sí
4171,2024-03-08,310,1,2,21,4,Permiso personal,8,Sí
4172,2024-03-25,310,1,2,21,4,Enfermedad,8,Sí
4173,2024-03-08,314,2,7,25,4,Enfermedad,8,Sí
4174,2024-03-20,314,2,7,25,4,Permiso personal,8,Sí
4175,2024-03-25,315,1,1,14,4,Enfermedad,8,Sí
4176,2024-03-20,320,1,4,10,3,Permiso personal,4,Sí
4177,2024-03-21,321,6,16,27,4,Enfermedad,8,Sí
4178,2024-03-15,324,1,1,15,4,Enfermedad,8,Sí
4179,2024-03-12,327,3,9,27,3,Enfermedad,8,Sí
4180,2024-03-29,327,3,9,27,3,Enfermedad,4,Sí
4181,2024-03-17,332,1,5,23,4,Permiso personal,4,Sí
4182,2024-03-02,333,5,14,27,4,Permiso personal,8,Sí
4183,2024-03-27,334,1,1,11,3,Enfermedad,4,Sí
4184,2024-03-20,335,1,5,23,4,Falta injustificada,8,No
4185,2024-03-26,335,1,5,23,4,Falta injustificada,8,No
4186,2024-03-21,339,1,1,11,4,Permiso personal,8,Sí
4187,2024-03-29,341,1,1,7,4,Falta injustificada,8,No
4188,2024-03-13,343,1,1,15,3,Enfermedad,8,Sí
4189,2024-03-19,343,1,1,15,3,Enfermedad,4,Sí
4190,2024-03-04,344,1,1,24,4,Permiso personal,4,Sí
4191,2024-03-18,344,1,1,24,4,Enfermedad,8,Sí
4192,2024-03-02,345,1,2,7,4,Falta injustificada,8,No
4193,2024-03-22,345,1,2,7,4,Falta injustificada,8,No
4194,2024-03-09,346,1,5,14,4,Falta injustificada,8,No
4195,2024-03-17,347,1,5,10,3,Enfermedad,8,Sí
4196,2024-03-07,348,1,4,13,4,Enfermedad,8,Sí
4197,2024-03-07,349,6,15,27,4,Permiso personal,8,Sí
4198,2024-03-01,352,1,3,7,2,Enfermedad,8,Sí
4199,2024-03-19,355,1,5,2,2,Enfermedad,4,Sí
4200,2024-03-05,356,1,1,7,1,Permiso personal,8,Sí
4201,2024-03-08,360,1,2,23,2,Enfermedad,8,Sí
4202,2024-03-21,378,1,1,17,3,Enfermedad,8,Sí
4203,2024-03-01,380,1,1,5,2,Enfermedad,8,Sí
4204,2024-03-31,380,1,1,5,2,Enfermedad,8,Sí
4205,2024-03-04,384,2,6,25,2,Permiso personal,8,Sí
4206,2024-03-18,387,1,5,18,2,Enfermedad,8,Sí
4207,2024-03-17,389,1,3,6,2,Permiso personal,8,Sí
4208,2024-03-17,393,1,4,4,2,Enfermedad,4,Sí
4209,2024-03-24,393,1,4,4,2,Enfermedad,4,Sí
4210,2024-03-06,397,1,3,7,3,Enfermedad,8,Sí
4211,2024-03-03,422,1,1,14,3,Enfermedad,4,Sí
4212,2024-03-13,428,1,2,15,3,Falta injustificada,8,No
4213,2024-03-20,428,1,2,15,3,Enfermedad,8,Sí
4214,2024-03-15,440,2,6,25,2,Falta injustificada,8,No
4215,2024-03-29,446,1,4,2,2,Enfermedad,8,Sí
4216,2024-03-19,447,2,7,26,1,Permiso personal,8,Sí
4217,2024-03-18,449,1,3,24,2,Permiso personal,8,Sí
4218,2024-03-06,453,1,5,5,2,Enfermedad,8,Sí
4219,2024-03-27,455,1,2,12,2,Enfermedad,8,Sí
4220,2024-03-15,457,1,5,9,3,Enfermedad,8,Sí
4221,2024-03-29,457,1,5,9,3,Falta injustificada,4,No
4222,2024-03-31,457,1,5,9,3,Permiso personal,4,Sí
4223,2024-03-07,472,1,1,9,2,Enfermedad,4,Sí
4224,2024-03-24,472,1,1,9,2,Permiso personal,8,Sí
4225,2024-03-05,475,3,9,27,2,Enfermedad,8,Sí
4226,2024-03-15,475,3,9,27,2,Enfermedad,8,Sí
4227,2024-03-21,479,1,1,5,2,Falta injustificada,4,No
4228,2024-03-11,490,3,10,27,3,Falta injustificada,8,No
4229,2024-03-08,500,2,6,26,1,Permiso personal,4,Sí
4230,2024-03-25,500,2,6,26,1,Falta injustificada,4,No
4231,2024-03-07,507,1,5,23,2,Enfermedad,8,Sí
4232,2024-03-01,523,1,1,9,3,Permiso personal,4,Sí
4233,2024-03-07,523,1,1,9,3,Enfermedad,8,Sí
4234,2024-03-13,523,1,1,9,3,Falta injustificada,8,No
4235,2024-03-10,532,1,5,11,2,Enfermedad,8,Sí
4236,2024-03-04,534,1,2,22,2,Enfermedad,8,Sí
4237,2024-03-18,540,1,3,14,3,Permiso personal,4,Sí
4238,2024-03-12,546,1,1,11,2,Permiso personal,8,Sí
4239,2024-03-06,553,1,4,3,2,Enfermedad,8,Sí
4240,2024-03-03,567,1,3,12,2,Enfermedad,8,Sí
4241,2024-03-05,579,1,1,2,3,Enfermedad,8,Sí
4242,2024-03-08,580,2,8,26,2,Permiso personal,8,Sí
4243,2024-03-13,580,2,8,26,2,Enfermedad,8,Sí
4244,2024-03-01,583,1,3,12,1,Enfermedad,8,Sí
4245,2024-03-24,583,1,3,12,1,Enfermedad,8,Sí
4246,2024-03-05,586,1,1,23,2,Enfermedad,8,Sí
4247,2024-03-04,589,1,1,4,2,Enfermedad,8,Sí
4248,2024-03-11,605,1,4,16,2,Enfermedad,8,Sí
4249,2024-03-25,605,1,4,16,2,Enfermedad,8,Sí
4250,2024-03-01,611,1,1,10,2,Enfermedad,8,Sí
4251,2024-03-25,611,1,1,10,2,Enfermedad,8,Sí
4252,2024-03-28,626,2,6,25,3,Permiso personal,8,Sí
4253,2024-03-26,630,1,1,20,1,Permiso personal,8,Sí
4254,2024-03-08,635,1,2,21,2,Permiso personal,8,Sí
4255,2024-03-09,645,1,5,2,2,Enfermedad,8,Sí
4256,2024-03-18,645,1,5,2,2,Permiso personal,8,Sí
4257,2024-03-05,651,1,4,10,2,Enfermedad,8,Sí
4258,2024-03-13,678,1,2,2,2,Falta injustificada,8,No
4259,2024-03-11,716,1,4,8,3,Enfermedad,8,Sí
4260,2024-03-04,717,2,7,25,3,Enfermedad,8,Sí
4261,2024-03-24,721,1,3,24,1,Enfermedad,8,Sí
4262,2024-03-26,756,1,3,22,2,Permiso personal,4,Sí
4263,2024-03-07,759,2,7,26,2,Enfermedad,8,Sí
4264,2024-03-02,765,2,7,26,3,Enfermedad,8,Sí
4265,2024-03-09,765,2,7,26,3,Falta injustificada,4,No
4266,2024-03-11,765,2,7,26,3,Enfermedad,4,Sí
4267,2024-03-13,767,2,6,25,2,Enfermedad,8,Sí
4268,2024-03-31,767,2,6,25,2,Enfermedad,4,Sí
4269,2024-03-18,780,1,1,8,2,Falta injustificada,8,No
4270,2024-03-25,780,1,1,8,2,Enfermedad,8,Sí
4271,2024-03-28,780,1,1,8,2,Permiso personal,8,Sí
4272,2024-03-20,784,1,5,9,1,Permiso personal,8,Sí
4273,2024-03-23,785,1,2,15,1,Enfermedad,8,Sí
4274,2024-03-31,785,1,2,15,1,Enfermedad,8,Sí
4275,2024-03-04,786,1,1,22,2,Enfermedad,8,Sí
4276,2024-03-23,792,1,2,16,3,Enfermedad,8,Sí
4277,2024-03-31,792,1,2,16,3,Enfermedad,8,Sí
4278,2024-03-24,807,5,13,27,2,Permiso personal,8,Sí
4279,2024-03-14,812,1,4,4,2,Enfermedad,8,Sí
4280,2024-03-16,824,1,1,11,3,Permiso personal,8,Sí
4281,2024-03-22,824,1,1,11,3,Enfermedad,8,Sí
4282,2024-03-01,829,1,1,17,2,Permiso personal,8,Sí
4283,2024-03-16,829,1,1,17,2,Enfermedad,8,Sí
4284,2024-03-25,829,1,1,17,2,Permiso personal,4,Sí
4285,2024-03-06,840,1,4,24,2,Falta injustificada,4,No
4286,2024-03-24,849,1,5,2,2,Enfermedad,8,Sí
4287,2024-03-12,853,1,1,11,3,Enfermedad,8,Sí
4288,2024-03-14,853,1,1,11,3,Enfermedad,8,Sí
4289,2024-03-10,854,1,1,7,2,Permiso personal,8,Sí
4290,2024-03-10,858,1,4,14,2,Enfermedad,4,Sí
4291,2024-03-10,862,1,2,4,2,Enfermedad,8,Sí
4292,2024-03-25,862,1,2,4,2,Permiso personal,8,Sí
4293,2024-03-31,862,1,2,4,2,Enfermedad,8,Sí
4294,2024-03-09,864,1,4,21,2,Enfermedad,8,Sí
4295,2024-03-31,872,2,6,25,2,Enfermedad,8,Sí
4296,2024-03-15,884,1,5,24,2,Enfermedad,4,Sí
4297,2024-03-22,884,1,5,24,2,Enfermedad,8,Sí
4298,2024-03-30,884,1,5,24,2,Enfermedad,4,Sí
4299,2024-03-31,896,1,2,11,3,Enfermedad,4,Sí
4300,2024-04-19,4,1,1,23,4,Enfermedad,8,Sí
4301,2024-04-19,9,1,1,11,4,Enfermedad,8,Sí
4302,2024-04-26,12,1,5,10,3,Permiso personal,8,Sí
4303,2024-04-25,14,1,4,19,4,Enfermedad,8,Sí
4304,2024-04-14,17,6,15,27,4,Permiso personal,8,Sí
4305,2024-04-02,20,1,2,24,3,Permiso personal,4,Sí
4306,2024-04-04,21,1,3,21,4,Permiso personal,8,Sí
4307,2024-04-11,21,1,3,21,4,Permiso personal,4,Sí
4308,2024-04-22,21,1,3,21,4,Enfermedad,8,Sí
4309,2024-04-07,24,2,7,26,3,Enfermedad,4,Sí
4310,2024-04-12,24,2,7,26,3,Permiso personal,8,Sí
4311,2024-04-15,24,2,7,26,3,Permiso personal,4,Sí
4312,2024-04-12,25,1,3,11,4,Falta injustificada,4,No
4313,2024-04-27,25,1,3,11,4,Enfermedad,8,Sí
4314,2024-04-26,38,1,3,22,4,Enfermedad,8,Sí
4315,2024-04-06,40,1,1,3,4,Falta injustificada,8,No
4316,2024-04-05,41,1,2,17,4,Enfermedad,4,Sí
4317,2024-04-12,41,1,2,17,4,Enfermedad,4,Sí
4318,2024-04-20,46,1,4,14,3,Enfermedad,4,Sí
4319,2024-04-22,48,1,5,12,4,Enfermedad,8,Sí
4320,2024-04-17,49,1,3,19,3,Falta injustificada,8,No
4321,2024-04-07,53,1,5,11,4,Enfermedad,8,Sí
4322,2024-04-17,54,1,4,19,4,Enfermedad,8,Sí
4323,2024-04-05,55,2,6,26,3,Enfermedad,8,Sí
4324,2024-04-11,55,2,6,26,3,Permiso personal,8,Sí
4325,2024-04-11,59,1,4,7,3,Permiso personal,4,Sí
4326,2024-04-12,65,1,3,20,4,Permiso personal,4,Sí
4327,2024-04-23,65,1,3,20,4,Permiso personal,8,Sí
4328,2024-04-21,66,1,5,7,4,Falta injustificada,8,No
4329,2024-04-25,66,1,5,7,4,Enfermedad,8,Sí
4330,2024-04-24,70,2,6,26,4,Enfermedad,8,Sí
4331,2024-04-23,72,1,1,21,4,Enfermedad,8,Sí
4332,2024-04-29,72,1,1,21,4,Enfermedad,8,Sí
4333,2024-04-26,74,1,1,21,4,Enfermedad,4,Sí
4334,2024-04-24,75,1,5,18,3,Permiso personal,8,Sí
4335,2024-04-25,76,1,1,23,3,Permiso personal,8,Sí
4336,2024-04-30,77,2,6,25,4,Permiso personal,8,Sí
4337,2024-04-25,80,1,3,12,4,Permiso personal,8,Sí
4338,2024-04-22,83,1,1,21,3,Falta injustificada,4,No
4339,2024-04-05,88,1,3,19,4,Enfermedad,4,Sí
4340,2024-04-17,89,1,4,19,4,Enfermedad,8,Sí
4341,2024-04-19,89,1,4,19,4,Falta injustificada,8,No
4342,2024-04-23,93,1,4,14,3,Falta injustificada,8,No
4343,2024-04-03,97,1,3,3,4,Enfermedad,8,Sí
4344,2024-04-15,97,1,3,3,4,Enfermedad,4,Sí
4345,2024-04-30,97,1,3,3,4,Enfermedad,8,Sí
4346,2024-04-01,98,1,3,18,3,Permiso personal,8,Sí
4347,2024-04-15,98,1,3,18,3,Enfermedad,4,Sí
4348,2024-04-03,99,1,2,5,4,Permiso personal,8,Sí
4349,2024-04-01,101,5,13,27,3,Enfermedad,8,Sí
4350,2024-04-10,102,1,1,14,4,Permiso personal,8,Sí
4351,2024-04-10,103,1,2,23,4,Falta injustificada,8,No
4352,2024-04-23,103,1,2,23,4,Falta injustificada,8,No
4353,2024-04-16,110,1,3,8,3,Enfermedad,8,Sí
4354,2024-04-29,112,1,1,9,4,Permiso personal,4,Sí
4355,2024-04-12,118,1,4,15,3,Permiso personal,8,Sí
4356,2024-04-24,118,1,4,15,3,Falta injustificada,8,No
4357,2024-04-27,121,1,3,20,3,Permiso personal,8,Sí
4358,2024-04-26,123,1,4,17,4,Permiso personal,8,Sí
4359,2024-04-04,124,1,1,15,4,Permiso personal,8,Sí
4360,2024-04-09,124,1,1,15,4,Permiso personal,8,Sí
4361,2024-04-30,126,1,1,12,4,Enfermedad,4,Sí
4362,2024-04-14,128,1,2,2,4,Enfermedad,8,Sí
4363,2024-04-17,130,1,5,5,4,Enfermedad,8,Sí
4364,2024-04-25,130,1,5,5,4,Permiso personal,8,Sí
4365,2024-04-03,131,1,5,5,3,Enfermedad,8,Sí
4366,2024-04-14,136,1,2,11,4,Enfermedad,8,Sí
4367,2024-04-16,140,1,1,22,4,Permiso personal,4,Sí
4368,2024-04-14,142,1,2,8,3,Permiso personal,8,Sí
4369,2024-04-20,142,1,2,8,3,Enfermedad,8,Sí
4370,2024-04-09,145,1,2,1,4,Permiso personal,8,Sí
4371,2024-04-07,147,1,2,21,4,Permiso personal,8,Sí
4372,2024-04-14,147,1,2,21,4,Enfermedad,8,Sí
4373,2024-04-15,147,1,2,21,4,Enfermedad,8,Sí
4374,2024-04-09,152,1,1,20,3,Permiso personal,8,Sí
4375,2024-04-28,155,2,6,26,4,Enfermedad,4,Sí
4376,2024-04-10,161,1,3,22,4,Enfermedad,8,Sí
4377,2024-04-03,167,1,3,22,4,Falta injustificada,8,No
4378,2024-04-25,174,1,2,16,4,Enfermedad,8,Sí
4379,2024-04-04,179,2,7,25,4,Enfermedad,8,Sí
4380,2024-04-19,179,2,7,25,4,Enfermedad,4,Sí
4381,2024-04-03,183,6,15,27,4,Enfermedad,8,Sí
4382,2024-04-24,183,6,15,27,4,Enfermedad,8,Sí
4383,2024-04-21,186,1,1,11,4,Permiso personal,4,Sí
4384,2024-04-09,187,1,3,20,4,Falta injustificada,8,No
4385,2024-04-30,190,6,16,27,4,Enfermedad,8,Sí
4386,2024-04-12,191,1,3,7,4,Falta injustificada,8,No
4387,2024-04-17,196,1,3,20,3,Permiso personal,4,Sí
4388,2024-04-05,198,1,1,23,3,Permiso personal,4,Sí
4389,2024-04-14,198,1,1,23,3,Enfermedad,8,Sí
4390,2024-04-22,198,1,1,23,3,Permiso personal,8,Sí
4391,2024-04-04,208,2,6,25,4,Permiso personal,4,Sí
4392,2024-04-20,208,2,6,25,4,Falta injustificada,8,No
4393,2024-04-04,209,1,5,15,3,Enfermedad,8,Sí
4394,2024-04-12,209,1,5,15,3,Enfermedad,8,Sí
4395,2024-04-08,213,1,4,14,4,Falta injustificada,8,No
4396,2024-04-23,222,1,2,4,4,Falta injustificada,8,No
4397,2024-04-01,226,1,1,23,3,Permiso personal,4,Sí
4398,2024-04-14,227,1,1,9,3,Enfermedad,8,Sí
4399,2024-04-20,227,1,1,9,3,Enfermedad,4,Sí
4400,2024-04-24,229,2,8,25,4,Enfermedad,8,Sí
4401,2024-04-22,231,1,2,9,3,Enfermedad,8,Sí
4402,2024-04-29,233,2,6,25,3,Permiso personal,8,Sí
4403,2024-04-06,236,1,1,2,4,Enfermedad,8,Sí
4404,2024-04-03,238,1,1,12,4,Falta injustificada,8,No
4405,2024-04-05,247,1,5,17,4,Enfermedad,8,Sí
4406,2024-04-07,248,1,4,2,4,Falta injustificada,8,No
4407,2024-04-26,248,1,4,2,4,Enfermedad,4,Sí
4408,2024-04-27,248,1,4,2,4,Enfermedad,8,Sí
4409,2024-04-30,252,1,2,21,3,Enfermedad,8,Sí
4410,2024-04-23,253,1,2,10,4,Permiso personal,8,Sí
4411,2024-04-11,255,1,1,21,4,Enfermedad,4,Sí
4412,2024-04-03,256,1,4,21,4,Enfermedad,4,Sí
4413,2024-04-10,257,1,2,22,4,Enfermedad,4,Sí
4414,2024-04-19,263,1,3,12,4,Enfermedad,8,Sí
4415,2024-04-04,269,1,1,8,4,Enfermedad,4,Sí
4416,2024-04-19,269,1,1,8,4,Permiso personal,8,Sí
4417,2024-04-20,269,1,1,8,4,Permiso personal,4,Sí
4418,2024-04-21,274,1,5,19,4,Enfermedad,8,Sí
4419,2024-04-05,276,1,2,24,3,Enfermedad,4,Sí
4420,2024-04-11,278,1,1,5,3,Enfermedad,8,Sí
4421,2024-04-04,280,1,4,13,3,Enfermedad,8,Sí
4422,2024-04-16,282,1,1,20,3,Enfermedad,4,Sí
4423,2024-04-22,286,1,2,12,3,Enfermedad,8,Sí
4424,2024-04-13,288,1,1,12,4,Enfermedad,8,Sí
4425,2024-04-27,288,1,1,12,4,Permiso personal,8,Sí
4426,2024-04-20,290,1,3,3,4,Permiso personal,8,Sí
4427,2024-04-09,292,2,6,26,4,Permiso personal,8,Sí
4428,2024-04-18,299,2,6,25,3,Enfermedad,8,Sí
4429,2024-04-26,299,2,6,25,3,Permiso personal,8,Sí
4430,2024-04-10,301,1,5,1,4,Enfermedad,4,Sí
4431,2024-04-19,304,1,3,7,4,Enfermedad,8,Sí
4432,2024-04-23,310,1,2,21,4,Permiso personal,4,Sí
4433,2024-04-26,310,1,2,21,4,Permiso personal,8,Sí
4434,2024-04-22,315,1,1,14,4,Enfermedad,8,Sí
4435,2024-04-24,319,1,1,8,3,Permiso personal,8,Sí
4436,2024-04-13,320,1,4,10,3,Enfermedad,4,Sí
4437,2024-04-08,321,6,16,27,4,Permiso personal,8,Sí
4438,2024-04-11,322,6,16,27,3,Enfermedad,8,Sí
4439,2024-04-29,324,1,1,15,4,Enfermedad,4,Sí
4440,2024-04-27,327,3,9,27,4,Enfermedad,8,Sí
4441,2024-04-07,329,2,6,26,4,Falta injustificada,8,No
4442,2024-04-12,332,1,5,23,4,Falta injustificada,8,No
4443,2024-04-14,333,5,14,27,4,Falta injustificada,8,No
4444,2024-04-11,339,1,1,11,4,Enfermedad,8,Sí
4445,2024-04-18,340,5,13,27,4,Falta injustificada,4,No
4446,2024-04-28,340,5,13,27,4,Permiso personal,4,Sí
4447,2024-04-30,341,1,1,7,4,Enfermedad,4,Sí
4448,2024-04-08,343,1,1,15,3,Enfermedad,8,Sí
4449,2024-04-11,343,1,1,15,3,Falta injustificada,8,No
4450,2024-04-14,347,1,5,10,3,Permiso personal,8,Sí
4451,2024-04-23,349,6,15,27,4,Permiso personal,4,Sí
4452,2024-04-25,350,1,5,23,4,Enfermedad,4,Sí
4453,2024-04-18,354,1,1,1,1,Permiso personal,8,Sí
4454,2024-04-19,355,1,5,2,2,Permiso personal,8,Sí
4455,2024-04-20,360,1,2,23,3,Permiso personal,8,Sí
4456,2024-04-29,360,1,2,23,3,Falta injustificada,8,No
4457,2024-04-28,364,1,5,2,1,Enfermedad,4,Sí
4458,2024-04-11,376,3,10,27,3,Enfermedad,8,Sí
4459,2024-04-10,378,1,1,17,3,Enfermedad,8,Sí
4460,2024-04-14,378,1,1,17,3,Permiso personal,4,Sí
4461,2024-04-17,393,1,4,4,2,Permiso personal,8,Sí
4462,2024-04-20,393,1,4,4,2,Permiso personal,8,Sí
4463,2024-04-02,397,1,3,7,3,Enfermedad,8,Sí
4464,2024-04-16,404,1,5,10,1,Enfermedad,4,Sí
4465,2024-04-22,412,3,10,27,2,Permiso personal,8,Sí
4466,2024-04-15,428,1,2,15,3,Enfermedad,8,Sí
4467,2024-04-27,428,1,2,15,3,Permiso personal,8,Sí
4468,2024-04-11,440,2,6,25,2,Enfermedad,4,Sí
4469,2024-04-18,447,2,7,26,2,Permiso personal,8,Sí
4470,2024-04-19,447,2,7,26,2,Enfermedad,4,Sí
4471,2024-04-23,449,1,3,24,2,Permiso personal,8,Sí
4472,2024-04-11,455,1,2,12,2,Enfermedad,8,Sí
4473,2024-04-02,463,1,1,15,1,Enfermedad,4,Sí
4474,2024-04-13,471,1,2,2,2,Permiso personal,8,Sí
4475,2024-04-07,490,3,10,27,3,Enfermedad,8,Sí
4476,2024-04-20,494,1,2,3,1,Permiso personal,8,Sí
4477,2024-04-24,498,1,1,18,1,Enfermedad,8,Sí
4478,2024-04-16,503,1,3,16,1,Enfermedad,8,Sí
4479,2024-04-30,503,1,3,16,1,Enfermedad,8,Sí
4480,2024-04-07,507,1,5,23,2,Enfermedad,8,Sí
4481,2024-04-02,524,6,15,27,2,Enfermedad,4,Sí
4482,2024-04-03,524,6,15,27,2,Falta injustificada,8,No
4483,2024-04-25,524,6,15,27,2,Enfermedad,8,Sí
4484,2024-04-14,534,1,2,22,2,Permiso personal,4,Sí
4485,2024-04-11,536,1,1,21,3,Enfermedad,8,Sí
4486,2024-04-07,540,1,3,14,3,Permiso personal,8,Sí
4487,2024-04-25,546,1,1,11,3,Enfermedad,8,Sí
4488,2024-04-28,546,1,1,11,3,Falta injustificada,8,No
4489,2024-04-08,547,1,2,8,3,Permiso personal,8,Sí
4490,2024-04-20,557,1,3,18,1,Enfermedad,4,Sí
4491,2024-04-04,567,1,3,12,2,Enfermedad,8,Sí
4492,2024-04-13,571,1,3,12,1,Permiso personal,8,Sí
4493,2024-04-24,571,1,3,12,1,Enfermedad,8,Sí
4494,2024-04-24,572,1,5,23,3,Enfermedad,8,Sí
4495,2024-04-04,579,1,1,2,3,Falta injustificada,8,No
4496,2024-04-01,580,2,8,26,2,Falta injustificada,8,No
4497,2024-04-28,581,1,2,14,2,Permiso personal,4,Sí
4498,2024-04-21,583,1,3,12,1,Falta injustificada,8,No
4499,2024-04-02,586,1,1,23,2,Permiso personal,8,Sí
4500,2024-04-07,605,1,4,16,2,Enfermedad,8,Sí
4501,2024-04-15,611,1,1,10,2,Permiso personal,4,Sí
4502,2024-04-22,611,1,1,10,2,Falta injustificada,8,No
4503,2024-04-24,630,1,1,20,1,Permiso personal,8,Sí
4504,2024-04-23,635,1,2,21,2,Enfermedad,8,Sí
4505,2024-04-14,638,1,5,24,2,Permiso personal,4,Sí
4506,2024-04-30,638,1,5,24,2,Permiso personal,8,Sí
4507,2024-04-05,643,1,5,21,2,Enfermedad,8,Sí
4508,2024-04-07,648,1,5,12,2,Enfermedad,8,Sí
4509,2024-04-18,648,1,5,12,2,Enfermedad,4,Sí
4510,2024-04-28,651,1,4,10,2,Permiso personal,4,Sí
4511,2024-04-10,655,1,1,13,1,Enfermedad,8,Sí
4512,2024-04-14,655,1,1,13,1,Enfermedad,8,Sí
4513,2024-04-29,658,1,5,1,3,Enfermedad,8,Sí
4514,2024-04-08,668,1,1,19,3,Enfermedad,4,Sí
4515,2024-04-14,668,1,1,19,3,Enfermedad,8,Sí
4516,2024-04-30,678,1,2,2,2,Enfermedad,8,Sí
4517,2024-04-09,712,1,2,11,3,Enfermedad,8,Sí
4518,2024-04-22,721,1,3,24,1,Permiso personal,8,Sí
4519,2024-04-19,723,1,1,24,3,Enfermedad,4,Sí
4520,2024-04-16,734,1,2,24,1,Permiso personal,8,Sí
4521,2024-04-18,735,4,12,27,2,Enfermedad,4,Sí
4522,2024-04-15,756,1,3,22,2,Permiso personal,8,Sí
4523,2024-04-18,756,1,3,22,2,Permiso personal,8,Sí
4524,2024-04-08,765,2,7,26,3,Enfermedad,4,Sí
4525,2024-04-26,765,2,7,26,3,Enfermedad,8,Sí
4526,2024-04-12,767,2,6,25,2,Enfermedad,8,Sí
4527,2024-04-03,768,1,1,18,2,Enfermedad,8,Sí
4528,2024-04-04,780,1,1,8,2,Enfermedad,8,Sí
4529,2024-04-15,780,1,1,8,2,Enfermedad,8,Sí
4530,2024-04-18,780,1,1,8,2,Permiso personal,8,Sí
4531,2024-04-30,792,1,2,16,3,Enfermedad,8,Sí
4532,2024-04-20,807,5,13,27,2,Falta injustificada,4,No
4533,2024-04-23,807,5,13,27,2,Falta injustificada,4,No
4534,2024-04-28,807,5,13,27,2,Permiso personal,8,Sí
4535,2024-04-27,809,1,2,1,1,Enfermedad,4,Sí
4536,2024-04-10,812,1,4,4,3,Permiso personal,8,Sí
4537,2024-04-15,812,1,4,4,3,Enfermedad,4,Sí
4538,2024-04-30,812,1,4,4,3,Enfermedad,4,Sí
4539,2024-04-11,816,4,12,27,2,Falta injustificada,4,No
4540,2024-04-28,821,2,7,26,2,Enfermedad,4,Sí
4541,2024-04-04,829,1,1,17,2,Permiso personal,8,Sí
4542,2024-04-18,840,1,4,24,2,Permiso personal,8,Sí
4543,2024-04-13,852,1,2,18,3,Enfermedad,4,Sí
4544,2024-04-24,852,1,2,18,3,Permiso personal,8,Sí
4545,2024-04-09,853,1,1,11,3,Enfermedad,8,Sí
4546,2024-04-18,853,1,1,11,3,Permiso personal,8,Sí
4547,2024-04-24,855,1,2,3,2,Falta injustificada,8,No
4548,2024-04-27,858,1,4,14,3,Enfermedad,8,Sí
4549,2024-04-23,862,1,2,4,2,Enfermedad,8,Sí
4550,2024-04-08,864,1,4,21,2,Enfermedad,8,Sí
4551,2024-04-07,872,2,6,25,2,Enfermedad,8,Sí
4552,2024-04-17,872,2,6,25,2,Falta injustificada,8,No
4553,2024-04-03,875,1,1,4,2,Enfermedad,4,Sí
4554,2024-04-11,875,1,1,4,2,Enfermedad,8,Sí
4555,2024-04-24,883,1,2,18,2,Enfermedad,4,Sí
4556,2024-04-27,883,1,2,18,2,Permiso personal,8,Sí
4557,2024-04-04,887,1,2,10,2,Falta injustificada,8,No
4558,2024-04-17,887,1,2,10,2,Enfermedad,8,Sí
4559,2024-04-01,890,1,4,22,3,Permiso personal,8,Sí
4560,2024-04-02,895,1,3,15,3,Permiso personal,8,Sí
4561,2024-04-24,895,1,3,15,3,Enfermedad,8,Sí
4562,2024-04-26,895,1,3,15,3,Permiso personal,8,Sí
4563,2024-05-27,2,2,7,25,4,Enfermedad,4,Sí
4564,2024-05-13,3,1,4,11,4,Enfermedad,4,Sí
4565,2024-05-24,3,1,4,11,4,Permiso personal,8,Sí
4566,2024-05-23,4,1,1,23,4,Enfermedad,4,Sí
4567,2024-05-10,6,1,5,7,3,Enfermedad,8,Sí
4568,2024-05-13,9,1,1,11,4,Enfermedad,8,Sí
4569,2024-05-30,11,1,1,5,4,Permiso personal,8,Sí
4570,2024-05-28,12,1,5,10,4,Enfermedad,8,Sí
4571,2024-05-02,13,1,5,8,3,Enfermedad,8,Sí
4572,2024-05-27,14,1,4,19,4,Enfermedad,8,Sí
4573,2024-05-25,17,6,15,27,4,Enfermedad,4,Sí
4574,2024-05-10,18,4,11,27,3,Enfermedad,8,Sí
4575,2024-05-11,18,4,11,27,3,Permiso personal,8,Sí
4576,2024-05-31,18,4,11,27,3,Enfermedad,8,Sí
4577,2024-05-04,22,1,5,18,4,Enfermedad,8,Sí
4578,2024-05-07,30,2,8,25,4,Enfermedad,4,Sí
4579,2024-05-30,31,1,5,21,3,Falta injustificada,8,No
4580,2024-05-15,36,1,3,20,4,Falta injustificada,8,No
4581,2024-05-18,36,1,3,20,4,Permiso personal,8,Sí
4582,2024-05-29,36,1,3,20,4,Falta injustificada,8,No
4583,2024-05-04,38,1,3,22,4,Enfermedad,8,Sí
4584,2024-05-27,38,1,3,22,4,Enfermedad,8,Sí
4585,2024-05-03,40,1,1,3,4,Enfermedad,4,Sí
4586,2024-05-07,40,1,1,3,4,Falta injustificada,8,No
4587,2024-05-01,41,1,2,17,4,Enfermedad,8,Sí
4588,2024-05-17,41,1,2,17,4,Enfermedad,8,Sí
4589,2024-05-01,47,1,1,5,4,Enfermedad,8,Sí
4590,2024-05-21,47,1,1,5,4,Permiso personal,4,Sí
4591,2024-05-09,48,1,5,12,4,Permiso personal,8,Sí
4592,2024-05-25,51,1,2,11,4,Permiso personal,8,Sí
4593,2024-05-11,52,1,4,19,3,Enfermedad,4,Sí
4594,2024-05-25,52,1,4,19,3,Permiso personal,8,Sí
4595,2024-05-08,56,1,3,17,4,Falta injustificada,8,No
4596,2024-05-29,56,1,3,17,4,Enfermedad,4,Sí
4597,2024-05-13,58,1,3,10,4,Permiso personal,8,Sí
4598,2024-05-26,58,1,3,10,4,Permiso personal,8,Sí
4599,2024-05-28,58,1,3,10,4,Enfermedad,8,Sí
4600,2024-05-05,59,1,4,7,3,Falta injustificada,8,No
4601,2024-05-12,59,1,4,7,3,Enfermedad,8,Sí
4602,2024-05-19,59,1,4,7,3,Enfermedad,8,Sí
4603,2024-05-30,59,1,4,7,3,Permiso personal,8,Sí
4604,2024-05-08,63,1,2,14,3,Enfermedad,4,Sí
4605,2024-05-13,65,1,3,20,4,Enfermedad,8,Sí
4606,2024-05-24,68,1,2,7,4,Enfermedad,8,Sí
4607,2024-05-04,72,1,1,21,4,Enfermedad,8,Sí
4608,2024-05-16,77,2,6,25,4,Permiso personal,8,Sí
4609,2024-05-11,78,3,9,27,4,Enfermedad,8,Sí
4610,2024-05-16,80,1,3,12,4,Enfermedad,8,Sí
4611,2024-05-09,82,1,5,22,3,Permiso personal,8,Sí
4612,2024-05-25,82,1,5,22,3,Enfermedad,8,Sí
4613,2024-05-29,82,1,5,22,3,Enfermedad,4,Sí
4614,2024-05-29,83,1,1,21,3,Enfermedad,4,Sí
4615,2024-05-09,84,1,3,9,4,Enfermedad,8,Sí
4616,2024-05-21,84,1,3,9,4,Permiso personal,8,Sí
4617,2024-05-03,88,1,3,19,4,Enfermedad,4,Sí
4618,2024-05-23,88,1,3,19,4,Permiso personal,8,Sí
4619,2024-05-13,97,1,3,3,4,Enfermedad,8,Sí
4620,2024-05-09,103,1,2,23,4,Enfermedad,8,Sí
4621,2024-05-01,104,4,11,27,4,Enfermedad,8,Sí
4622,2024-05-20,104,4,11,27,4,Permiso personal,8,Sí
4623,2024-05-06,106,1,4,6,4,Enfermedad,8,Sí
4624,2024-05-16,108,1,2,17,4,Enfermedad,4,Sí
4625,2024-05-27,108,1,2,17,4,Enfermedad,8,Sí
4626,2024-05-29,110,1,3,8,3,Permiso personal,8,Sí
4627,2024-05-20,111,1,3,14,4,Permiso personal,8,Sí
4628,2024-05-08,117,5,13,27,4,Enfermedad,8,Sí
4629,2024-05-10,117,5,13,27,4,Permiso personal,8,Sí
4630,2024-05-01,118,1,4,15,3,Permiso personal,8,Sí
4631,2024-05-30,118,1,4,15,3,Enfermedad,8,Sí
4632,2024-05-09,123,1,4,17,4,Enfermedad,4,Sí
4633,2024-05-30,123,1,4,17,4,Permiso personal,4,Sí
4634,2024-05-02,129,1,1,21,4,Falta injustificada,4,No
4635,2024-05-06,129,1,1,21,4,Enfermedad,8,Sí
4636,2024-05-09,130,1,5,5,4,Enfermedad,8,Sí
4637,2024-05-04,136,1,2,11,4,Permiso personal,8,Sí
4638,2024-05-20,136,1,2,11,4,Enfermedad,8,Sí
4639,2024-05-26,136,1,2,11,4,Permiso personal,8,Sí
4640,2024-05-29,138,1,4,7,3,Permiso personal,8,Sí
4641,2024-05-02,139,1,5,11,3,Enfermedad,8,Sí
4642,2024-05-14,140,1,1,22,4,Enfermedad,8,Sí
4643,2024-05-30,144,1,3,12,3,Permiso personal,8,Sí
4644,2024-05-19,148,1,1,24,4,Permiso personal,8,Sí
4645,2024-05-11,152,1,1,20,3,Enfermedad,4,Sí
4646,2024-05-23,152,1,1,20,3,Enfermedad,4,Sí
4647,2024-05-27,155,2,6,26,4,Enfermedad,8,Sí
4648,2024-05-02,158,1,4,23,3,Permiso personal,4,Sí
4649,2024-05-14,166,1,1,5,4,Enfermedad,8,Sí
4650,2024-05-09,167,1,3,22,4,Permiso personal,4,Sí
4651,2024-05-10,167,1,3,22,4,Enfermedad,8,Sí
4652,2024-05-30,168,1,3,6,4,Enfermedad,8,Sí
4653,2024-05-04,169,1,1,7,3,Permiso personal,8,Sí
4654,2024-05-08,169,1,1,7,3,Enfermedad,8,Sí
4655,2024-05-14,169,1,1,7,3,Enfermedad,8,Sí
4656,2024-05-16,171,1,4,4,4,Enfermedad,8,Sí
4657,2024-05-26,171,1,4,4,4,Enfermedad,8,Sí
4658,2024-05-29,174,1,2,16,4,Enfermedad,8,Sí
4659,2024-05-12,176,1,1,6,3,Enfermedad,8,Sí
4660,2024-05-29,176,1,1,6,3,Enfermedad,8,Sí
4661,2024-05-27,181,1,1,9,4,Enfermedad,8,Sí
4662,2024-05-25,183,6,15,27,4,Falta injustificada,8,No
4663,2024-05-23,188,1,4,1,3,Enfermedad,4,Sí
4664,2024-05-30,188,1,4,1,3,Enfermedad,4,Sí
4665,2024-05-30,193,1,4,21,3,Enfermedad,8,Sí
4666,2024-05-07,198,1,1,23,3,Enfermedad,8,Sí
4667,2024-05-14,198,1,1,23,3,Permiso personal,8,Sí
4668,2024-05-17,198,1,1,23,3,Enfermedad,4,Sí
4669,2024-05-24,199,6,15,27,4,Enfermedad,4,Sí
4670,2024-05-21,208,2,6,25,4,Falta injustificada,8,No
4671,2024-05-14,209,1,5,15,3,Enfermedad,8,Sí
4672,2024-05-19,212,1,2,12,4,Enfermedad,8,Sí
4673,2024-05-27,212,1,2,12,4,Permiso personal,8,Sí
4674,2024-05-27,219,1,2,3,4,Permiso personal,8,Sí
4675,2024-05-24,221,1,2,11,4,Permiso personal,8,Sí
4676,2024-05-06,225,1,2,2,4,Enfermedad,8,Sí
4677,2024-05-19,235,1,3,17,3,Enfermedad,4,Sí
4678,2024-05-01,236,1,1,2,4,Permiso personal,8,Sí
4679,2024-05-26,239,1,3,8,4,Permiso personal,8,Sí
4680,2024-05-10,241,1,1,14,3,Enfermedad,8,Sí
4681,2024-05-15,242,1,1,2,4,Permiso personal,8,Sí
4682,2024-05-29,242,1,1,2,4,Enfermedad,8,Sí
4683,2024-05-05,246,1,3,19,3,Permiso personal,8,Sí
4684,2024-05-07,247,1,5,17,4,Enfermedad,8,Sí
4685,2024-05-26,254,1,2,19,4,Permiso personal,8,Sí
4686,2024-05-31,254,1,2,19,4,Enfermedad,4,Sí
4687,2024-05-26,255,1,1,21,4,Enfermedad,4,Sí
4688,2024-05-01,259,1,3,8,4,Enfermedad,4,Sí
4689,2024-05-15,259,1,3,8,4,Enfermedad,8,Sí
4690,2024-05-11,263,1,3,12,4,Enfermedad,8,Sí
4691,2024-05-07,266,1,2,18,4,Permiso personal,8,Sí
4692,2024-05-21,266,1,2,18,4,Enfermedad,8,Sí
4693,2024-05-06,267,1,5,13,4,Enfermedad,8,Sí
4694,2024-05-15,267,1,5,13,4,Enfermedad,4,Sí
4695,2024-05-11,268,1,5,10,4,Permiso personal,8,Sí
4696,2024-05-28,268,1,5,10,4,Enfermedad,8,Sí
4697,2024-05-02,269,1,1,8,4,Enfermedad,8,Sí
4698,2024-05-09,269,1,1,8,4,Enfermedad,8,Sí
4699,2024-05-17,269,1,1,8,4,Enfermedad,8,Sí
4700,2024-05-08,270,1,3,18,4,Enfermedad,8,Sí
4701,2024-05-15,274,1,5,19,4,Enfermedad,4,Sí
4702,2024-05-21,274,1,5,19,4,Enfermedad,4,Sí
4703,2024-05-29,274,1,5,19,4,Falta injustificada,8,No
4704,2024-05-18,275,1,4,15,4,Permiso personal,8,Sí
4705,2024-05-17,279,1,4,10,3,Falta injustificada,4,No
4706,2024-05-24,282,1,1,20,3,Enfermedad,8,Sí
4707,2024-05-27,283,1,5,12,3,Permiso personal,8,Sí
4708,2024-05-15,286,1,2,12,3,Enfermedad,8,Sí
4709,2024-05-29,288,1,1,12,4,Enfermedad,8,Sí
4710,2024-05-13,290,1,3,3,4,Permiso personal,8,Sí
4711,2024-05-16,290,1,3,3,4,Permiso personal,4,Sí
4712,2024-05-14,292,2,6,26,4,Permiso personal,8,Sí
4713,2024-05-10,306,1,4,4,3,Permiso personal,8,Sí
4714,2024-05-16,306,1,4,4,3,Enfermedad,8,Sí
4715,2024-05-29,306,1,4,4,3,Permiso personal,8,Sí
4716,2024-05-28,307,1,5,2,3,Enfermedad,8,Sí
4717,2024-05-26,309,1,4,9,4,Permiso personal,8,Sí
4718,2024-05-19,312,1,1,21,4,Permiso personal,8,Sí
4719,2024-05-07,314,2,7,25,4,Enfermedad,8,Sí
4720,2024-05-04,319,1,1,8,3,Permiso personal,8,Sí
4721,2024-05-11,319,1,1,8,3,Enfermedad,8,Sí
4722,2024-05-26,319,1,1,8,3,Falta injustificada,8,No
4723,2024-05-08,320,1,4,10,3,Enfermedad,8,Sí
4724,2024-05-16,321,6,16,27,4,Permiso personal,8,Sí
4725,2024-05-22,321,6,16,27,4,Permiso personal,8,Sí
4726,2024-05-26,323,2,6,26,4,Enfermedad,8,Sí
4727,2024-05-28,324,1,1,15,4,Permiso personal,4,Sí
4728,2024-05-08,326,1,1,15,4,Permiso personal,4,Sí
4729,2024-05-09,326,1,1,15,4,Permiso personal,4,Sí
4730,2024-05-15,326,1,1,15,4,Enfermedad,8,Sí
4731,2024-05-11,327,3,9,27,4,Falta injustificada,8,No
4732,2024-05-20,331,1,1,4,4,Enfermedad,8,Sí
4733,2024-05-24,332,1,5,23,4,Falta injustificada,4,No
4734,2024-05-10,334,1,1,11,3,Enfermedad,8,Sí
4735,2024-05-22,340,5,13,27,4,Enfermedad,8,Sí
4736,2024-05-18,341,1,1,7,4,Permiso personal,8,Sí
4737,2024-05-07,343,1,1,15,3,Enfermedad,4,Sí
4738,2024-05-27,343,1,1,15,3,Enfermedad,8,Sí
4739,2024-05-07,344,1,1,24,4,Enfermedad,8,Sí
4740,2024-05-19,347,1,5,10,3,Enfermedad,4,Sí
4741,2024-05-12,352,1,3,7,2,Enfermedad,8,Sí
4742,2024-05-10,354,1,1,1,2,Falta injustificada,8,No
4743,2024-05-28,357,1,5,8,1,Permiso personal,8,Sí
4744,2024-05-03,360,1,2,23,3,Enfermedad,8,Sí
4745,2024-05-18,376,3,10,27,3,Permiso personal,8,Sí
4746,2024-05-15,378,1,1,17,3,Enfermedad,8,Sí
4747,2024-05-12,379,6,16,27,2,Enfermedad,8,Sí
4748,2024-05-13,380,1,1,5,2,Permiso personal,8,Sí
4749,2024-05-31,380,1,1,5,2,Enfermedad,4,Sí
4750,2024-05-13,384,2,6,25,2,Falta injustificada,8,No
4751,2024-05-07,387,1,5,18,2,Enfermedad,8,Sí
4752,2024-05-02,389,1,3,6,2,Permiso personal,4,Sí
4753,2024-05-24,404,1,5,10,1,Permiso personal,8,Sí
4754,2024-05-23,412,3,10,27,2,Enfermedad,8,Sí
4755,2024-05-06,416,1,1,8,1,Enfermedad,8,Sí
4756,2024-05-19,416,1,1,8,1,Enfermedad,8,Sí
4757,2024-05-25,416,1,1,8,1,Enfermedad,8,Sí
4758,2024-05-15,421,1,1,13,1,Enfermedad,8,Sí
4759,2024-05-05,428,1,2,15,3,Enfermedad,4,Sí
4760,2024-05-03,431,1,1,12,2,Enfermedad,8,Sí
4761,2024-05-17,446,1,4,2,2,Permiso personal,8,Sí
4762,2024-05-28,446,1,4,2,2,Permiso personal,4,Sí
4763,2024-05-23,447,2,7,26,2,Falta injustificada,8,No
4764,2024-05-11,449,1,3,24,2,Enfermedad,8,Sí
4765,2024-05-22,449,1,3,24,2,Enfermedad,4,Sí
4766,2024-05-12,452,1,3,21,1,Enfermedad,8,Sí
4767,2024-05-16,452,1,3,21,1,Enfermedad,8,Sí
4768,2024-05-13,455,1,2,12,2,Permiso personal,8,Sí
4769,2024-05-28,455,1,2,12,2,Enfermedad,8,Sí
4770,2024-05-11,457,1,5,9,3,Permiso personal,8,Sí
4771,2024-05-14,463,1,1,15,2,Enfermedad,8,Sí
4772,2024-05-09,468,2,6,26,1,Enfermedad,8,Sí
4773,2024-05-13,471,1,2,2,2,Permiso personal,8,Sí
4774,2024-05-18,471,1,2,2,2,Enfermedad,8,Sí
4775,2024-05-23,472,1,1,9,2,Permiso personal,8,Sí
4776,2024-05-02,475,3,9,27,2,Enfermedad,8,Sí
4777,2024-05-17,486,1,4,18,2,Enfermedad,4,Sí
4778,2024-05-15,490,3,10,27,3,Enfermedad,4,Sí
4779,2024-05-21,490,3,10,27,3,Permiso personal,8,Sí
4780,2024-05-30,490,3,10,27,3,Enfermedad,8,Sí
4781,2024-05-06,496,1,5,5,2,Enfermedad,8,Sí
4782,2024-05-26,498,1,1,18,1,Enfermedad,4,Sí
4783,2024-05-09,503,1,3,16,1,Enfermedad,8,Sí
4784,2024-05-09,507,1,5,23,2,Falta injustificada,8,No
4785,2024-05-15,510,5,14,27,3,Permiso personal,8,Sí
4786,2024-05-03,524,6,15,27,2,Enfermedad,8,Sí
4787,2024-05-29,524,6,15,27,2,Enfermedad,8,Sí
4788,2024-05-21,532,1,5,11,2,Enfermedad,4,Sí
4789,2024-05-12,547,1,2,8,3,Permiso personal,4,Sí
4790,2024-05-23,553,1,4,3,3,Enfermedad,8,Sí
4791,2024-05-30,557,1,3,18,1,Enfermedad,4,Sí
4792,2024-05-15,566,6,15,27,3,Enfermedad,4,Sí
4793,2024-05-16,567,1,3,12,2,Enfermedad,8,Sí
4794,2024-05-24,571,1,3,12,1,Permiso personal,8,Sí
4795,2024-05-29,573,1,3,15,2,Falta injustificada,8,No
4796,2024-05-20,580,2,8,26,2,Enfermedad,8,Sí
4797,2024-05-21,580,2,8,26,2,Falta injustificada,4,No
4798,2024-05-05,581,1,2,14,2,Permiso personal,8,Sí
4799,2024-05-27,583,1,3,12,2,Enfermedad,8,Sí
4800,2024-05-05,589,1,1,4,3,Permiso personal,8,Sí
4801,2024-05-11,589,1,1,4,3,Enfermedad,8,Sí
4802,2024-05-24,590,1,1,2,3,Enfermedad,8,Sí
4803,2024-05-27,590,1,1,2,3,Enfermedad,4,Sí
4804,2024-05-25,612,1,1,18,1,Enfermedad,8,Sí
4805,2024-05-16,622,1,2,8,2,Permiso personal,8,Sí
4806,2024-05-20,626,2,6,25,3,Falta injustificada,4,No
4807,2024-05-13,645,1,5,2,2,Enfermedad,8,Sí
4808,2024-05-23,647,1,1,5,2,Enfermedad,8,Sí
4809,2024-05-16,655,1,1,13,1,Enfermedad,8,Sí
4810,2024-05-11,656,4,12,27,1,Enfermedad,8,Sí
4811,2024-05-20,678,1,2,2,2,Permiso personal,8,Sí
4812,2024-05-07,699,1,4,11,1,Permiso personal,8,Sí
4813,2024-05-29,699,1,4,11,1,Enfermedad,4,Sí
4814,2024-05-31,704,1,1,2,1,Falta injustificada,8,No
4815,2024-05-15,707,1,5,22,3,Falta injustificada,4,No
4816,2024-05-26,708,4,12,27,3,Enfermedad,8,Sí
4817,2024-05-14,712,1,2,11,3,Enfermedad,8,Sí
4818,2024-05-28,716,1,4,8,3,Permiso personal,8,Sí
4819,2024-05-20,721,1,3,24,2,Enfermedad,8,Sí
4820,2024-05-07,723,1,1,24,3,Enfermedad,4,Sí
4821,2024-05-01,733,1,3,20,3,Enfermedad,8,Sí
4822,2024-05-01,734,1,2,24,1,Permiso personal,8,Sí
4823,2024-05-27,734,1,2,24,1,Permiso personal,8,Sí
4824,2024-05-13,741,1,5,20,3,Permiso personal,4,Sí
4825,2024-05-07,756,1,3,22,2,Enfermedad,8,Sí
4826,2024-05-19,756,1,3,22,2,Enfermedad,8,Sí
4827,2024-05-05,759,2,7,26,2,Enfermedad,4,Sí
4828,2024-05-16,768,1,1,18,3,Enfermedad,8,Sí
4829,2024-05-22,782,1,1,10,2,Enfermedad,4,Sí
4830,2024-05-24,782,1,1,10,2,Enfermedad,8,Sí
4831,2024-05-01,785,1,2,15,2,Enfermedad,8,Sí
4832,2024-05-25,785,1,2,15,2,Enfermedad,8,Sí
4833,2024-05-22,809,1,2,1,2,Falta injustificada,8,No
4834,2024-05-01,812,1,4,4,3,Enfermedad,8,Sí
4835,2024-05-28,812,1,4,4,3,Enfermedad,8,Sí
4836,2024-05-05,816,4,12,27,2,Falta injustificada,8,No
4837,2024-05-16,826,1,1,15,2,Permiso personal,4,Sí
4838,2024-05-21,826,1,1,15,2,Enfermedad,4,Sí
4839,2024-05-27,826,1,1,15,2,Permiso personal,8,Sí
4840,2024-05-24,829,1,1,17,2,Falta injustificada,8,No
4841,2024-05-20,840,1,4,24,2,Permiso personal,8,Sí
4842,2024-05-21,842,1,5,11,2,Permiso personal,8,Sí
4843,2024-05-22,852,1,2,18,3,Enfermedad,8,Sí
4844,2024-05-22,854,1,1,7,2,Enfermedad,8,Sí
4845,2024-05-02,864,1,4,21,2,Permiso personal,4,Sí
4846,2024-05-03,867,1,1,2,2,Falta injustificada,8,No
4847,2024-05-19,869,1,1,20,2,Enfermedad,8,Sí
4848,2024-05-12,885,1,1,20,3,Enfermedad,8,Sí
4849,2024-05-26,885,1,1,20,3,Enfermedad,8,Sí
4850,2024-05-25,890,1,4,22,3,Enfermedad,8,Sí
4851,2024-05-01,895,1,3,15,3,Permiso personal,8,Sí
4852,2024-05-08,895,1,3,15,3,Enfermedad,8,Sí
4853,2024-05-29,895,1,3,15,3,Enfermedad,8,Sí
4854,2024-06-10,2,2,7,25,4,Permiso personal,8,Sí
4855,2024-06-11,2,2,7,25,4,Enfermedad,8,Sí
4856,2024-06-15,3,1,4,11,4,Falta injustificada,8,No
4857,2024-06-28,4,1,1,23,4,Enfermedad,8,Sí
4858,2024-06-04,6,1,5,7,3,Permiso personal,8,Sí
4859,2024-06-28,6,1,5,7,3,Enfermedad,8,Sí
4860,2024-06-11,8,2,8,25,3,Enfermedad,8,Sí
4861,2024-06-09,9,1,1,11,4,Permiso personal,4,Sí
4862,2024-06-14,9,1,1,11,4,Falta injustificada,4,No
4863,2024-06-27,11,1,1,5,4,Enfermedad,8,Sí
4864,2024-06-04,12,1,5,10,4,Enfermedad,8,Sí
4865,2024-06-12,14,1,4,19,4,Enfermedad,8,Sí
4866,2024-06-16,18,4,11,27,3,Enfermedad,8,Sí
4867,2024-06-22,18,4,11,27,3,Falta injustificada,8,No
4868,2024-06-28,20,1,2,24,4,Permiso personal,8,Sí
4869,2024-06-12,22,1,5,18,4,Enfermedad,8,Sí
4870,2024-06-08,24,2,7,26,3,Enfermedad,8,Sí
4871,2024-06-01,26,1,1,14,4,Enfermedad,8,Sí
4872,2024-06-12,26,1,1,14,4,Enfermedad,8,Sí
4873,2024-06-27,28,1,1,21,3,Permiso personal,8,Sí
4874,2024-06-08,30,2,8,25,4,Enfermedad,8,Sí
4875,2024-06-23,30,2,8,25,4,Enfermedad,8,Sí
4876,2024-06-28,30,2,8,25,4,Enfermedad,4,Sí
4877,2024-06-08,31,1,5,21,3,Permiso personal,8,Sí
4878,2024-06-26,35,1,1,11,4,Permiso personal,8,Sí
4879,2024-06-03,37,3,9,27,4,Permiso personal,4,Sí
4880,2024-06-22,37,3,9,27,4,Permiso personal,4,Sí
4881,2024-06-03,38,1,3,22,4,Enfermedad,8,Sí
4882,2024-06-08,38,1,3,22,4,Permiso personal,8,Sí
4883,2024-06-29,38,1,3,22,4,Enfermedad,8,Sí
4884,2024-06-29,40,1,1,3,4,Falta injustificada,8,No
4885,2024-06-11,41,1,2,17,4,Permiso personal,8,Sí
4886,2024-06-14,41,1,2,17,4,Enfermedad,8,Sí
4887,2024-06-12,46,1,4,14,3,Enfermedad,4,Sí
4888,2024-06-19,47,1,1,5,4,Permiso personal,8,Sí
4889,2024-06-27,47,1,1,5,4,Permiso personal,4,Sí
4890,2024-06-25,48,1,5,12,4,Enfermedad,4,Sí
4891,2024-06-16,49,1,3,19,4,Enfermedad,8,Sí
4892,2024-06-22,53,1,5,11,4,Permiso personal,8,Sí
4893,2024-06-26,53,1,5,11,4,Falta injustificada,8,No
4894,2024-06-25,54,1,4,19,4,Enfermedad,8,Sí
4895,2024-06-18,55,2,6,26,3,Permiso personal,8,Sí
4896,2024-06-10,56,1,3,17,4,Permiso personal,4,Sí
4897,2024-06-11,58,1,3,10,4,Enfermedad,8,Sí
4898,2024-06-06,59,1,4,7,3,Enfermedad,4,Sí
4899,2024-06-29,59,1,4,7,3,Permiso personal,8,Sí
4900,2024-06-01,65,1,3,20,4,Enfermedad,8,Sí
4901,2024-06-16,65,1,3,20,4,Enfermedad,8,Sí
4902,2024-06-11,70,2,6,26,4,Enfermedad,8,Sí
4903,2024-06-01,74,1,1,21,4,Enfermedad,4,Sí
4904,2024-06-10,78,3,9,27,4,Enfermedad,8,Sí
4905,2024-06-04,82,1,5,22,3,Enfermedad,4,Sí
4906,2024-06-10,83,1,1,21,3,Enfermedad,8,Sí
4907,2024-06-12,83,1,1,21,3,Enfermedad,8,Sí
4908,2024-06-28,89,1,4,19,4,Permiso personal,8,Sí
4909,2024-06-12,90,2,6,26,4,Enfermedad,8,Sí
4910,2024-06-14,93,1,4,14,3,Enfermedad,8,Sí
4911,2024-06-17,93,1,4,14,3,Permiso personal,4,Sí
4912,2024-06-29,93,1,4,14,3,Enfermedad,4,Sí
4913,2024-06-20,96,1,1,12,4,Enfermedad,4,Sí
4914,2024-06-07,97,1,3,3,4,Permiso personal,8,Sí
4915,2024-06-24,99,1,2,5,4,Enfermedad,8,Sí
4916,2024-06-10,101,5,13,27,3,Permiso personal,8,Sí
4917,2024-06-14,101,5,13,27,3,Permiso personal,8,Sí
4918,2024-06-14,102,1,1,14,4,Enfermedad,4,Sí
4919,2024-06-29,102,1,1,14,4,Permiso personal,4,Sí
4920,2024-06-27,103,1,2,23,4,Enfermedad,4,Sí
4921,2024-06-27,104,4,11,27,4,Permiso personal,8,Sí
4922,2024-06-04,112,1,1,9,4,Permiso personal,8,Sí
4923,2024-06-07,118,1,4,15,3,Permiso personal,4,Sí
4924,2024-06-09,123,1,4,17,4,Enfermedad,8,Sí
4925,2024-06-26,123,1,4,17,4,Enfermedad,8,Sí
4926,2024-06-01,124,1,1,15,4,Permiso personal,4,Sí
4927,2024-06-23,126,1,1,12,4,Permiso personal,4,Sí
4928,2024-06-17,128,1,2,2,4,Enfermedad,4,Sí
4929,2024-06-20,129,1,1,21,4,Enfermedad,8,Sí
4930,2024-06-16,130,1,5,5,4,Enfermedad,8,Sí
4931,2024-06-22,130,1,5,5,4,Permiso personal,8,Sí
4932,2024-06-01,136,1,2,11,4,Enfermedad,8,Sí
4933,2024-06-08,137,1,1,8,4,Enfermedad,8,Sí
4934,2024-06-12,137,1,1,8,4,Falta injustificada,4,No
4935,2024-06-11,138,1,4,7,3,Permiso personal,4,Sí
4936,2024-06-22,138,1,4,7,3,Enfermedad,8,Sí
4937,2024-06-01,142,1,2,8,3,Enfermedad,8,Sí
4938,2024-06-02,142,1,2,8,3,Falta injustificada,8,No
4939,2024-06-03,142,1,2,8,3,Enfermedad,8,Sí
4940,2024-06-17,142,1,2,8,3,Permiso personal,8,Sí
4941,2024-06-25,142,1,2,8,3,Enfermedad,8,Sí
4942,2024-06-01,145,1,2,1,4,Permiso personal,8,Sí
4943,2024-06-18,145,1,2,1,4,Enfermedad,8,Sí
4944,2024-06-25,145,1,2,1,4,Enfermedad,8,Sí
4945,2024-06-12,147,1,2,21,4,Permiso personal,8,Sí
4946,2024-06-03,155,2,6,26,4,Falta injustificada,8,No
4947,2024-06-22,158,1,4,23,3,Enfermedad,8,Sí
4948,2024-06-21,163,1,5,22,4,Enfermedad,8,Sí
4949,2024-06-05,167,1,3,22,4,Enfermedad,8,Sí
4950,2024-06-06,168,1,3,6,4,Enfermedad,8,Sí
4951,2024-06-03,171,1,4,4,4,Enfermedad,8,Sí
4952,2024-06-15,171,1,4,4,4,Permiso personal,8,Sí
4953,2024-06-27,171,1,4,4,4,Enfermedad,4,Sí
4954,2024-06-17,174,1,2,16,4,Enfermedad,4,Sí
4955,2024-06-02,176,1,1,6,3,Enfermedad,8,Sí
4956,2024-06-05,176,1,1,6,3,Enfermedad,8,Sí
4957,2024-06-20,180,1,3,6,3,Falta injustificada,8,No
4958,2024-06-10,181,1,1,9,4,Permiso personal,4,Sí
4959,2024-06-20,181,1,1,9,4,Enfermedad,8,Sí
4960,2024-06-15,183,6,15,27,4,Enfermedad,8,Sí
4961,2024-06-16,183,6,15,27,4,Permiso personal,4,Sí
4962,2024-06-18,183,6,15,27,4,Falta injustificada,4,No
4963,2024-06-10,184,1,1,11,4,Permiso personal,8,Sí
4964,2024-06-09,186,1,1,11,4,Permiso personal,8,Sí
4965,2024-06-12,186,1,1,11,4,Permiso personal,4,Sí
4966,2024-06-22,186,1,1,11,4,Falta injustificada,8,No
4967,2024-06-13,187,1,3,20,4,Falta injustificada,8,No
4968,2024-06-21,187,1,3,20,4,Enfermedad,8,Sí
4969,2024-06-18,188,1,4,1,3,Enfermedad,8,Sí
4970,2024-06-22,190,6,16,27,4,Falta injustificada,8,No
4971,2024-06-15,192,1,1,2,4,Enfermedad,8,Sí
4972,2024-06-23,193,1,4,21,3,Enfermedad,4,Sí
4973,2024-06-27,194,1,1,11,4,Enfermedad,8,Sí
4974,2024-06-04,195,1,2,14,4,Enfermedad,4,Sí
4975,2024-06-18,195,1,2,14,4,Enfermedad,8,Sí
4976,2024-06-10,198,1,1,23,3,Enfermedad,8,Sí
4977,2024-06-07,199,6,15,27,4,Permiso personal,8,Sí
4978,2024-06-22,205,1,1,12,3,Enfermedad,4,Sí
4979,2024-06-06,207,1,1,3,4,Enfermedad,4,Sí
4980,2024-06-19,207,1,1,3,4,Enfermedad,8,Sí
4981,2024-06-25,208,2,6,25,4,Enfermedad,8,Sí
4982,2024-06-23,213,1,4,14,4,Permiso personal,8,Sí
4983,2024-06-27,213,1,4,14,4,Falta injustificada,4,No
4984,2024-06-28,213,1,4,14,4,Enfermedad,8,Sí
4985,2024-06-30,213,1,4,14,4,Permiso personal,8,Sí
4986,2024-06-08,214,1,4,4,4,Enfermedad,4,Sí
4987,2024-06-03,216,1,4,20,3,Enfermedad,8,Sí
4988,2024-06-21,216,1,4,20,3,Enfermedad,4,Sí
4989,2024-06-15,219,1,2,3,4,Permiso personal,8,Sí
4990,2024-06-08,222,1,2,4,4,Enfermedad,8,Sí
4991,2024-06-20,222,1,2,4,4,Enfermedad,8,Sí
4992,2024-06-26,222,1,2,4,4,Enfermedad,8,Sí
4993,2024-06-04,224,5,14,27,3,Enfermedad,4,Sí
4994,2024-06-09,224,5,14,27,3,Falta injustificada,4,No
4995,2024-06-10,224,5,14,27,3,Permiso personal,8,Sí
4996,2024-06-08,226,1,1,23,3,Permiso personal,8,Sí
4997,2024-06-17,226,1,1,23,3,Enfermedad,8,Sí
4998,2024-06-14,230,1,3,17,4,Enfermedad,8,Sí
4999,2024-06-17,230,1,3,17,4,Enfermedad,8,Sí
5000,2024-06-18,233,2,6,25,4,Enfermedad,8,Sí
5001,2024-06-22,235,1,3,17,3,Enfermedad,4,Sí
5002,2024-06-12,236,1,1,2,4,Permiso personal,8,Sí
5003,2024-06-03,238,1,1,12,4,Permiso personal,8,Sí
5004,2024-06-11,239,1,3,8,4,Falta injustificada,4,No
5005,2024-06-15,239,1,3,8,4,Enfermedad,4,Sí
5006,2024-06-30,239,1,3,8,4,Enfermedad,8,Sí
5007,2024-06-28,241,1,1,14,3,Enfermedad,8,Sí
5008,2024-06-12,243,1,5,12,4,Enfermedad,4,Sí
5009,2024-06-10,245,1,1,5,3,Enfermedad,8,Sí
5010,2024-06-01,247,1,5,17,4,Enfermedad,8,Sí
5011,2024-06-18,247,1,5,17,4,Enfermedad,8,Sí
5012,2024-06-03,248,1,4,2,4,Enfermedad,8,Sí
5013,2024-06-19,257,1,2,22,4,Enfermedad,8,Sí
5014,2024-06-25,257,1,2,22,4,Enfermedad,8,Sí
5015,2024-06-14,258,1,4,23,4,Enfermedad,4,Sí
5016,2024-06-21,258,1,4,23,4,Enfermedad,4,Sí
5017,2024-06-06,259,1,3,8,4,Enfermedad,8,Sí
5018,2024-06-16,259,1,3,8,4,Enfermedad,8,Sí
5019,2024-06-01,261,1,5,23,4,Enfermedad,8,Sí
5020,2024-06-17,261,1,5,23,4,Permiso personal,8,Sí
5021,2024-06-14,268,1,5,10,4,Enfermedad,4,Sí
5022,2024-06-12,270,1,3,18,4,Enfermedad,4,Sí
5023,2024-06-25,274,1,5,19,4,Permiso personal,8,Sí
5024,2024-06-08,275,1,4,15,4,Falta injustificada,8,No
5025,2024-06-09,276,1,2,24,3,Falta injustificada,8,No
5026,2024-06-22,276,1,2,24,3,Falta injustificada,4,No
5027,2024-06-01,278,1,1,5,3,Enfermedad,8,Sí
5028,2024-06-19,280,1,4,13,3,Permiso personal,8,Sí
5029,2024-06-14,282,1,1,20,3,Enfermedad,8,Sí
5030,2024-06-30,282,1,1,20,3,Enfermedad,8,Sí
5031,2024-06-07,283,1,5,12,3,Falta injustificada,8,No
5032,2024-06-16,283,1,5,12,3,Enfermedad,8,Sí
5033,2024-06-21,283,1,5,12,3,Enfermedad,4,Sí
5034,2024-06-06,285,5,14,27,3,Enfermedad,4,Sí
5035,2024-06-11,285,5,14,27,3,Enfermedad,4,Sí
5036,2024-06-27,285,5,14,27,3,Enfermedad,8,Sí
5037,2024-06-28,290,1,3,3,4,Falta injustificada,8,No
5038,2024-06-30,291,1,2,2,4,Enfermedad,8,Sí
5039,2024-06-20,292,2,6,26,4,Permiso personal,8,Sí
5040,2024-06-29,292,2,6,26,4,Enfermedad,4,Sí
5041,2024-06-25,295,1,5,18,4,Enfermedad,4,Sí
5042,2024-06-24,297,1,5,5,4,Enfermedad,8,Sí
5043,2024-06-11,299,2,6,25,3,Enfermedad,4,Sí
5044,2024-06-06,300,5,13,27,3,Enfermedad,8,Sí
5045,2024-06-25,300,5,13,27,3,Enfermedad,4,Sí
5046,2024-06-02,301,1,5,1,4,Enfermedad,4,Sí
5047,2024-06-27,301,1,5,1,4,Enfermedad,8,Sí
5048,2024-06-13,304,1,3,7,4,Enfermedad,4,Sí
5049,2024-06-11,306,1,4,4,3,Enfermedad,8,Sí
5050,2024-06-19,306,1,4,4,3,Enfermedad,8,Sí
5051,2024-06-25,306,1,4,4,3,Enfermedad,8,Sí
5052,2024-06-05,309,1,4,9,4,Enfermedad,8,Sí
5053,2024-06-09,310,1,2,21,4,Enfermedad,8,Sí
5054,2024-06-14,310,1,2,21,4,Enfermedad,8,Sí
5055,2024-06-02,315,1,1,14,4,Enfermedad,8,Sí
5056,2024-06-07,319,1,1,8,3,Enfermedad,8,Sí
5057,2024-06-29,319,1,1,8,3,Permiso personal,8,Sí
5058,2024-06-21,321,6,16,27,4,Enfermedad,8,Sí
5059,2024-06-12,322,6,16,27,3,Permiso personal,8,Sí
5060,2024-06-12,323,2,6,26,4,Falta injustificada,8,No
5061,2024-06-07,326,1,1,15,4,Enfermedad,8,Sí
5062,2024-06-15,331,1,1,4,4,Enfermedad,8,Sí
5063,2024-06-16,331,1,1,4,4,Enfermedad,8,Sí
5064,2024-06-01,334,1,1,11,3,Permiso personal,8,Sí
5065,2024-06-28,334,1,1,11,3,Enfermedad,8,Sí
5066,2024-06-10,335,1,5,23,4,Permiso personal,8,Sí
5067,2024-06-20,335,1,5,23,4,Enfermedad,4,Sí
5068,2024-06-01,339,1,1,11,4,Enfermedad,8,Sí
5069,2024-06-27,340,5,13,27,4,Permiso personal,8,Sí
5070,2024-06-06,341,1,1,7,4,Enfermedad,8,Sí
5071,2024-06-08,341,1,1,7,4,Permiso personal,8,Sí
5072,2024-06-19,341,1,1,7,4,Enfermedad,8,Sí
5073,2024-06-28,341,1,1,7,4,Enfermedad,4,Sí
5074,2024-06-18,343,1,1,15,3,Enfermedad,8,Sí
5075,2024-06-15,345,1,2,7,4,Enfermedad,4,Sí
5076,2024-06-19,347,1,5,10,3,Permiso personal,8,Sí
5077,2024-06-06,348,1,4,13,4,Enfermedad,8,Sí
5078,2024-06-08,348,1,4,13,4,Enfermedad,8,Sí
5079,2024-06-02,351,1,1,11,2,Permiso personal,8,Sí
5080,2024-06-24,351,1,1,11,2,Enfermedad,8,Sí
5081,2024-06-10,352,1,3,7,2,Enfermedad,8,Sí
5082,2024-06-20,355,1,5,2,3,Permiso personal,4,Sí
5083,2024-06-04,357,1,5,8,1,Enfermedad,8,Sí
5084,2024-06-12,376,3,10,27,3,Permiso personal,8,Sí
5085,2024-06-18,376,3,10,27,3,Enfermedad,4,Sí
5086,2024-06-30,378,1,1,17,3,Enfermedad,4,Sí
5087,2024-06-02,379,6,16,27,2,Enfermedad,8,Sí
5088,2024-06-12,379,6,16,27,2,Permiso personal,8,Sí
5089,2024-06-17,379,6,16,27,2,Enfermedad,8,Sí
5090,2024-06-25,379,6,16,27,2,Permiso personal,8,Sí
5091,2024-06-09,380,1,1,5,3,Enfermedad,8,Sí
5092,2024-06-10,380,1,1,5,3,Enfermedad,8,Sí
5093,2024-06-18,380,1,1,5,3,Enfermedad,8,Sí
5094,2024-06-12,384,2,6,25,2,Falta injustificada,4,No
5095,2024-06-25,384,2,6,25,2,Enfermedad,8,Sí
5096,2024-06-26,384,2,6,25,2,Enfermedad,8,Sí
5097,2024-06-04,387,1,5,18,2,Permiso personal,8,Sí
5098,2024-06-21,387,1,5,18,2,Enfermedad,8,Sí
5099,2024-06-06,389,1,3,6,2,Permiso personal,8,Sí
5100,2024-06-14,389,1,3,6,2,Enfermedad,8,Sí
5101,2024-06-16,389,1,3,6,2,Enfermedad,8,Sí
5102,2024-06-22,389,1,3,6,2,Permiso personal,8,Sí
5103,2024-06-07,390,1,4,12,2,Permiso personal,8,Sí
5104,2024-06-19,390,1,4,12,2,Enfermedad,4,Sí
5105,2024-06-11,393,1,4,4,2,Enfermedad,8,Sí
5106,2024-06-08,397,1,3,7,3,Permiso personal,8,Sí
5107,2024-06-15,397,1,3,7,3,Enfermedad,8,Sí
5108,2024-06-12,404,1,5,10,2,Permiso personal,8,Sí
5109,2024-06-07,416,1,1,8,1,Enfermedad,8,Sí
5110,2024-06-24,422,1,1,14,3,Permiso personal,8,Sí
5111,2024-06-01,428,1,2,15,3,Enfermedad,8,Sí
5112,2024-06-26,428,1,2,15,3,Permiso personal,4,Sí
5113,2024-06-08,435,1,4,7,2,Permiso personal,8,Sí
5114,2024-06-24,435,1,4,7,2,Enfermedad,8,Sí
5115,2024-06-18,440,2,6,25,3,Enfermedad,8,Sí
5116,2024-06-04,441,1,4,7,1,Permiso personal,8,Sí
5117,2024-06-04,447,2,7,26,2,Enfermedad,8,Sí
5118,2024-06-14,452,1,3,21,2,Enfermedad,8,Sí
5119,2024-06-15,452,1,3,21,2,Enfermedad,8,Sí
5120,2024-06-07,453,1,5,5,2,Enfermedad,4,Sí
5121,2024-06-18,455,1,2,12,2,Enfermedad,8,Sí
5122,2024-06-02,457,1,5,9,3,Enfermedad,8,Sí
5123,2024-06-22,463,1,1,15,2,Permiso personal,8,Sí
5124,2024-06-04,468,2,6,26,1,Permiso personal,4,Sí
5125,2024-06-13,468,2,6,26,1,Enfermedad,4,Sí
5126,2024-06-10,472,1,1,9,2,Enfermedad,8,Sí
5127,2024-06-27,472,1,1,9,2,Permiso personal,4,Sí
5128,2024-06-11,475,3,9,27,2,Falta injustificada,8,No
5129,2024-06-25,475,3,9,27,2,Enfermedad,8,Sí
5130,2024-06-17,476,6,15,27,1,Falta injustificada,8,No
5131,2024-06-24,476,6,15,27,1,Enfermedad,8,Sí
5132,2024-06-04,481,1,1,20,2,Enfermedad,8,Sí
5133,2024-06-20,481,1,1,20,2,Falta injustificada,8,No
5134,2024-06-25,481,1,1,20,2,Enfermedad,8,Sí
5135,2024-06-14,486,1,4,18,2,Enfermedad,8,Sí
5136,2024-06-22,486,1,4,18,2,Enfermedad,8,Sí
5137,2024-06-05,490,3,10,27,3,Permiso personal,8,Sí
5138,2024-06-05,494,1,2,3,2,Enfermedad,4,Sí
5139,2024-06-29,494,1,2,3,2,Enfermedad,8,Sí
5140,2024-06-10,496,1,5,5,3,Enfermedad,8,Sí
5141,2024-06-28,507,1,5,23,2,Enfermedad,4,Sí
5142,2024-06-22,515,5,13,27,1,Enfermedad,8,Sí
5143,2024-06-15,522,1,1,7,1,Permiso personal,8,Sí
5144,2024-06-27,522,1,1,7,1,Enfermedad,8,Sí
5145,2024-06-14,523,1,1,9,3,Permiso personal,4,Sí
5146,2024-06-04,532,1,5,11,2,Falta injustificada,4,No
5147,2024-06-10,534,1,2,22,3,Enfermedad,8,Sí
5148,2024-06-14,534,1,2,22,3,Enfermedad,4,Sí
5149,2024-06-20,536,1,1,21,3,Enfermedad,4,Sí
5150,2024-06-01,543,1,1,7,2,Enfermedad,4,Sí
5151,2024-06-21,543,1,1,7,2,Permiso personal,8,Sí
5152,2024-06-25,544,2,6,26,2,Enfermedad,4,Sí
5153,2024-06-28,544,2,6,26,2,Enfermedad,4,Sí
5154,2024-06-04,547,1,2,8,3,Enfermedad,8,Sí
5155,2024-06-12,547,1,2,8,3,Enfermedad,4,Sí
5156,2024-06-05,553,1,4,3,3,Enfermedad,8,Sí
5157,2024-06-17,553,1,4,3,3,Enfermedad,8,Sí
5158,2024-06-17,563,1,3,13,1,Permiso personal,8,Sí
5159,2024-06-13,567,1,3,12,2,Falta injustificada,8,No
5160,2024-06-19,567,1,3,12,2,Enfermedad,8,Sí
5161,2024-06-12,571,1,3,12,2,Enfermedad,4,Sí
5162,2024-06-04,573,1,3,15,2,Permiso personal,8,Sí
5163,2024-06-06,573,1,3,15,2,Enfermedad,4,Sí
5164,2024-06-26,573,1,3,15,2,Enfermedad,8,Sí
5165,2024-06-24,574,1,3,22,2,Enfermedad,4,Sí
5166,2024-06-27,574,1,3,22,2,Enfermedad,8,Sí
5167,2024-06-05,579,1,1,2,3,Permiso personal,8,Sí
5168,2024-06-05,580,2,8,26,2,Enfermedad,4,Sí
5169,2024-06-26,581,1,2,14,3,Permiso personal,4,Sí
5170,2024-06-30,583,1,3,12,2,Enfermedad,8,Sí
5171,2024-06-21,586,1,1,23,2,Permiso personal,8,Sí
5172,2024-06-17,589,1,1,4,3,Enfermedad,8,Sí
5173,2024-06-08,605,1,4,16,2,Falta injustificada,8,No
5174,2024-06-13,605,1,4,16,2,Enfermedad,4,Sí
5175,2024-06-02,609,1,3,16,2,Enfermedad,8,Sí
5176,2024-06-06,609,1,3,16,2,Enfermedad,8,Sí
5177,2024-06-07,611,1,1,10,3,Falta injustificada,8,No
5178,2024-06-07,612,1,1,18,1,Permiso personal,8,Sí
5179,2024-06-09,616,1,4,23,1,Enfermedad,8,Sí
5180,2024-06-10,616,1,4,23,1,Permiso personal,8,Sí
5181,2024-06-13,616,1,4,23,1,Enfermedad,8,Sí
5182,2024-06-26,616,1,4,23,1,Enfermedad,8,Sí
5183,2024-06-15,617,1,1,24,2,Enfermedad,8,Sí
5184,2024-06-06,622,1,2,8,2,Permiso personal,8,Sí
5185,2024-06-12,622,1,2,8,2,Enfermedad,8,Sí
5186,2024-06-07,643,1,5,21,2,Permiso personal,8,Sí
5187,2024-06-14,643,1,5,21,2,Permiso personal,4,Sí
5188,2024-06-02,645,1,5,2,2,Enfermedad,8,Sí
5189,2024-06-12,645,1,5,2,2,Permiso personal,4,Sí
5190,2024-06-09,646,1,1,19,1,Enfermedad,4,Sí
5191,2024-06-25,646,1,1,19,1,Permiso personal,8,Sí
5192,2024-06-28,646,1,1,19,1,Permiso personal,4,Sí
5193,2024-06-30,646,1,1,19,1,Enfermedad,8,Sí
5194,2024-06-08,655,1,1,13,1,Permiso personal,8,Sí
5195,2024-06-19,655,1,1,13,1,Enfermedad,4,Sí
5196,2024-06-21,656,4,12,27,2,Enfermedad,8,Sí
5197,2024-06-26,656,4,12,27,2,Enfermedad,8,Sí
5198,2024-06-02,665,1,4,16,1,Permiso personal,8,Sí
5199,2024-06-23,665,1,4,16,1,Enfermedad,8,Sí
5200,2024-06-24,665,1,4,16,1,Permiso personal,8,Sí
5201,2024-06-07,704,1,1,2,1,Falta injustificada,4,No
5202,2024-06-09,704,1,1,2,1,Enfermedad,8,Sí
5203,2024-06-10,707,1,5,22,3,Enfermedad,4,Sí
5204,2024-06-19,707,1,5,22,3,Enfermedad,8,Sí
5205,2024-06-24,707,1,5,22,3,Enfermedad,8,Sí
5206,2024-06-23,708,4,12,27,3,Enfermedad,8,Sí
5207,2024-06-08,716,1,4,8,3,Permiso personal,8,Sí
5208,2024-06-10,716,1,4,8,3,Enfermedad,8,Sí
5209,2024-06-08,717,2,7,25,3,Enfermedad,8,Sí
5210,2024-06-16,717,2,7,25,3,Enfermedad,8,Sí
5211,2024-06-11,721,1,3,24,2,Permiso personal,8,Sí
5212,2024-06-16,721,1,3,24,2,Permiso personal,8,Sí
5213,2024-06-19,721,1,3,24,2,Enfermedad,8,Sí
5214,2024-06-27,721,1,3,24,2,Enfermedad,8,Sí
5215,2024-06-22,723,1,1,24,3,Enfermedad,8,Sí
5216,2024-06-11,734,1,2,24,2,Falta injustificada,8,No
5217,2024-06-09,735,4,12,27,2,Enfermedad,4,Sí
5218,2024-06-30,735,4,12,27,2,Enfermedad,4,Sí
5219,2024-06-01,744,1,5,24,2,Enfermedad,8,Sí
5220,2024-06-23,744,1,5,24,2,Enfermedad,4,Sí
5221,2024-06-24,744,1,5,24,2,Enfermedad,4,Sí
5222,2024-06-30,744,1,5,24,2,Falta injustificada,8,No
5223,2024-06-23,756,1,3,22,2,Enfermedad,8,Sí
5224,2024-06-02,759,2,7,26,2,Enfermedad,8,Sí
5225,2024-06-16,767,2,6,25,2,Enfermedad,8,Sí
5226,2024-06-29,767,2,6,25,2,Enfermedad,8,Sí
5227,2024-06-14,780,1,1,8,3,Enfermedad,8,Sí
5228,2024-06-21,782,1,1,10,2,Enfermedad,8,Sí
5229,2024-06-03,801,1,2,9,2,Enfermedad,4,Sí
5230,2024-06-19,803,1,2,8,1,Falta injustificada,4,No
5231,2024-06-02,807,5,13,27,2,Enfermedad,8,Sí
5232,2024-06-04,807,5,13,27,2,Enfermedad,8,Sí
5233,2024-06-14,807,5,13,27,2,Enfermedad,8,Sí
5234,2024-06-24,812,1,4,4,3,Enfermedad,8,Sí
5235,2024-06-09,816,4,12,27,2,Permiso personal,4,Sí
5236,2024-06-11,821,2,7,26,3,Falta injustificada,8,No
5237,2024-06-23,823,1,3,5,2,Falta injustificada,8,No
5238,2024-06-20,833,1,5,13,2,Enfermedad,8,Sí
5239,2024-06-23,833,1,5,13,2,Enfermedad,8,Sí
5240,2024-06-10,836,5,13,27,3,Enfermedad,8,Sí
5241,2024-06-26,840,1,4,24,2,Permiso personal,4,Sí
5242,2024-06-14,842,1,5,11,2,Enfermedad,8,Sí
5243,2024-06-03,846,1,1,2,1,Enfermedad,8,Sí
5244,2024-06-06,846,1,1,2,1,Enfermedad,8,Sí
5245,2024-06-11,846,1,1,2,1,Permiso personal,8,Sí
5246,2024-06-20,846,1,1,2,1,Permiso personal,8,Sí
5247,2024-06-25,852,1,2,18,3,Enfermedad,8,Sí
5248,2024-06-19,854,1,1,7,2,Enfermedad,8,Sí
5249,2024-06-20,854,1,1,7,2,Enfermedad,8,Sí
5250,2024-06-27,854,1,1,7,2,Enfermedad,8,Sí
5251,2024-06-11,855,1,2,3,2,Enfermedad,8,Sí
5252,2024-06-01,858,1,4,14,3,Enfermedad,4,Sí
5253,2024-06-05,858,1,4,14,3,Enfermedad,8,Sí
5254,2024-06-15,858,1,4,14,3,Falta injustificada,8,No
5255,2024-06-16,858,1,4,14,3,Enfermedad,8,Sí
5256,2024-06-15,864,1,4,21,2,Enfermedad,8,Sí
5257,2024-06-08,872,2,6,25,2,Falta injustificada,8,No
5258,2024-06-15,872,2,6,25,2,Enfermedad,4,Sí
5259,2024-06-06,874,1,3,11,2,Enfermedad,8,Sí
5260,2024-06-12,874,1,3,11,2,Enfermedad,8,Sí
5261,2024-06-07,881,1,1,4,1,Enfermedad,4,Sí
5262,2024-06-21,884,1,5,24,2,Enfermedad,8,Sí
5263,2024-06-23,885,1,1,20,3,Enfermedad,8,Sí
5264,2024-06-19,889,1,1,21,1,Enfermedad,8,Sí
5265,2024-06-03,890,1,4,22,3,Permiso personal,8,Sí
5266,2024-06-04,895,1,3,15,3,Permiso personal,8,Sí
5267,2024-06-20,895,1,3,15,3,Enfermedad,8,Sí
5268,2024-06-25,895,1,3,15,3,Permiso personal,8,Sí
5269,2024-06-30,896,1,2,11,3,Enfermedad,8,Sí
5270,2024-07-29,3,1,4,11,4,Enfermedad,8,Sí
5271,2024-07-05,4,1,1,23,4,Falta injustificada,4,No
5272,2024-07-11,6,1,5,7,3,Enfermedad,8,Sí
5273,2024-07-30,6,1,5,7,3,Permiso personal,8,Sí
5274,2024-07-17,8,2,8,25,3,Enfermedad,8,Sí
5275,2024-07-29,8,2,8,25,3,Permiso personal,4,Sí
5276,2024-07-12,9,1,1,11,4,Permiso personal,8,Sí
5277,2024-07-30,9,1,1,11,4,Permiso personal,4,Sí
5278,2024-07-12,13,1,5,8,3,Enfermedad,8,Sí
5279,2024-07-07,17,6,15,27,4,Enfermedad,8,Sí
5280,2024-07-20,25,1,3,11,4,Permiso personal,8,Sí
5281,2024-07-21,25,1,3,11,4,Enfermedad,8,Sí
5282,2024-07-31,27,1,4,22,4,Enfermedad,8,Sí
5283,2024-07-18,28,1,1,21,3,Enfermedad,8,Sí
5284,2024-07-29,28,1,1,21,3,Permiso personal,8,Sí
5285,2024-07-06,31,1,5,21,3,Enfermedad,4,Sí
5286,2024-07-07,31,1,5,21,3,Enfermedad,8,Sí
5287,2024-07-17,35,1,1,11,4,Enfermedad,8,Sí
5288,2024-07-07,36,1,3,20,4,Permiso personal,8,Sí
5289,2024-07-21,36,1,3,20,4,Permiso personal,8,Sí
5290,2024-07-05,44,1,1,23,3,Enfermedad,8,Sí
5291,2024-07-14,44,1,1,23,3,Enfermedad,4,Sí
5292,2024-07-31,46,1,4,14,3,Enfermedad,8,Sí
5293,2024-07-05,47,1,1,5,4,Enfermedad,8,Sí
5294,2024-07-06,47,1,1,5,4,Enfermedad,8,Sí
5295,2024-07-01,48,1,5,12,4,Permiso personal,8,Sí
5296,2024-07-02,50,2,7,26,4,Enfermedad,8,Sí
5297,2024-07-07,50,2,7,26,4,Enfermedad,8,Sí
5298,2024-07-28,50,2,7,26,4,Enfermedad,8,Sí
5299,2024-07-13,53,1,5,11,4,Permiso personal,8,Sí
5300,2024-07-23,54,1,4,19,4,Enfermedad,8,Sí
5301,2024-07-10,55,2,6,26,4,Enfermedad,8,Sí
5302,2024-07-11,56,1,3,17,4,Enfermedad,8,Sí
5303,2024-07-16,58,1,3,10,4,Enfermedad,8,Sí
5304,2024-07-04,59,1,4,7,3,Permiso personal,4,Sí
5305,2024-07-05,59,1,4,7,3,Enfermedad,8,Sí
5306,2024-07-06,59,1,4,7,3,Enfermedad,8,Sí
5307,2024-07-20,59,1,4,7,3,Enfermedad,8,Sí
5308,2024-07-02,63,1,2,14,3,Enfermedad,8,Sí
5309,2024-07-05,65,1,3,20,4,Permiso personal,8,Sí
5310,2024-07-21,65,1,3,20,4,Enfermedad,4,Sí
5311,2024-07-27,66,1,5,7,4,Enfermedad,8,Sí
5312,2024-07-10,70,2,6,26,4,Permiso personal,8,Sí
5313,2024-07-11,70,2,6,26,4,Falta injustificada,8,No
5314,2024-07-02,72,1,1,21,4,Enfermedad,8,Sí
5315,2024-07-27,72,1,1,21,4,Permiso personal,8,Sí
5316,2024-07-25,73,1,2,9,3,Enfermedad,8,Sí
5317,2024-07-06,74,1,1,21,4,Enfermedad,4,Sí
5318,2024-07-10,74,1,1,21,4,Enfermedad,8,Sí
5319,2024-07-24,74,1,1,21,4,Enfermedad,8,Sí
5320,2024-07-27,80,1,3,12,4,Enfermedad,8,Sí
5321,2024-07-12,83,1,1,21,3,Enfermedad,8,Sí
5322,2024-07-14,84,1,3,9,4,Permiso personal,4,Sí
5323,2024-07-23,84,1,3,9,4,Permiso personal,8,Sí
5324,2024-07-28,84,1,3,9,4,Enfermedad,8,Sí
5325,2024-07-30,84,1,3,9,4,Permiso personal,8,Sí
5326,2024-07-02,89,1,4,19,4,Enfermedad,8,Sí
5327,2024-07-17,89,1,4,19,4,Enfermedad,8,Sí
5328,2024-07-20,89,1,4,19,4,Enfermedad,4,Sí
5329,2024-07-02,93,1,4,14,3,Enfermedad,8,Sí
5330,2024-07-26,93,1,4,14,3,Enfermedad,8,Sí
5331,2024-07-09,96,1,1,12,4,Enfermedad,4,Sí
5332,2024-07-31,97,1,3,3,4,Enfermedad,4,Sí
5333,2024-07-20,99,1,2,5,4,Permiso personal,8,Sí
5334,2024-07-06,100,1,4,23,3,Enfermedad,8,Sí
5335,2024-07-07,100,1,4,23,3,Falta injustificada,8,No
5336,2024-07-21,100,1,4,23,3,Permiso personal,8,Sí
5337,2024-07-07,101,5,13,27,3,Permiso personal,8,Sí
5338,2024-07-10,103,1,2,23,4,Permiso personal,4,Sí
5339,2024-07-12,103,1,2,23,4,Permiso personal,4,Sí
5340,2024-07-02,106,1,4,6,4,Enfermedad,4,Sí
5341,2024-07-22,106,1,4,6,4,Enfermedad,8,Sí
5342,2024-07-28,106,1,4,6,4,Enfermedad,8,Sí
5343,2024-07-29,106,1,4,6,4,Enfermedad,8,Sí
5344,2024-07-27,108,1,2,17,4,Permiso personal,8,Sí
5345,2024-07-20,110,1,3,8,3,Falta injustificada,8,No
5346,2024-07-04,111,1,3,14,4,Enfermedad,8,Sí
5347,2024-07-16,111,1,3,14,4,Enfermedad,8,Sí
5348,2024-07-21,112,1,1,9,4,Enfermedad,8,Sí
5349,2024-07-08,118,1,4,15,3,Enfermedad,8,Sí
5350,2024-07-21,122,1,2,21,4,Permiso personal,8,Sí
5351,2024-07-25,122,1,2,21,4,Enfermedad,8,Sí
5352,2024-07-27,122,1,2,21,4,Enfermedad,8,Sí
5353,2024-07-17,123,1,4,17,4,Enfermedad,8,Sí
5354,2024-07-31,123,1,4,17,4,Permiso personal,4,Sí
5355,2024-07-03,124,1,1,15,4,Enfermedad,4,Sí
5356,2024-07-10,124,1,1,15,4,Permiso personal,4,Sí
5357,2024-07-26,129,1,1,21,4,Enfermedad,8,Sí
5358,2024-07-27,129,1,1,21,4,Permiso personal,4,Sí
5359,2024-07-01,132,1,1,5,4,Permiso personal,8,Sí
5360,2024-07-21,135,1,4,18,4,Enfermedad,8,Sí
5361,2024-07-23,135,1,4,18,4,Enfermedad,8,Sí
5362,2024-07-20,137,1,1,8,4,Enfermedad,8,Sí
5363,2024-07-20,138,1,4,7,3,Enfermedad,8,Sí
5364,2024-07-30,139,1,5,11,3,Enfermedad,8,Sí
5365,2024-07-19,144,1,3,12,3,Enfermedad,8,Sí
5366,2024-07-18,147,1,2,21,4,Enfermedad,8,Sí
5367,2024-07-22,148,1,1,24,4,Falta injustificada,4,No
5368,2024-07-11,152,1,1,20,3,Enfermedad,4,Sí
5369,2024-07-30,155,2,6,26,4,Permiso personal,4,Sí
5370,2024-07-08,161,1,3,22,4,Enfermedad,8,Sí
5371,2024-07-31,161,1,3,22,4,Enfermedad,8,Sí
5372,2024-07-15,163,1,5,22,4,Enfermedad,8,Sí
5373,2024-07-04,165,1,2,3,4,Enfermedad,4,Sí
5374,2024-07-07,165,1,2,3,4,Enfermedad,4,Sí
5375,2024-07-11,165,1,2,3,4,Enfermedad,4,Sí
5376,2024-07-02,168,1,3,6,4,Enfermedad,4,Sí
5377,2024-07-29,168,1,3,6,4,Permiso personal,8,Sí
5378,2024-07-06,169,1,1,7,4,Enfermedad,4,Sí
5379,2024-07-20,169,1,1,7,4,Enfermedad,8,Sí
5380,2024-07-13,171,1,4,4,4,Permiso personal,8,Sí
5381,2024-07-18,171,1,4,4,4,Permiso personal,8,Sí
5382,2024-07-20,171,1,4,4,4,Enfermedad,4,Sí
5383,2024-07-07,179,2,7,25,4,Falta injustificada,8,No
5384,2024-07-25,179,2,7,25,4,Enfermedad,8,Sí
5385,2024-07-26,179,2,7,25,4,Enfermedad,8,Sí
5386,2024-07-03,183,6,15,27,4,Permiso personal,8,Sí
5387,2024-07-28,183,6,15,27,4,Permiso personal,8,Sí
5388,2024-07-13,184,1,1,11,4,Permiso personal,8,Sí
5389,2024-07-11,186,1,1,11,4,Enfermedad,8,Sí
5390,2024-07-18,186,1,1,11,4,Enfermedad,8,Sí
5391,2024-07-25,186,1,1,11,4,Falta injustificada,4,No
5392,2024-07-28,186,1,1,11,4,Permiso personal,8,Sí
5393,2024-07-31,186,1,1,11,4,Enfermedad,8,Sí
5394,2024-07-11,187,1,3,20,4,Falta injustificada,8,No
5395,2024-07-06,190,6,16,27,4,Enfermedad,8,Sí
5396,2024-07-14,191,1,3,7,4,Permiso personal,8,Sí
5397,2024-07-06,194,1,1,11,4,Falta injustificada,8,No
5398,2024-07-27,194,1,1,11,4,Enfermedad,4,Sí
5399,2024-07-04,199,6,15,27,4,Enfermedad,4,Sí
5400,2024-07-06,199,6,15,27,4,Enfermedad,8,Sí
5401,2024-07-17,200,1,1,12,4,Permiso personal,4,Sí
5402,2024-07-29,203,4,12,27,3,Enfermedad,4,Sí
5403,2024-07-13,205,1,1,12,3,Enfermedad,8,Sí
5404,2024-07-12,207,1,1,3,4,Enfermedad,8,Sí
5405,2024-07-21,207,1,1,3,4,Enfermedad,8,Sí
5406,2024-07-09,208,2,6,25,4,Permiso personal,8,Sí
5407,2024-07-08,213,1,4,14,4,Falta injustificada,8,No
5408,2024-07-24,216,1,4,20,3,Falta injustificada,8,No
5409,2024-07-25,216,1,4,20,3,Permiso personal,8,Sí
5410,2024-07-04,221,1,2,11,4,Falta injustificada,8,No
5411,2024-07-06,221,1,2,11,4,Enfermedad,8,Sí
5412,2024-07-18,221,1,2,11,4,Enfermedad,8,Sí
5413,2024-07-19,221,1,2,11,4,Enfermedad,8,Sí
5414,2024-07-05,222,1,2,4,4,Enfermedad,8,Sí
5415,2024-07-11,222,1,2,4,4,Enfermedad,4,Sí
5416,2024-07-12,222,1,2,4,4,Enfermedad,8,Sí
5417,2024-07-01,224,5,14,27,3,Enfermedad,8,Sí
5418,2024-07-04,224,5,14,27,3,Enfermedad,8,Sí
5419,2024-07-10,225,1,2,2,4,Enfermedad,8,Sí
5420,2024-07-02,226,1,1,23,3,Permiso personal,4,Sí
5421,2024-07-07,226,1,1,23,3,Enfermedad,4,Sí
5422,2024-07-27,226,1,1,23,3,Enfermedad,8,Sí
5423,2024-07-18,227,1,1,9,3,Enfermedad,8,Sí
5424,2024-07-04,229,2,8,25,4,Permiso personal,4,Sí
5425,2024-07-13,229,2,8,25,4,Enfermedad,4,Sí
5426,2024-07-27,235,1,3,17,3,Enfermedad,8,Sí
5427,2024-07-03,236,1,1,2,4,Falta injustificada,8,No
5428,2024-07-11,236,1,1,2,4,Falta injustificada,4,No
5429,2024-07-15,238,1,1,12,4,Enfermedad,8,Sí
5430,2024-07-03,239,1,3,8,4,Permiso personal,4,Sí
5431,2024-07-14,239,1,3,8,4,Enfermedad,4,Sí
5432,2024-07-27,241,1,1,14,3,Enfermedad,4,Sí
5433,2024-07-20,243,1,5,12,4,Permiso personal,8,Sí
5434,2024-07-04,245,1,1,5,3,Enfermedad,8,Sí
5435,2024-07-13,247,1,5,17,4,Enfermedad,8,Sí
5436,2024-07-16,247,1,5,17,4,Enfermedad,4,Sí
5437,2024-07-28,247,1,5,17,4,Falta injustificada,8,No
5438,2024-07-08,248,1,4,2,4,Enfermedad,8,Sí
5439,2024-07-20,248,1,4,2,4,Falta injustificada,8,No
5440,2024-07-22,248,1,4,2,4,Enfermedad,8,Sí
5441,2024-07-30,252,1,2,21,4,Permiso personal,8,Sí
5442,2024-07-26,254,1,2,19,4,Enfermedad,8,Sí
5443,2024-07-15,255,1,1,21,4,Enfermedad,8,Sí
5444,2024-07-20,255,1,1,21,4,Enfermedad,8,Sí
5445,2024-07-03,257,1,2,22,4,Falta injustificada,4,No
5446,2024-07-16,257,1,2,22,4,Permiso personal,8,Sí
5447,2024-07-24,258,1,4,23,4,Enfermedad,8,Sí
5448,2024-07-08,261,1,5,23,4,Falta injustificada,8,No
5449,2024-07-03,263,1,3,12,4,Falta injustificada,4,No
5450,2024-07-31,266,1,2,18,4,Enfermedad,8,Sí
5451,2024-07-31,267,1,5,13,4,Permiso personal,8,Sí
5452,2024-07-25,269,1,1,8,4,Enfermedad,8,Sí
5453,2024-07-27,270,1,3,18,4,Permiso personal,8,Sí
5454,2024-07-04,278,1,1,5,3,Enfermedad,8,Sí
5455,2024-07-30,278,1,1,5,3,Falta injustificada,4,No
5456,2024-07-05,279,1,4,10,3,Enfermedad,8,Sí
5457,2024-07-09,280,1,4,13,3,Enfermedad,8,Sí
5458,2024-07-12,282,1,1,20,3,Permiso personal,8,Sí
5459,2024-07-25,285,5,14,27,3,Falta injustificada,4,No
5460,2024-07-30,286,1,2,12,3,Enfermedad,8,Sí
5461,2024-07-25,291,1,2,2,4,Permiso personal,8,Sí
5462,2024-07-09,292,2,6,26,4,Enfermedad,8,Sí
5463,2024-07-10,293,1,1,23,3,Enfermedad,8,Sí
5464,2024-07-15,294,1,1,1,3,Enfermedad,8,Sí
5465,2024-07-25,294,1,1,1,3,Enfermedad,8,Sí
5466,2024-07-02,295,1,5,18,4,Falta injustificada,8,No
5467,2024-07-25,297,1,5,5,4,Enfermedad,8,Sí
5468,2024-07-23,300,5,13,27,3,Enfermedad,4,Sí
5469,2024-07-15,303,1,1,24,3,Enfermedad,4,Sí
5470,2024-07-27,304,1,3,7,4,Falta injustificada,8,No
5471,2024-07-04,307,1,5,2,3,Enfermedad,8,Sí
5472,2024-07-11,307,1,5,2,3,Enfermedad,8,Sí
5473,2024-07-01,310,1,2,21,4,Enfermedad,8,Sí
5474,2024-07-07,310,1,2,21,4,Enfermedad,8,Sí
5475,2024-07-01,314,2,7,25,4,Enfermedad,8,Sí
5476,2024-07-09,315,1,1,14,4,Permiso personal,4,Sí
5477,2024-07-15,315,1,1,14,4,Enfermedad,8,Sí
5478,2024-07-04,319,1,1,8,3,Permiso personal,8,Sí
5479,2024-07-19,321,6,16,27,4,Enfermedad,4,Sí
5480,2024-07-14,322,6,16,27,3,Enfermedad,4,Sí
5481,2024-07-17,322,6,16,27,3,Enfermedad,8,Sí
5482,2024-07-05,324,1,1,15,4,Enfermedad,4,Sí
5483,2024-07-14,324,1,1,15,4,Enfermedad,8,Sí
5484,2024-07-22,324,1,1,15,4,Falta injustificada,8,No
5485,2024-07-31,326,1,1,15,4,Enfermedad,8,Sí
5486,2024-07-03,327,3,9,27,4,Enfermedad,8,Sí
5487,2024-07-04,327,3,9,27,4,Enfermedad,4,Sí
5488,2024-07-27,327,3,9,27,4,Enfermedad,8,Sí
5489,2024-07-21,329,2,6,26,4,Enfermedad,8,Sí
5490,2024-07-05,331,1,1,4,4,Enfermedad,8,Sí
5491,2024-07-06,331,1,1,4,4,Enfermedad,8,Sí
5492,2024-07-12,331,1,1,4,4,Enfermedad,8,Sí
5493,2024-07-29,331,1,1,4,4,Permiso personal,4,Sí
5494,2024-07-19,339,1,1,11,4,Permiso personal,8,Sí
5495,2024-07-13,340,5,13,27,4,Enfermedad,8,Sí
5496,2024-07-20,341,1,1,7,4,Permiso personal,8,Sí
5497,2024-07-16,343,1,1,15,3,Enfermedad,8,Sí
5498,2024-07-18,343,1,1,15,3,Falta injustificada,8,No
5499,2024-07-30,343,1,1,15,3,Enfermedad,8,Sí
5500,2024-07-22,344,1,1,24,4,Enfermedad,8,Sí
5501,2024-07-14,345,1,2,7,4,Permiso personal,8,Sí
5502,2024-07-15,345,1,2,7,4,Permiso personal,8,Sí
5503,2024-07-06,346,1,5,14,4,Enfermedad,8,Sí
5504,2024-07-13,346,1,5,14,4,Enfermedad,4,Sí
5505,2024-07-31,347,1,5,10,3,Enfermedad,4,Sí
5506,2024-07-11,350,1,5,23,4,Enfermedad,8,Sí
5507,2024-07-28,351,1,1,11,2,Enfermedad,4,Sí
5508,2024-07-30,351,1,1,11,2,Enfermedad,8,Sí
5509,2024-07-28,357,1,5,8,1,Enfermedad,8,Sí
5510,2024-07-06,360,1,2,23,3,Enfermedad,8,Sí
5511,2024-07-22,360,1,2,23,3,Permiso personal,8,Sí
5512,2024-07-25,360,1,2,23,3,Enfermedad,8,Sí
5513,2024-07-16,364,1,5,2,2,Enfermedad,8,Sí
5514,2024-07-10,376,3,10,27,3,Enfermedad,8,Sí
5515,2024-07-23,378,1,1,17,3,Enfermedad,8,Sí
5516,2024-07-15,387,1,5,18,2,Enfermedad,8,Sí
5517,2024-07-27,393,1,4,4,2,Permiso personal,8,Sí
5518,2024-07-29,393,1,4,4,2,Permiso personal,8,Sí
5519,2024-07-30,397,1,3,7,3,Enfermedad,8,Sí
5520,2024-07-03,398,5,14,27,1,Enfermedad,8,Sí
5521,2024-07-12,412,3,10,27,3,Falta injustificada,8,No
5522,2024-07-11,413,2,7,26,1,Permiso personal,4,Sí
5523,2024-07-08,416,1,1,8,2,Enfermedad,8,Sí
5524,2024-07-22,416,1,1,8,2,Enfermedad,8,Sí
5525,2024-07-27,416,1,1,8,2,Enfermedad,8,Sí
5526,2024-07-14,421,1,1,13,2,Enfermedad,8,Sí
5527,2024-07-10,428,1,2,15,3,Enfermedad,8,Sí
5528,2024-07-14,428,1,2,15,3,Enfermedad,4,Sí
5529,2024-07-18,434,1,1,15,1,Enfermedad,8,Sí
5530,2024-07-09,441,1,4,7,1,Permiso personal,8,Sí
5531,2024-07-05,446,1,4,2,3,Permiso personal,8,Sí
5532,2024-07-30,446,1,4,2,3,Permiso personal,8,Sí
5533,2024-07-10,447,2,7,26,2,Enfermedad,4,Sí
5534,2024-07-26,447,2,7,26,2,Permiso personal,8,Sí
5535,2024-07-29,447,2,7,26,2,Enfermedad,8,Sí
5536,2024-07-09,449,1,3,24,2,Enfermedad,4,Sí
5537,2024-07-17,455,1,2,12,3,Falta injustificada,8,No
5538,2024-07-31,455,1,2,12,3,Enfermedad,4,Sí
5539,2024-07-30,457,1,5,9,3,Enfermedad,8,Sí
5540,2024-07-07,463,1,1,15,2,Enfermedad,4,Sí
5541,2024-07-30,468,2,6,26,2,Falta injustificada,8,No
5542,2024-07-06,471,1,2,2,2,Enfermedad,8,Sí
5543,2024-07-08,471,1,2,2,2,Enfermedad,8,Sí
5544,2024-07-29,475,3,9,27,2,Enfermedad,8,Sí
5545,2024-07-18,479,1,1,5,2,Enfermedad,8,Sí
5546,2024-07-02,481,1,1,20,2,Enfermedad,8,Sí
5547,2024-07-04,481,1,1,20,2,Permiso personal,4,Sí
5548,2024-07-09,481,1,1,20,2,Permiso personal,8,Sí
5549,2024-07-27,481,1,1,20,2,Enfermedad,8,Sí
5550,2024-07-09,490,3,10,27,3,Enfermedad,8,Sí
5551,2024-07-22,490,3,10,27,3,Enfermedad,8,Sí
5552,2024-07-07,494,1,2,3,2,Enfermedad,8,Sí
5553,2024-07-17,494,1,2,3,2,Falta injustificada,8,No
5554,2024-07-14,507,1,5,23,2,Enfermedad,8,Sí
5555,2024-07-02,523,1,1,9,3,Permiso personal,4,Sí
5556,2024-07-12,523,1,1,9,3,Enfermedad,8,Sí
5557,2024-07-16,523,1,1,9,3,Enfermedad,8,Sí
5558,2024-07-02,524,6,15,27,2,Enfermedad,8,Sí
5559,2024-07-04,524,6,15,27,2,Enfermedad,8,Sí
5560,2024-07-31,525,1,2,5,2,Falta injustificada,4,No
5561,2024-07-30,532,1,5,11,2,Enfermedad,8,Sí
5562,2024-07-07,534,1,2,22,3,Enfermedad,8,Sí
5563,2024-07-26,536,1,1,21,3,Enfermedad,8,Sí
5564,2024-07-23,537,2,8,25,1,Falta injustificada,8,No
5565,2024-07-27,540,1,3,14,3,Falta injustificada,4,No
5566,2024-07-26,543,1,1,7,2,Enfermedad,4,Sí
5567,2024-07-27,543,1,1,7,2,Enfermedad,8,Sí
5568,2024-07-18,544,2,6,26,2,Permiso personal,8,Sí
5569,2024-07-27,544,2,6,26,2,Enfermedad,8,Sí
5570,2024-07-17,545,1,1,3,1,Permiso personal,8,Sí
5571,2024-07-28,546,1,1,11,3,Enfermedad,8,Sí
5572,2024-07-06,547,1,2,8,3,Enfermedad,8,Sí
5573,2024-07-27,547,1,2,8,3,Permiso personal,4,Sí
5574,2024-07-17,566,6,15,27,3,Enfermedad,8,Sí
5575,2024-07-19,566,6,15,27,3,Enfermedad,8,Sí
5576,2024-07-22,566,6,15,27,3,Permiso personal,4,Sí
5577,2024-07-18,567,1,3,12,3,Enfermedad,8,Sí
5578,2024-07-28,567,1,3,12,3,Permiso personal,8,Sí
5579,2024-07-31,571,1,3,12,2,Falta injustificada,8,No
5580,2024-07-06,572,1,5,23,3,Enfermedad,4,Sí
5581,2024-07-10,572,1,5,23,3,Enfermedad,4,Sí
5582,2024-07-08,574,1,3,22,2,Enfermedad,8,Sí
5583,2024-07-30,574,1,3,22,2,Enfermedad,8,Sí
5584,2024-07-09,586,1,1,23,3,Enfermedad,4,Sí
5585,2024-07-17,586,1,1,23,3,Enfermedad,4,Sí
5586,2024-07-16,589,1,1,4,3,Enfermedad,8,Sí
5587,2024-07-20,589,1,1,4,3,Falta injustificada,8,No
5588,2024-07-02,590,1,1,2,3,Permiso personal,8,Sí
5589,2024-07-13,590,1,1,2,3,Enfermedad,8,Sí
5590,2024-07-08,605,1,4,16,3,Enfermedad,8,Sí
5591,2024-07-14,611,1,1,10,3,Enfermedad,8,Sí
5592,2024-07-20,611,1,1,10,3,Enfermedad,8,Sí
5593,2024-07-12,612,1,1,18,1,Enfermedad,8,Sí
5594,2024-07-02,616,1,4,23,1,Permiso personal,4,Sí
5595,2024-07-29,616,1,4,23,1,Enfermedad,4,Sí
5596,2024-07-07,617,1,1,24,2,Enfermedad,4,Sí
5597,2024-07-31,617,1,1,24,2,Permiso personal,8,Sí
5598,2024-07-29,626,2,6,25,3,Permiso personal,8,Sí
5599,2024-07-16,630,1,1,20,2,Permiso personal,8,Sí
5600,2024-07-30,630,1,1,20,2,Enfermedad,8,Sí
5601,2024-07-22,631,1,2,8,1,Permiso personal,8,Sí
5602,2024-07-29,631,1,2,8,1,Falta injustificada,8,No
5603,2024-07-07,638,1,5,24,2,Enfermedad,8,Sí
5604,2024-07-08,638,1,5,24,2,Permiso personal,8,Sí
5605,2024-07-24,638,1,5,24,2,Permiso personal,8,Sí
5606,2024-07-05,643,1,5,21,2,Enfermedad,8,Sí
5607,2024-07-02,646,1,1,19,2,Enfermedad,4,Sí
5608,2024-07-08,646,1,1,19,2,Enfermedad,8,Sí
5609,2024-07-21,647,1,1,5,2,Enfermedad,8,Sí
5610,2024-07-27,647,1,1,5,2,Permiso personal,4,Sí
5611,2024-07-13,648,1,5,12,3,Enfermedad,8,Sí
5612,2024-07-21,648,1,5,12,3,Enfermedad,8,Sí
5613,2024-07-05,649,1,2,6,2,Enfermedad,8,Sí
5614,2024-07-06,656,4,12,27,2,Enfermedad,8,Sí
5615,2024-07-30,656,4,12,27,2,Enfermedad,8,Sí
5616,2024-07-16,658,1,5,1,3,Enfermedad,4,Sí
5617,2024-07-24,658,1,5,1,3,Enfermedad,8,Sí
5618,2024-07-13,661,1,2,16,1,Enfermedad,8,Sí
5619,2024-07-22,665,1,4,16,2,Enfermedad,8,Sí
5620,2024-07-03,670,2,6,25,1,Enfermedad,8,Sí
5621,2024-07-06,670,2,6,25,1,Permiso personal,8,Sí
5622,2024-07-29,678,1,2,2,2,Enfermedad,8,Sí
5623,2024-07-08,681,1,1,9,3,Permiso personal,8,Sí
5624,2024-07-12,681,1,1,9,3,Permiso personal,4,Sí
5625,2024-07-13,681,1,1,9,3,Enfermedad,4,Sí
5626,2024-07-22,699,1,4,11,2,Enfermedad,8,Sí
5627,2024-07-11,707,1,5,22,3,Enfermedad,4,Sí
5628,2024-07-15,707,1,5,22,3,Enfermedad,8,Sí
5629,2024-07-27,708,4,12,27,3,Falta injustificada,8,No
5630,2024-07-31,708,4,12,27,3,Enfermedad,8,Sí
5631,2024-07-09,712,1,2,11,3,Falta injustificada,8,No
5632,2024-07-14,716,1,4,8,3,Enfermedad,4,Sí
5633,2024-07-22,716,1,4,8,3,Permiso personal,8,Sí
5634,2024-07-29,716,1,4,8,3,Enfermedad,8,Sí
5635,2024-07-18,717,2,7,25,3,Enfermedad,8,Sí
5636,2024-07-20,723,1,1,24,3,Enfermedad,8,Sí
5637,2024-07-30,723,1,1,24,3,Falta injustificada,8,No
5638,2024-07-17,733,1,3,20,3,Enfermedad,8,Sí
5639,2024-07-18,733,1,3,20,3,Enfermedad,4,Sí
5640,2024-07-23,734,1,2,24,2,Enfermedad,8,Sí
5641,2024-07-07,744,1,5,24,2,Enfermedad,8,Sí
5642,2024-07-01,756,1,3,22,2,Falta injustificada,8,No
5643,2024-07-20,767,2,6,25,2,Enfermedad,8,Sí
5644,2024-07-07,780,1,1,8,3,Permiso personal,4,Sí
5645,2024-07-12,780,1,1,8,3,Enfermedad,4,Sí
5646,2024-07-15,780,1,1,8,3,Permiso personal,4,Sí
5647,2024-07-19,780,1,1,8,3,Enfermedad,8,Sí
5648,2024-07-06,785,1,2,15,2,Enfermedad,8,Sí
5649,2024-07-08,785,1,2,15,2,Permiso personal,8,Sí
5650,2024-07-03,792,1,2,16,3,Permiso personal,8,Sí
5651,2024-07-07,801,1,2,9,2,Enfermedad,4,Sí
5652,2024-07-05,803,1,2,8,1,Enfermedad,8,Sí
5653,2024-07-17,803,1,2,8,1,Enfermedad,8,Sí
5654,2024-07-07,812,1,4,4,3,Enfermedad,8,Sí
5655,2024-07-07,816,4,12,27,2,Permiso personal,8,Sí
5656,2024-07-10,816,4,12,27,2,Enfermedad,8,Sí
5657,2024-07-20,816,4,12,27,2,Permiso personal,8,Sí
5658,2024-07-21,821,2,7,26,3,Enfermedad,8,Sí
5659,2024-07-26,821,2,7,26,3,Enfermedad,8,Sí
5660,2024-07-07,823,1,3,5,2,Enfermedad,8,Sí
5661,2024-07-03,833,1,5,13,2,Enfermedad,4,Sí
5662,2024-07-15,833,1,5,13,2,Enfermedad,8,Sí
5663,2024-07-26,836,5,13,27,3,Enfermedad,8,Sí
5664,2024-07-03,838,1,1,6,3,Enfermedad,8,Sí
5665,2024-07-12,838,1,1,6,3,Enfermedad,8,Sí
5666,2024-07-01,840,1,4,24,2,Enfermedad,4,Sí
5667,2024-07-01,846,1,1,2,1,Enfermedad,8,Sí
5668,2024-07-02,846,1,1,2,1,Enfermedad,8,Sí
5669,2024-07-06,849,1,5,2,3,Enfermedad,8,Sí
5670,2024-07-19,849,1,5,2,3,Enfermedad,8,Sí
5671,2024-07-16,852,1,2,18,3,Permiso personal,8,Sí
5672,2024-07-01,853,1,1,11,3,Enfermedad,8,Sí
5673,2024-07-05,853,1,1,11,3,Falta injustificada,4,No
5674,2024-07-10,853,1,1,11,3,Enfermedad,8,Sí
5675,2024-07-03,854,1,1,7,3,Falta injustificada,8,No
5676,2024-07-26,858,1,4,14,3,Permiso personal,8,Sí
5677,2024-07-23,862,1,2,4,2,Enfermedad,8,Sí
5678,2024-07-07,872,2,6,25,3,Enfermedad,8,Sí
5679,2024-07-26,872,2,6,25,3,Enfermedad,8,Sí
5680,2024-07-12,880,1,2,22,1,Falta injustificada,8,No
5681,2024-07-13,880,1,2,22,1,Permiso personal,4,Sí
5682,2024-07-30,880,1,2,22,1,Permiso personal,8,Sí
5683,2024-07-02,881,1,1,4,2,Enfermedad,8,Sí
5684,2024-07-25,881,1,1,4,2,Enfermedad,8,Sí
5685,2024-07-08,883,1,2,18,3,Falta injustificada,4,No
5686,2024-07-21,883,1,2,18,3,Permiso personal,8,Sí
5687,2024-07-27,885,1,1,20,3,Enfermedad,8,Sí
5688,2024-07-04,887,1,2,10,3,Enfermedad,4,Sí
5689,2024-07-05,887,1,2,10,3,Falta injustificada,4,No
5690,2024-07-10,889,1,1,21,1,Permiso personal,8,Sí
5691,2024-07-06,890,1,4,22,3,Permiso personal,4,Sí
5692,2024-07-30,890,1,4,22,3,Enfermedad,8,Sí
5693,2024-07-01,895,1,3,15,3,Falta injustificada,8,No
5694,2024-07-09,895,1,3,15,3,Permiso personal,8,Sí
5695,2024-07-30,895,1,3,15,3,Permiso personal,8,Sí
5696,2024-08-13,12,1,5,10,4,Enfermedad,8,Sí
5697,2024-08-24,12,1,5,10,4,Enfermedad,8,Sí
5698,2024-08-11,17,6,15,27,4,Enfermedad,8,Sí
5699,2024-08-16,17,6,15,27,4,Enfermedad,8,Sí
5700,2024-08-29,18,4,11,27,3,Enfermedad,8,Sí
5701,2024-08-28,22,1,5,18,4,Enfermedad,4,Sí
5702,2024-08-29,24,2,7,26,3,Enfermedad,8,Sí
5703,2024-08-04,25,1,3,11,4,Permiso personal,8,Sí
5704,2024-08-21,26,1,1,14,4,Enfermedad,8,Sí
5705,2024-08-24,26,1,1,14,4,Falta injustificada,8,No
5706,2024-08-16,27,1,4,22,4,Enfermedad,8,Sí
5707,2024-08-20,27,1,4,22,4,Enfermedad,4,Sí
5708,2024-08-25,29,1,1,9,4,Falta injustificada,8,No
5709,2024-08-15,35,1,1,11,4,Enfermedad,4,Sí
5710,2024-08-03,36,1,3,20,4,Falta injustificada,8,No
5711,2024-08-12,36,1,3,20,4,Enfermedad,8,Sí
5712,2024-08-27,36,1,3,20,4,Enfermedad,4,Sí
5713,2024-08-26,37,3,9,27,4,Permiso personal,4,Sí
5714,2024-08-27,37,3,9,27,4,Falta injustificada,4,No
5715,2024-08-03,38,1,3,22,4,Enfermedad,8,Sí
5716,2024-08-16,38,1,3,22,4,Enfermedad,8,Sí
5717,2024-08-06,40,1,1,3,4,Permiso personal,8,Sí
5718,2024-08-17,40,1,1,3,4,Enfermedad,8,Sí
5719,2024-08-08,41,1,2,17,4,Enfermedad,8,Sí
5720,2024-08-06,48,1,5,12,4,Enfermedad,4,Sí
5721,2024-08-27,49,1,3,19,4,Falta injustificada,4,No
5722,2024-08-13,54,1,4,19,4,Enfermedad,8,Sí
5723,2024-08-20,58,1,3,10,4,Enfermedad,8,Sí
5724,2024-08-12,59,1,4,7,3,Permiso personal,8,Sí
5725,2024-08-09,66,1,5,7,4,Enfermedad,8,Sí
5726,2024-08-17,66,1,5,7,4,Permiso personal,8,Sí
5727,2024-08-03,72,1,1,21,4,Permiso personal,8,Sí
5728,2024-08-10,72,1,1,21,4,Enfermedad,8,Sí
5729,2024-08-18,73,1,2,9,3,Enfermedad,8,Sí
5730,2024-08-22,74,1,1,21,4,Permiso personal,8,Sí
5731,2024-08-23,75,1,5,18,3,Permiso personal,4,Sí
5732,2024-08-12,78,3,9,27,4,Enfermedad,8,Sí
5733,2024-08-24,78,3,9,27,4,Permiso personal,8,Sí
5734,2024-08-24,80,1,3,12,4,Enfermedad,4,Sí
5735,2024-08-06,83,1,1,21,3,Permiso personal,8,Sí
5736,2024-08-12,83,1,1,21,3,Enfermedad,8,Sí
5737,2024-08-27,83,1,1,21,3,Enfermedad,8,Sí
5738,2024-08-28,83,1,1,21,3,Enfermedad,4,Sí
5739,2024-08-11,100,1,4,23,3,Enfermedad,8,Sí
5740,2024-08-13,100,1,4,23,3,Permiso personal,8,Sí
5741,2024-08-03,102,1,1,14,4,Enfermedad,4,Sí
5742,2024-08-02,103,1,2,23,4,Enfermedad,8,Sí
5743,2024-08-06,103,1,2,23,4,Enfermedad,8,Sí
5744,2024-08-24,103,1,2,23,4,Enfermedad,4,Sí
5745,2024-08-11,106,1,4,6,4,Falta injustificada,8,No
5746,2024-08-25,106,1,4,6,4,Enfermedad,8,Sí
5747,2024-08-26,108,1,2,17,4,Enfermedad,4,Sí
5748,2024-08-06,110,1,3,8,3,Falta injustificada,8,No
5749,2024-08-10,110,1,3,8,3,Enfermedad,4,Sí
5750,2024-08-15,110,1,3,8,3,Permiso personal,8,Sí
5751,2024-08-08,111,1,3,14,4,Permiso personal,4,Sí
5752,2024-08-06,112,1,1,9,4,Enfermedad,8,Sí
5753,2024-08-01,118,1,4,15,3,Falta injustificada,8,No
5754,2024-08-23,118,1,4,15,3,Permiso personal,4,Sí
5755,2024-08-28,118,1,4,15,3,Permiso personal,8,Sí
5756,2024-08-18,119,1,5,4,3,Permiso personal,4,Sí
5757,2024-08-19,119,1,5,4,3,Permiso personal,4,Sí
5758,2024-08-25,121,1,3,20,4,Enfermedad,4,Sí
5759,2024-08-31,122,1,2,21,4,Permiso personal,8,Sí
5760,2024-08-01,123,1,4,17,4,Falta injustificada,8,No
5761,2024-08-11,123,1,4,17,4,Enfermedad,4,Sí
5762,2024-08-29,123,1,4,17,4,Permiso personal,8,Sí
5763,2024-08-06,124,1,1,15,4,Enfermedad,8,Sí
5764,2024-08-05,129,1,1,21,4,Enfermedad,8,Sí
5765,2024-08-26,129,1,1,21,4,Falta injustificada,8,No
5766,2024-08-12,135,1,4,18,4,Enfermedad,8,Sí
5767,2024-08-23,135,1,4,18,4,Falta injustificada,8,No
5768,2024-08-13,138,1,4,7,3,Permiso personal,8,Sí
5769,2024-08-23,139,1,5,11,3,Enfermedad,4,Sí
5770,2024-08-21,140,1,1,22,4,Enfermedad,8,Sí
5771,2024-08-18,142,1,2,8,3,Permiso personal,8,Sí
5772,2024-08-06,148,1,1,24,4,Falta injustificada,8,No
5773,2024-08-10,148,1,1,24,4,Permiso personal,8,Sí
5774,2024-08-11,155,2,6,26,4,Enfermedad,8,Sí
5775,2024-08-23,158,1,4,23,3,Enfermedad,4,Sí
5776,2024-08-11,161,1,3,22,4,Falta injustificada,8,No
5777,2024-08-19,161,1,3,22,4,Enfermedad,8,Sí
5778,2024-08-14,165,1,2,3,4,Enfermedad,8,Sí
5779,2024-08-29,165,1,2,3,4,Permiso personal,8,Sí
5780,2024-08-07,174,1,2,16,4,Enfermedad,8,Sí
5781,2024-08-22,174,1,2,16,4,Permiso personal,8,Sí
5782,2024-08-28,174,1,2,16,4,Falta injustificada,8,No
5783,2024-08-21,179,2,7,25,4,Enfermedad,4,Sí
5784,2024-08-13,181,1,1,9,4,Enfermedad,4,Sí
5785,2024-08-13,183,6,15,27,4,Enfermedad,8,Sí
5786,2024-08-26,183,6,15,27,4,Permiso personal,8,Sí
5787,2024-08-30,184,1,1,11,4,Enfermedad,8,Sí
5788,2024-08-30,191,1,3,7,4,Permiso personal,4,Sí
5789,2024-08-08,195,1,2,14,4,Falta injustificada,4,No
5790,2024-08-19,195,1,2,14,4,Enfermedad,8,Sí
5791,2024-08-26,195,1,2,14,4,Enfermedad,8,Sí
5792,2024-08-10,199,6,15,27,4,Enfermedad,4,Sí
5793,2024-08-01,200,1,1,12,4,Enfermedad,8,Sí
5794,2024-08-05,203,4,12,27,3,Enfermedad,8,Sí
5795,2024-08-15,203,4,12,27,3,Permiso personal,8,Sí
5796,2024-08-19,203,4,12,27,3,Permiso personal,8,Sí
5797,2024-08-19,205,1,1,12,3,Permiso personal,4,Sí
5798,2024-08-14,208,2,6,25,4,Enfermedad,8,Sí
5799,2024-08-20,208,2,6,25,4,Enfermedad,8,Sí
5800,2024-08-16,212,1,2,12,4,Enfermedad,8,Sí
5801,2024-08-19,212,1,2,12,4,Enfermedad,8,Sí
5802,2024-08-12,219,1,2,3,4,Enfermedad,4,Sí
5803,2024-08-10,221,1,2,11,4,Enfermedad,8,Sí
5804,2024-08-24,221,1,2,11,4,Enfermedad,8,Sí
5805,2024-08-22,222,1,2,4,4,Enfermedad,8,Sí
5806,2024-08-27,225,1,2,2,4,Enfermedad,8,Sí
5807,2024-08-30,226,1,1,23,3,Permiso personal,4,Sí
5808,2024-08-02,229,2,8,25,4,Enfermedad,8,Sí
5809,2024-08-06,229,2,8,25,4,Permiso personal,8,Sí
5810,2024-08-27,229,2,8,25,4,Enfermedad,8,Sí
5811,2024-08-24,236,1,1,2,4,Permiso personal,4,Sí
5812,2024-08-30,236,1,1,2,4,Enfermedad,8,Sí
5813,2024-08-08,238,1,1,12,4,Permiso personal,4,Sí
5814,2024-08-10,242,1,1,2,4,Permiso personal,4,Sí
5815,2024-08-13,243,1,5,12,4,Permiso personal,8,Sí
5816,2024-08-28,243,1,5,12,4,Enfermedad,8,Sí
5817,2024-08-17,246,1,3,19,3,Enfermedad,4,Sí
5818,2024-08-05,254,1,2,19,4,Enfermedad,8,Sí
5819,2024-08-29,256,1,4,21,4,Enfermedad,8,Sí
5820,2024-08-12,258,1,4,23,4,Falta injustificada,4,No
5821,2024-08-13,258,1,4,23,4,Permiso personal,8,Sí
5822,2024-08-09,261,1,5,23,4,Enfermedad,8,Sí
5823,2024-08-30,261,1,5,23,4,Enfermedad,8,Sí
5824,2024-08-14,266,1,2,18,4,Permiso personal,8,Sí
5825,2024-08-15,266,1,2,18,4,Permiso personal,8,Sí
5826,2024-08-28,267,1,5,13,4,Permiso personal,8,Sí
5827,2024-08-19,269,1,1,8,4,Enfermedad,8,Sí
5828,2024-08-25,269,1,1,8,4,Enfermedad,8,Sí
5829,2024-08-04,270,1,3,18,4,Permiso personal,8,Sí
5830,2024-08-25,270,1,3,18,4,Permiso personal,4,Sí
5831,2024-08-30,275,1,4,15,4,Enfermedad,8,Sí
5832,2024-08-25,276,1,2,24,3,Enfermedad,8,Sí
5833,2024-08-01,280,1,4,13,3,Falta injustificada,8,No
5834,2024-08-11,282,1,1,20,3,Permiso personal,8,Sí
5835,2024-08-13,282,1,1,20,3,Enfermedad,4,Sí
5836,2024-08-12,283,1,5,12,3,Enfermedad,8,Sí
5837,2024-08-22,285,5,14,27,3,Enfermedad,4,Sí
5838,2024-08-24,285,5,14,27,3,Enfermedad,8,Sí
5839,2024-08-10,290,1,3,3,4,Enfermedad,8,Sí
5840,2024-08-17,290,1,3,3,4,Falta injustificada,8,No
5841,2024-08-03,292,2,6,26,4,Permiso personal,4,Sí
5842,2024-08-15,292,2,6,26,4,Enfermedad,8,Sí
5843,2024-08-02,297,1,5,5,4,Enfermedad,8,Sí
5844,2024-08-12,297,1,5,5,4,Enfermedad,8,Sí
5845,2024-08-13,299,2,6,25,3,Permiso personal,8,Sí
5846,2024-08-02,303,1,1,24,3,Enfermedad,8,Sí
5847,2024-08-12,303,1,1,24,3,Falta injustificada,8,No
5848,2024-08-12,307,1,5,2,3,Permiso personal,8,Sí
5849,2024-08-15,307,1,5,2,3,Permiso personal,8,Sí
5850,2024-08-21,309,1,4,9,4,Enfermedad,8,Sí
5851,2024-08-28,309,1,4,9,4,Falta injustificada,4,No
5852,2024-08-06,310,1,2,21,4,Enfermedad,4,Sí
5853,2024-08-16,310,1,2,21,4,Enfermedad,8,Sí
5854,2024-08-17,320,1,4,10,3,Permiso personal,4,Sí
5855,2024-08-15,322,6,16,27,3,Permiso personal,8,Sí
5856,2024-08-22,322,6,16,27,3,Permiso personal,8,Sí
5857,2024-08-27,324,1,1,15,4,Enfermedad,4,Sí
5858,2024-08-31,326,1,1,15,4,Enfermedad,4,Sí
5859,2024-08-24,327,3,9,27,4,Permiso personal,4,Sí
5860,2024-08-11,329,2,6,26,4,Enfermedad,4,Sí
5861,2024-08-18,331,1,1,4,4,Enfermedad,8,Sí
5862,2024-08-31,331,1,1,4,4,Permiso personal,8,Sí
5863,2024-08-21,335,1,5,23,4,Enfermedad,8,Sí
5864,2024-08-29,340,5,13,27,4,Enfermedad,8,Sí
5865,2024-08-29,341,1,1,7,4,Enfermedad,4,Sí
5866,2024-08-05,346,1,5,14,4,Enfermedad,4,Sí
5867,2024-08-10,346,1,5,14,4,Enfermedad,4,Sí
5868,2024-08-12,346,1,5,14,4,Enfermedad,8,Sí
5869,2024-08-15,346,1,5,14,4,Enfermedad,8,Sí
5870,2024-08-17,346,1,5,14,4,Enfermedad,8,Sí
5871,2024-08-26,346,1,5,14,4,Permiso personal,4,Sí
5872,2024-08-01,348,1,4,13,4,Enfermedad,4,Sí
5873,2024-08-09,348,1,4,13,4,Permiso personal,8,Sí
5874,2024-08-15,348,1,4,13,4,Enfermedad,8,Sí
5875,2024-08-13,349,6,15,27,4,Enfermedad,8,Sí
5876,2024-08-15,349,6,15,27,4,Enfermedad,8,Sí
5877,2024-08-20,350,1,5,23,4,Falta injustificada,8,No
5878,2024-08-29,350,1,5,23,4,Enfermedad,8,Sí
5879,2024-08-03,351,1,1,11,2,Enfermedad,8,Sí
5880,2024-08-17,351,1,1,11,2,Enfermedad,8,Sí
5881,2024-08-13,352,1,3,7,2,Enfermedad,8,Sí
5882,2024-08-18,352,1,3,7,2,Falta injustificada,4,No
5883,2024-08-25,352,1,3,7,2,Enfermedad,8,Sí
5884,2024-08-12,364,1,5,2,2,Enfermedad,8,Sí
5885,2024-08-26,364,1,5,2,2,Enfermedad,8,Sí
5886,2024-08-26,379,6,16,27,2,Falta injustificada,8,No
5887,2024-08-15,389,1,3,6,2,Permiso personal,8,Sí
5888,2024-08-25,393,1,4,4,2,Enfermedad,8,Sí
5889,2024-08-20,400,1,1,1,1,Enfermedad,4,Sí
5890,2024-08-24,402,1,4,10,1,Enfermedad,4,Sí
5891,2024-08-25,402,1,4,10,1,Enfermedad,8,Sí
5892,2024-08-09,416,1,1,8,2,Permiso personal,8,Sí
5893,2024-08-11,421,1,1,13,2,Permiso personal,8,Sí
5894,2024-08-12,435,1,4,7,2,Enfermedad,8,Sí
5895,2024-08-14,441,1,4,7,2,Enfermedad,8,Sí
5896,2024-08-06,447,2,7,26,2,Enfermedad,8,Sí
5897,2024-08-21,447,2,7,26,2,Enfermedad,8,Sí
5898,2024-08-26,449,1,3,24,2,Permiso personal,8,Sí
5899,2024-08-28,449,1,3,24,2,Enfermedad,8,Sí
5900,2024-08-11,452,1,3,21,2,Permiso personal,8,Sí
5901,2024-08-06,457,1,5,9,3,Falta injustificada,4,No
5902,2024-08-17,457,1,5,9,3,Enfermedad,8,Sí
5903,2024-08-12,468,2,6,26,2,Permiso personal,4,Sí
5904,2024-08-03,471,1,2,2,2,Enfermedad,4,Sí
5905,2024-08-22,472,1,1,9,3,Enfermedad,8,Sí
5906,2024-08-02,475,3,9,27,2,Enfermedad,4,Sí
5907,2024-08-31,479,1,1,5,3,Enfermedad,8,Sí
5908,2024-08-23,481,1,1,20,2,Permiso personal,8,Sí
5909,2024-08-07,496,1,5,5,3,Permiso personal,8,Sí
5910,2024-08-05,503,1,3,16,2,Permiso personal,8,Sí
5911,2024-08-15,507,1,5,23,2,Permiso personal,8,Sí
5912,2024-08-22,515,5,13,27,1,Enfermedad,4,Sí
5913,2024-08-24,522,1,1,7,2,Enfermedad,8,Sí
5914,2024-08-29,524,6,15,27,2,Enfermedad,8,Sí
5915,2024-08-27,525,1,2,5,2,Enfermedad,8,Sí
5916,2024-08-01,532,1,5,11,2,Falta injustificada,8,No
5917,2024-08-25,532,1,5,11,2,Permiso personal,4,Sí
5918,2024-08-13,540,1,3,14,3,Enfermedad,4,Sí
5919,2024-08-27,540,1,3,14,3,Falta injustificada,8,No
5920,2024-08-28,543,1,1,7,2,Permiso personal,8,Sí
5921,2024-08-09,545,1,1,3,1,Permiso personal,8,Sí
5922,2024-08-12,545,1,1,3,1,Enfermedad,8,Sí
5923,2024-08-15,545,1,1,3,1,Permiso personal,4,Sí
5924,2024-08-19,545,1,1,3,1,Enfermedad,8,Sí
5925,2024-08-02,563,1,3,13,2,Falta injustificada,8,No
5926,2024-08-08,566,6,15,27,3,Permiso personal,8,Sí
5927,2024-08-28,566,6,15,27,3,Enfermedad,4,Sí
5928,2024-08-13,567,1,3,12,3,Permiso personal,8,Sí
5929,2024-08-19,567,1,3,12,3,Enfermedad,8,Sí
5930,2024-08-04,569,3,10,27,1,Enfermedad,8,Sí
5931,2024-08-08,572,1,5,23,3,Enfermedad,8,Sí
5932,2024-08-13,573,1,3,15,2,Falta injustificada,8,No
5933,2024-08-04,574,1,3,22,2,Enfermedad,4,Sí
5934,2024-08-12,574,1,3,22,2,Enfermedad,8,Sí
5935,2024-08-21,574,1,3,22,2,Enfermedad,8,Sí
5936,2024-08-28,574,1,3,22,2,Permiso personal,8,Sí
5937,2024-08-09,579,1,1,2,3,Permiso personal,8,Sí
5938,2024-08-15,581,1,2,14,3,Permiso personal,8,Sí
5939,2024-08-03,583,1,3,12,2,Enfermedad,8,Sí
5940,2024-08-05,589,1,1,4,3,Enfermedad,8,Sí
5941,2024-08-04,611,1,1,10,3,Enfermedad,8,Sí
5942,2024-08-23,611,1,1,10,3,Enfermedad,4,Sí
5943,2024-08-14,617,1,1,24,2,Enfermedad,4,Sí
5944,2024-08-25,617,1,1,24,2,Enfermedad,4,Sí
5945,2024-08-24,626,2,6,25,3,Enfermedad,8,Sí
5946,2024-08-29,626,2,6,25,3,Permiso personal,8,Sí
5947,2024-08-17,647,1,1,5,2,Enfermedad,8,Sí
5948,2024-08-03,649,1,2,6,2,Enfermedad,8,Sí
5949,2024-08-13,649,1,2,6,2,Permiso personal,8,Sí
5950,2024-08-22,649,1,2,6,2,Enfermedad,8,Sí
5951,2024-08-21,651,1,4,10,3,Permiso personal,8,Sí
5952,2024-08-14,656,4,12,27,2,Enfermedad,8,Sí
5953,2024-08-11,658,1,5,1,3,Enfermedad,8,Sí
5954,2024-08-19,658,1,5,1,3,Falta injustificada,8,No
5955,2024-08-09,660,2,7,26,1,Falta injustificada,8,No
5956,2024-08-01,665,1,4,16,2,Enfermedad,8,Sí
5957,2024-08-04,665,1,4,16,2,Permiso personal,4,Sí
5958,2024-08-14,673,1,5,20,1,Permiso personal,4,Sí
5959,2024-08-04,681,1,1,9,3,Enfermedad,8,Sí
5960,2024-08-27,699,1,4,11,2,Enfermedad,8,Sí
5961,2024-08-18,711,4,12,27,1,Permiso personal,8,Sí
5962,2024-08-18,717,2,7,25,3,Enfermedad,8,Sí
5963,2024-08-23,723,1,1,24,3,Enfermedad,4,Sí
5964,2024-08-26,723,1,1,24,3,Enfermedad,4,Sí
5965,2024-08-27,723,1,1,24,3,Falta injustificada,4,No
5966,2024-08-31,723,1,1,24,3,Enfermedad,8,Sí
5967,2024-08-23,734,1,2,24,2,Permiso personal,8,Sí
5968,2024-08-12,735,4,12,27,3,Permiso personal,4,Sí
5969,2024-08-27,735,4,12,27,3,Enfermedad,8,Sí
5970,2024-08-29,735,4,12,27,3,Enfermedad,4,Sí
5971,2024-08-30,744,1,5,24,3,Permiso personal,8,Sí
5972,2024-08-15,759,2,7,26,2,Permiso personal,8,Sí
5973,2024-08-18,759,2,7,26,2,Enfermedad,8,Sí
5974,2024-08-14,785,1,2,15,2,Permiso personal,4,Sí
5975,2024-08-21,785,1,2,15,2,Falta injustificada,8,No
5976,2024-08-05,801,1,2,9,2,Permiso personal,8,Sí
5977,2024-08-16,801,1,2,9,2,Enfermedad,8,Sí
5978,2024-08-24,801,1,2,9,2,Enfermedad,8,Sí
5979,2024-08-21,803,1,2,8,2,Enfermedad,8,Sí
5980,2024-08-29,803,1,2,8,2,Enfermedad,8,Sí
5981,2024-08-06,805,1,1,3,2,Falta injustificada,4,No
5982,2024-08-27,805,1,1,3,2,Enfermedad,8,Sí
5983,2024-08-02,807,5,13,27,3,Enfermedad,8,Sí
5984,2024-08-11,807,5,13,27,3,Permiso personal,8,Sí
5985,2024-08-16,807,5,13,27,3,Enfermedad,8,Sí
5986,2024-08-28,809,1,2,1,2,Permiso personal,8,Sí
5987,2024-08-04,812,1,4,4,3,Permiso personal,4,Sí
5988,2024-08-18,816,4,12,27,2,Enfermedad,8,Sí
5989,2024-08-24,816,4,12,27,2,Enfermedad,4,Sí
5990,2024-08-19,820,1,5,6,1,Enfermedad,8,Sí
5991,2024-08-30,821,2,7,26,3,Enfermedad,8,Sí
5992,2024-08-23,824,1,1,11,3,Enfermedad,8,Sí
5993,2024-08-18,826,1,1,15,3,Permiso personal,8,Sí
5994,2024-08-03,836,5,13,27,3,Enfermedad,8,Sí
5995,2024-08-23,849,1,5,2,3,Permiso personal,8,Sí
5996,2024-08-05,853,1,1,11,3,Permiso personal,8,Sí
5997,2024-08-18,854,1,1,7,3,Enfermedad,4,Sí
5998,2024-08-31,858,1,4,14,3,Falta injustificada,4,No
5999,2024-08-22,874,1,3,11,2,Enfermedad,8,Sí
6000,2024-08-23,874,1,3,11,2,Falta injustificada,4,No
6001,2024-08-04,885,1,1,20,3,Enfermedad,8,Sí
6002,2024-08-04,889,1,1,21,1,Enfermedad,8,Sí
6003,2024-08-12,895,1,3,15,3,Enfermedad,8,Sí
6004,2024-08-15,895,1,3,15,3,Enfermedad,4,Sí
6005,2024-08-28,895,1,3,15,3,Enfermedad,8,Sí
6006,2024-09-05,6,1,5,7,4,Enfermedad,8,Sí
6007,2024-09-19,6,1,5,7,4,Permiso personal,8,Sí
6008,2024-09-27,6,1,5,7,4,Enfermedad,8,Sí
6009,2024-09-10,8,2,8,25,3,Enfermedad,8,Sí
6010,2024-09-23,8,2,8,25,3,Enfermedad,8,Sí
6011,2024-09-14,12,1,5,10,4,Falta injustificada,8,No
6012,2024-09-23,13,1,5,8,3,Falta injustificada,4,No
6013,2024-09-26,13,1,5,8,3,Permiso personal,8,Sí
6014,2024-09-30,13,1,5,8,3,Enfermedad,4,Sí
6015,2024-09-29,14,1,4,19,4,Permiso personal,8,Sí
6016,2024-09-27,18,4,11,27,3,Enfermedad,8,Sí
6017,2024-09-23,20,1,2,24,4,Enfermedad,8,Sí
6018,2024-09-12,21,1,3,21,4,Enfermedad,8,Sí
6019,2024-09-24,22,1,5,18,4,Enfermedad,8,Sí
6020,2024-09-30,22,1,5,18,4,Enfermedad,4,Sí
6021,2024-09-05,24,2,7,26,3,Enfermedad,8,Sí
6022,2024-09-04,26,1,1,14,4,Enfermedad,8,Sí
6023,2024-09-13,26,1,1,14,4,Permiso personal,4,Sí
6024,2024-09-27,26,1,1,14,4,Falta injustificada,8,No
6025,2024-09-29,29,1,1,9,4,Enfermedad,8,Sí
6026,2024-09-16,30,2,8,25,4,Enfermedad,4,Sí
6027,2024-09-09,35,1,1,11,4,Enfermedad,8,Sí
6028,2024-09-12,35,1,1,11,4,Enfermedad,8,Sí
6029,2024-09-14,40,1,1,3,4,Falta injustificada,8,No
6030,2024-09-04,47,1,1,5,4,Permiso personal,4,Sí
6031,2024-09-24,49,1,3,19,4,Enfermedad,8,Sí
6032,2024-09-29,49,1,3,19,4,Enfermedad,8,Sí
6033,2024-09-05,59,1,4,7,3,Enfermedad,4,Sí
6034,2024-09-17,65,1,3,20,4,Permiso personal,8,Sí
6035,2024-09-05,68,1,2,7,4,Enfermedad,4,Sí
6036,2024-09-09,70,2,6,26,4,Permiso personal,8,Sí
6037,2024-09-24,70,2,6,26,4,Falta injustificada,8,No
6038,2024-09-11,74,1,1,21,4,Enfermedad,8,Sí
6039,2024-09-19,74,1,1,21,4,Enfermedad,8,Sí
6040,2024-09-27,75,1,5,18,3,Enfermedad,8,Sí
6041,2024-09-04,77,2,6,25,4,Enfermedad,8,Sí
6042,2024-09-11,77,2,6,25,4,Falta injustificada,8,No
6043,2024-09-04,78,3,9,27,4,Enfermedad,4,Sí
6044,2024-09-18,78,3,9,27,4,Enfermedad,4,Sí
6045,2024-09-24,78,3,9,27,4,Enfermedad,4,Sí
6046,2024-09-08,80,1,3,12,4,Enfermedad,8,Sí
6047,2024-09-26,80,1,3,12,4,Permiso personal,8,Sí
6048,2024-09-02,83,1,1,21,3,Permiso personal,4,Sí
6049,2024-09-10,84,1,3,9,4,Enfermedad,8,Sí
6050,2024-09-27,88,1,3,19,4,Enfermedad,4,Sí
6051,2024-09-26,89,1,4,19,4,Enfermedad,4,Sí
6052,2024-09-27,89,1,4,19,4,Enfermedad,8,Sí
6053,2024-09-24,93,1,4,14,3,Permiso personal,8,Sí
6054,2024-09-12,96,1,1,12,4,Enfermedad,4,Sí
6055,2024-09-07,101,5,13,27,3,Enfermedad,8,Sí
6056,2024-09-03,106,1,4,6,4,Enfermedad,8,Sí
6057,2024-09-15,106,1,4,6,4,Permiso personal,4,Sí
6058,2024-09-13,108,1,2,17,4,Permiso personal,8,Sí
6059,2024-09-28,110,1,3,8,3,Enfermedad,8,Sí
6060,2024-09-12,111,1,3,14,4,Falta injustificada,8,No
6061,2024-09-24,112,1,1,9,4,Enfermedad,4,Sí
6062,2024-09-01,119,1,5,4,3,Enfermedad,8,Sí
6063,2024-09-08,119,1,5,4,3,Permiso personal,8,Sí
6064,2024-09-24,121,1,3,20,4,Enfermedad,4,Sí
6065,2024-09-11,124,1,1,15,4,Enfermedad,8,Sí
6066,2024-09-18,124,1,1,15,4,Enfermedad,4,Sí
6067,2024-09-11,126,1,1,12,4,Falta injustificada,4,No
6068,2024-09-18,126,1,1,12,4,Enfermedad,8,Sí
6069,2024-09-27,128,1,2,2,4,Falta injustificada,8,No
6070,2024-09-13,130,1,5,5,4,Permiso personal,8,Sí
6071,2024-09-25,130,1,5,5,4,Permiso personal,8,Sí
6072,2024-09-03,131,1,5,5,3,Enfermedad,8,Sí
6073,2024-09-28,131,1,5,5,3,Enfermedad,8,Sí
6074,2024-09-17,138,1,4,7,3,Enfermedad,8,Sí
6075,2024-09-02,139,1,5,11,3,Enfermedad,4,Sí
6076,2024-09-08,140,1,1,22,4,Enfermedad,8,Sí
6077,2024-09-26,140,1,1,22,4,Falta injustificada,8,No
6078,2024-09-17,142,1,2,8,3,Permiso personal,4,Sí
6079,2024-09-26,144,1,3,12,3,Permiso personal,8,Sí
6080,2024-09-27,144,1,3,12,3,Enfermedad,8,Sí
6081,2024-09-11,145,1,2,1,4,Enfermedad,4,Sí
6082,2024-09-16,147,1,2,21,4,Enfermedad,8,Sí
6083,2024-09-24,147,1,2,21,4,Permiso personal,8,Sí
6084,2024-09-13,160,1,3,19,4,Falta injustificada,8,No
6085,2024-09-25,160,1,3,19,4,Permiso personal,8,Sí
6086,2024-09-03,161,1,3,22,4,Enfermedad,8,Sí
6087,2024-09-13,163,1,5,22,4,Falta injustificada,8,No
6088,2024-09-04,166,1,1,5,4,Enfermedad,8,Sí
6089,2024-09-14,166,1,1,5,4,Enfermedad,4,Sí
6090,2024-09-05,167,1,3,22,4,Falta injustificada,8,No
6091,2024-09-04,168,1,3,6,4,Falta injustificada,8,No
6092,2024-09-02,171,1,4,4,4,Enfermedad,4,Sí
6093,2024-09-13,180,1,3,6,3,Permiso personal,8,Sí
6094,2024-09-20,180,1,3,6,3,Enfermedad,4,Sí
6095,2024-09-26,180,1,3,6,3,Permiso personal,8,Sí
6096,2024-09-12,187,1,3,20,4,Enfermedad,8,Sí
6097,2024-09-03,190,6,16,27,4,Permiso personal,4,Sí
6098,2024-09-30,191,1,3,7,4,Enfermedad,4,Sí
6099,2024-09-27,195,1,2,14,4,Enfermedad,8,Sí
6100,2024-09-16,198,1,1,23,3,Enfermedad,8,Sí
6101,2024-09-01,207,1,1,3,4,Falta injustificada,8,No
6102,2024-09-19,207,1,1,3,4,Enfermedad,8,Sí
6103,2024-09-26,207,1,1,3,4,Enfermedad,8,Sí
6104,2024-09-11,208,2,6,25,4,Enfermedad,8,Sí
6105,2024-09-17,208,2,6,25,4,Enfermedad,4,Sí
6106,2024-09-24,208,2,6,25,4,Enfermedad,4,Sí
6107,2024-09-23,212,1,2,12,4,Enfermedad,8,Sí
6108,2024-09-08,213,1,4,14,4,Permiso personal,4,Sí
6109,2024-09-29,214,1,4,4,4,Permiso personal,4,Sí
6110,2024-09-20,222,1,2,4,4,Permiso personal,4,Sí
6111,2024-09-01,225,1,2,2,4,Falta injustificada,8,No
6112,2024-09-08,225,1,2,2,4,Enfermedad,8,Sí
6113,2024-09-15,235,1,3,17,3,Enfermedad,8,Sí
6114,2024-09-15,238,1,1,12,4,Permiso personal,4,Sí
6115,2024-09-21,242,1,1,2,4,Enfermedad,8,Sí
6116,2024-09-10,246,1,3,19,3,Enfermedad,8,Sí
6117,2024-09-10,252,1,2,21,4,Permiso personal,4,Sí
6118,2024-09-04,257,1,2,22,4,Permiso personal,8,Sí
6119,2024-09-19,258,1,4,23,4,Permiso personal,8,Sí
6120,2024-09-11,259,1,3,8,4,Permiso personal,8,Sí
6121,2024-09-12,259,1,3,8,4,Permiso personal,8,Sí
6122,2024-09-20,268,1,5,10,4,Falta injustificada,8,No
6123,2024-09-15,269,1,1,8,4,Enfermedad,4,Sí
6124,2024-09-30,269,1,1,8,4,Permiso personal,8,Sí
6125,2024-09-18,274,1,5,19,4,Enfermedad,8,Sí
6126,2024-09-23,275,1,4,15,4,Enfermedad,4,Sí
6127,2024-09-18,280,1,4,13,3,Enfermedad,8,Sí
6128,2024-09-01,282,1,1,20,3,Falta injustificada,8,No
6129,2024-09-08,282,1,1,20,3,Falta injustificada,8,No
6130,2024-09-10,282,1,1,20,3,Permiso personal,8,Sí
6131,2024-09-14,285,5,14,27,3,Enfermedad,4,Sí
6132,2024-09-12,286,1,2,12,3,Permiso personal,8,Sí
6133,2024-09-30,290,1,3,3,4,Enfermedad,4,Sí
6134,2024-09-26,293,1,1,23,3,Falta injustificada,8,No
6135,2024-09-16,294,1,1,1,3,Permiso personal,4,Sí
6136,2024-09-28,299,2,6,25,3,Permiso personal,8,Sí
6137,2024-09-12,301,1,5,1,4,Enfermedad,8,Sí
6138,2024-09-28,303,1,1,24,3,Enfermedad,8,Sí
6139,2024-09-12,304,1,3,7,4,Enfermedad,8,Sí
6140,2024-09-11,306,1,4,4,3,Enfermedad,8,Sí
6141,2024-09-12,306,1,4,4,3,Enfermedad,4,Sí
6142,2024-09-14,306,1,4,4,3,Permiso personal,8,Sí
6143,2024-09-18,306,1,4,4,3,Enfermedad,8,Sí
6144,2024-09-19,306,1,4,4,3,Permiso personal,4,Sí
6145,2024-09-03,309,1,4,9,4,Enfermedad,8,Sí
6146,2024-09-23,310,1,2,21,4,Enfermedad,4,Sí
6147,2024-09-07,324,1,1,15,4,Permiso personal,8,Sí
6148,2024-09-29,324,1,1,15,4,Enfermedad,8,Sí
6149,2024-09-20,326,1,1,15,4,Permiso personal,8,Sí
6150,2024-09-17,327,3,9,27,4,Enfermedad,4,Sí
6151,2024-09-08,329,2,6,26,4,Enfermedad,8,Sí
6152,2024-09-30,332,1,5,23,4,Permiso personal,4,Sí
6153,2024-09-07,334,1,1,11,3,Enfermedad,4,Sí
6154,2024-09-24,334,1,1,11,3,Permiso personal,8,Sí
6155,2024-09-29,343,1,1,15,3,Enfermedad,8,Sí
6156,2024-09-04,344,1,1,24,4,Falta injustificada,8,No
6157,2024-09-02,346,1,5,14,4,Enfermedad,8,Sí
6158,2024-09-16,346,1,5,14,4,Enfermedad,8,Sí
6159,2024-09-27,348,1,4,13,4,Enfermedad,4,Sí
6160,2024-09-04,349,6,15,27,4,Enfermedad,4,Sí
6161,2024-09-19,349,6,15,27,4,Enfermedad,8,Sí
6162,2024-09-14,351,1,1,11,2,Enfermedad,4,Sí
6163,2024-09-15,354,1,1,1,2,Enfermedad,8,Sí
6164,2024-09-25,354,1,1,1,2,Enfermedad,8,Sí
6165,2024-09-01,358,1,2,13,1,Enfermedad,8,Sí
6166,2024-09-08,358,1,2,13,1,Falta injustificada,4,No
6167,2024-09-07,360,1,2,23,3,Enfermedad,8,Sí
6168,2024-09-22,360,1,2,23,3,Falta injustificada,8,No
6169,2024-09-26,364,1,5,2,2,Enfermedad,8,Sí
6170,2024-09-13,374,1,4,3,2,Permiso personal,4,Sí
6171,2024-09-27,387,1,5,18,3,Permiso personal,8,Sí
6172,2024-09-02,393,1,4,4,2,Enfermedad,8,Sí
6173,2024-09-16,393,1,4,4,2,Permiso personal,8,Sí
6174,2024-09-23,393,1,4,4,2,Enfermedad,4,Sí
6175,2024-09-23,394,1,3,4,1,Enfermedad,4,Sí
6176,2024-09-03,398,5,14,27,2,Enfermedad,8,Sí
6177,2024-09-18,400,1,1,1,2,Enfermedad,8,Sí
6178,2024-09-02,402,1,4,10,1,Enfermedad,8,Sí
6179,2024-09-06,402,1,4,10,1,Falta injustificada,4,No
6180,2024-09-27,402,1,4,10,1,Permiso personal,8,Sí
6181,2024-09-10,404,1,5,10,2,Enfermedad,4,Sí
6182,2024-09-14,404,1,5,10,2,Permiso personal,4,Sí
6183,2024-09-06,408,1,2,13,1,Enfermedad,8,Sí
6184,2024-09-02,413,2,7,26,2,Permiso personal,4,Sí
6185,2024-09-24,434,1,1,15,2,Enfermedad,8,Sí
6186,2024-09-16,435,1,4,7,2,Enfermedad,8,Sí
6187,2024-09-05,440,2,6,25,3,Permiso personal,8,Sí
6188,2024-09-12,446,1,4,2,3,Enfermedad,8,Sí
6189,2024-09-30,447,2,7,26,2,Enfermedad,8,Sí
6190,2024-09-14,452,1,3,21,2,Falta injustificada,8,No
6191,2024-09-09,454,1,2,21,1,Enfermedad,8,Sí
6192,2024-09-27,454,1,2,21,1,Enfermedad,4,Sí
6193,2024-09-17,457,1,5,9,3,Enfermedad,8,Sí
6194,2024-09-30,462,3,10,27,1,Enfermedad,8,Sí
6195,2024-09-08,463,1,1,15,2,Falta injustificada,4,No
6196,2024-09-11,463,1,1,15,2,Enfermedad,8,Sí
6197,2024-09-23,463,1,1,15,2,Permiso personal,8,Sí
6198,2024-09-06,472,1,1,9,3,Permiso personal,8,Sí
6199,2024-09-13,472,1,1,9,3,Permiso personal,8,Sí
6200,2024-09-06,475,3,9,27,2,Permiso personal,8,Sí
6201,2024-09-09,475,3,9,27,2,Enfermedad,8,Sí
6202,2024-09-01,476,6,15,27,2,Permiso personal,8,Sí
6203,2024-09-08,476,6,15,27,2,Enfermedad,4,Sí
6204,2024-09-26,479,1,1,5,3,Permiso personal,8,Sí
6205,2024-09-11,481,1,1,20,2,Enfermedad,8,Sí
6206,2024-09-24,481,1,1,20,2,Enfermedad,8,Sí
6207,2024-09-05,494,1,2,3,2,Enfermedad,8,Sí
6208,2024-09-26,494,1,2,3,2,Enfermedad,8,Sí
6209,2024-09-05,503,1,3,16,2,Permiso personal,8,Sí
6210,2024-09-06,503,1,3,16,2,Permiso personal,8,Sí
6211,2024-09-12,503,1,3,16,2,Enfermedad,4,Sí
6212,2024-09-13,503,1,3,16,2,Permiso personal,8,Sí
6213,2024-09-30,503,1,3,16,2,Enfermedad,4,Sí
6214,2024-09-23,510,5,14,27,3,Enfermedad,8,Sí
6215,2024-09-19,524,6,15,27,2,Enfermedad,4,Sí
6216,2024-09-27,524,6,15,27,2,Enfermedad,4,Sí
6217,2024-09-10,534,1,2,22,3,Enfermedad,8,Sí
6218,2024-09-23,534,1,2,22,3,Permiso personal,8,Sí
6219,2024-09-06,543,1,1,7,2,Enfermedad,8,Sí
6220,2024-09-08,546,1,1,11,3,Enfermedad,8,Sí
6221,2024-09-26,553,1,4,3,3,Permiso personal,4,Sí
6222,2024-09-12,556,1,1,7,1,Enfermedad,8,Sí
6223,2024-09-15,556,1,1,7,1,Enfermedad,8,Sí
6224,2024-09-19,556,1,1,7,1,Enfermedad,8,Sí
6225,2024-09-18,557,1,3,18,2,Permiso personal,8,Sí
6226,2024-09-13,569,3,10,27,1,Enfermedad,8,Sí
6227,2024-09-16,573,1,3,15,2,Permiso personal,4,Sí
6228,2024-09-02,574,1,3,22,2,Permiso personal,8,Sí
6229,2024-09-23,574,1,3,22,2,Enfermedad,8,Sí
6230,2024-09-24,574,1,3,22,2,Enfermedad,8,Sí
6231,2024-09-17,580,2,8,26,2,Enfermedad,8,Sí
6232,2024-09-03,583,1,3,12,2,Permiso personal,8,Sí
6233,2024-09-24,583,1,3,12,2,Permiso personal,8,Sí
6234,2024-09-17,603,1,1,11,1,Falta injustificada,8,No
6235,2024-09-02,605,1,4,16,3,Enfermedad,8,Sí
6236,2024-09-30,605,1,4,16,3,Falta injustificada,8,No
6237,2024-09-01,609,1,3,16,2,Enfermedad,8,Sí
6238,2024-09-23,609,1,3,16,2,Enfermedad,8,Sí
6239,2024-09-05,612,1,1,18,2,Permiso personal,4,Sí
6240,2024-09-01,616,1,4,23,2,Enfermedad,8,Sí
6241,2024-09-21,617,1,1,24,3,Enfermedad,8,Sí
6242,2024-09-29,617,1,1,24,3,Enfermedad,8,Sí
6243,2024-09-08,626,2,6,25,3,Enfermedad,8,Sí
6244,2024-09-08,630,1,1,20,2,Enfermedad,8,Sí
6245,2024-09-15,631,1,2,8,1,Permiso personal,8,Sí
6246,2024-09-02,643,1,5,21,3,Enfermedad,8,Sí
6247,2024-09-23,643,1,5,21,3,Enfermedad,4,Sí
6248,2024-09-29,645,1,5,2,2,Permiso personal,8,Sí
6249,2024-09-15,646,1,1,19,2,Enfermedad,8,Sí
6250,2024-09-13,649,1,2,6,2,Enfermedad,8,Sí
6251,2024-09-16,651,1,4,10,3,Enfermedad,8,Sí
6252,2024-09-21,656,4,12,27,2,Enfermedad,8,Sí
6253,2024-09-26,658,1,5,1,3,Enfermedad,8,Sí
6254,2024-09-12,661,1,2,16,2,Permiso personal,8,Sí
6255,2024-09-08,665,1,4,16,2,Enfermedad,4,Sí
6256,2024-09-12,665,1,4,16,2,Permiso personal,8,Sí
6257,2024-09-28,673,1,5,20,1,Enfermedad,4,Sí
6258,2024-09-29,673,1,5,20,1,Enfermedad,8,Sí
6259,2024-09-24,681,1,1,9,3,Enfermedad,8,Sí
6260,2024-09-16,699,1,4,11,2,Falta injustificada,4,No
6261,2024-09-02,707,1,5,22,3,Enfermedad,4,Sí
6262,2024-09-06,711,4,12,27,1,Enfermedad,8,Sí
6263,2024-09-06,716,1,4,8,3,Permiso personal,8,Sí
6264,2024-09-30,717,2,7,25,3,Permiso personal,4,Sí
6265,2024-09-09,735,4,12,27,3,Falta injustificada,8,No
6266,2024-09-21,747,1,1,5,2,Permiso personal,4,Sí
6267,2024-09-30,755,1,1,4,1,Permiso personal,8,Sí
6268,2024-09-23,756,1,3,22,2,Enfermedad,8,Sí
6269,2024-09-29,759,2,7,26,2,Enfermedad,8,Sí
6270,2024-09-09,780,1,1,8,3,Permiso personal,8,Sí
6271,2024-09-15,780,1,1,8,3,Enfermedad,8,Sí
6272,2024-09-11,782,1,1,10,2,Enfermedad,4,Sí
6273,2024-09-27,782,1,1,10,2,Enfermedad,8,Sí
6274,2024-09-01,784,1,5,9,2,Falta injustificada,8,No
6275,2024-09-03,784,1,5,9,2,Enfermedad,4,Sí
6276,2024-09-08,784,1,5,9,2,Enfermedad,4,Sí
6277,2024-09-10,792,1,2,16,3,Enfermedad,8,Sí
6278,2024-09-28,792,1,2,16,3,Falta injustificada,8,No
6279,2024-09-27,801,1,2,9,2,Enfermedad,8,Sí
6280,2024-09-05,805,1,1,3,2,Permiso personal,8,Sí
6281,2024-09-09,805,1,1,3,2,Enfermedad,4,Sí
6282,2024-09-25,805,1,1,3,2,Enfermedad,8,Sí
6283,2024-09-25,812,1,4,4,3,Permiso personal,8,Sí
6284,2024-09-30,821,2,7,26,3,Falta injustificada,8,No
6285,2024-09-05,824,1,1,11,3,Enfermedad,8,Sí
6286,2024-09-27,824,1,1,11,3,Permiso personal,8,Sí
6287,2024-09-24,826,1,1,15,3,Permiso personal,8,Sí
6288,2024-09-29,826,1,1,15,3,Enfermedad,4,Sí
6289,2024-09-18,827,4,11,27,1,Permiso personal,4,Sí
6290,2024-09-08,842,1,5,11,3,Enfermedad,4,Sí
6291,2024-09-22,849,1,5,2,3,Enfermedad,4,Sí
6292,2024-09-30,853,1,1,11,3,Enfermedad,8,Sí
6293,2024-09-22,858,1,4,14,3,Enfermedad,4,Sí
6294,2024-09-30,862,1,2,4,3,Enfermedad,8,Sí
6295,2024-09-14,864,1,4,21,3,Permiso personal,8,Sí
6296,2024-09-22,869,1,1,20,3,Permiso personal,8,Sí
6297,2024-09-30,869,1,1,20,3,Enfermedad,8,Sí
6298,2024-09-30,870,1,2,5,1,Enfermedad,8,Sí
6299,2024-09-02,884,1,5,24,3,Enfermedad,8,Sí
6300,2024-09-09,884,1,5,24,3,Enfermedad,4,Sí
6301,2024-09-04,889,1,1,21,2,Enfermedad,8,Sí
6302,2024-09-17,889,1,1,21,2,Enfermedad,8,Sí
6303,2024-09-23,890,1,4,22,3,Enfermedad,8,Sí
6304,2024-10-12,2,2,7,25,4,Enfermedad,4,Sí
6305,2024-10-23,6,1,5,7,4,Enfermedad,4,Sí
6306,2024-10-24,6,1,5,7,4,Enfermedad,4,Sí
6307,2024-10-18,9,1,1,11,4,Falta injustificada,8,No
6308,2024-10-08,12,1,5,10,4,Enfermedad,8,Sí
6309,2024-10-02,13,1,5,8,3,Permiso personal,4,Sí
6310,2024-10-14,13,1,5,8,3,Permiso personal,4,Sí
6311,2024-10-03,14,1,4,19,4,Enfermedad,4,Sí
6312,2024-10-21,14,1,4,19,4,Enfermedad,8,Sí
6313,2024-10-01,20,1,2,24,4,Enfermedad,8,Sí
6314,2024-10-31,20,1,2,24,4,Falta injustificada,8,No
6315,2024-10-20,21,1,3,21,4,Enfermedad,8,Sí
6316,2024-10-13,28,1,1,21,3,Enfermedad,4,Sí
6317,2024-10-07,35,1,1,11,4,Enfermedad,8,Sí
6318,2024-10-16,35,1,1,11,4,Enfermedad,8,Sí
6319,2024-10-01,36,1,3,20,4,Enfermedad,4,Sí
6320,2024-10-06,36,1,3,20,4,Enfermedad,8,Sí
6321,2024-10-23,41,1,2,17,4,Permiso personal,8,Sí
6322,2024-10-11,46,1,4,14,3,Enfermedad,8,Sí
6323,2024-10-17,49,1,3,19,4,Permiso personal,8,Sí
6324,2024-10-28,49,1,3,19,4,Enfermedad,8,Sí
6325,2024-10-04,52,1,4,19,3,Enfermedad,8,Sí
6326,2024-10-07,52,1,4,19,3,Enfermedad,8,Sí
6327,2024-10-22,54,1,4,19,4,Enfermedad,8,Sí
6328,2024-10-21,58,1,3,10,4,Falta injustificada,8,No
6329,2024-10-14,59,1,4,7,3,Enfermedad,8,Sí
6330,2024-10-05,65,1,3,20,4,Enfermedad,8,Sí
6331,2024-10-21,65,1,3,20,4,Enfermedad,8,Sí
6332,2024-10-27,66,1,5,7,4,Permiso personal,8,Sí
6333,2024-10-25,68,1,2,7,4,Permiso personal,4,Sí
6334,2024-10-30,68,1,2,7,4,Permiso personal,8,Sí
6335,2024-10-21,72,1,1,21,4,Enfermedad,8,Sí
6336,2024-10-10,83,1,1,21,3,Permiso personal,8,Sí
6337,2024-10-08,84,1,3,9,4,Enfermedad,8,Sí
6338,2024-10-22,90,2,6,26,4,Permiso personal,4,Sí
6339,2024-10-07,93,1,4,14,3,Permiso personal,4,Sí
6340,2024-10-22,98,1,3,18,3,Enfermedad,8,Sí
6341,2024-10-06,106,1,4,6,4,Enfermedad,8,Sí
6342,2024-10-16,106,1,4,6,4,Permiso personal,4,Sí
6343,2024-10-13,108,1,2,17,4,Enfermedad,8,Sí
6344,2024-10-09,110,1,3,8,3,Enfermedad,8,Sí
6345,2024-10-24,110,1,3,8,3,Enfermedad,8,Sí
6346,2024-10-17,111,1,3,14,4,Permiso personal,8,Sí
6347,2024-10-27,119,1,5,4,3,Enfermedad,8,Sí
6348,2024-10-02,124,1,1,15,4,Falta injustificada,4,No
6349,2024-10-08,126,1,1,12,4,Permiso personal,8,Sí
6350,2024-10-25,129,1,1,21,4,Enfermedad,8,Sí
6351,2024-10-17,130,1,5,5,4,Enfermedad,8,Sí
6352,2024-10-20,130,1,5,5,4,Permiso personal,8,Sí
6353,2024-10-09,131,1,5,5,3,Enfermedad,8,Sí
6354,2024-10-24,137,1,1,8,4,Permiso personal,4,Sí
6355,2024-10-27,137,1,1,8,4,Enfermedad,8,Sí
6356,2024-10-24,139,1,5,11,3,Permiso personal,8,Sí
6357,2024-10-26,144,1,3,12,3,Enfermedad,4,Sí
6358,2024-10-04,152,1,1,20,3,Enfermedad,8,Sí
6359,2024-10-17,158,1,4,23,3,Enfermedad,8,Sí
6360,2024-10-17,160,1,3,19,4,Enfermedad,8,Sí
6361,2024-10-08,163,1,5,22,4,Enfermedad,8,Sí
6362,2024-10-18,163,1,5,22,4,Permiso personal,8,Sí
6363,2024-10-31,167,1,3,22,4,Enfermedad,8,Sí
6364,2024-10-26,169,1,1,7,4,Permiso personal,8,Sí
6365,2024-10-12,171,1,4,4,4,Falta injustificada,8,No
6366,2024-10-15,174,1,2,16,4,Enfermedad,8,Sí
6367,2024-10-31,174,1,2,16,4,Enfermedad,4,Sí
6368,2024-10-13,176,1,1,6,3,Permiso personal,8,Sí
6369,2024-10-09,181,1,1,9,4,Enfermedad,8,Sí
6370,2024-10-19,184,1,1,11,4,Enfermedad,8,Sí
6371,2024-10-01,187,1,3,20,4,Permiso personal,8,Sí
6372,2024-10-29,187,1,3,20,4,Falta injustificada,8,No
6373,2024-10-30,187,1,3,20,4,Enfermedad,8,Sí
6374,2024-10-07,188,1,4,1,3,Enfermedad,8,Sí
6375,2024-10-13,190,6,16,27,4,Permiso personal,8,Sí
6376,2024-10-07,191,1,3,7,4,Enfermedad,4,Sí
6377,2024-10-14,191,1,3,7,4,Enfermedad,4,Sí
6378,2024-10-26,192,1,1,2,4,Enfermedad,8,Sí
6379,2024-10-16,194,1,1,11,4,Enfermedad,8,Sí
6380,2024-10-03,195,1,2,14,4,Enfermedad,8,Sí
6381,2024-10-24,199,6,15,27,4,Enfermedad,4,Sí
6382,2024-10-23,200,1,1,12,4,Permiso personal,8,Sí
6383,2024-10-16,203,4,12,27,3,Enfermedad,8,Sí
6384,2024-10-09,207,1,1,3,4,Enfermedad,4,Sí
6385,2024-10-08,208,2,6,25,4,Falta injustificada,4,No
6386,2024-10-04,214,1,4,4,4,Enfermedad,8,Sí
6387,2024-10-04,216,1,4,20,3,Permiso personal,8,Sí
6388,2024-10-10,216,1,4,20,3,Enfermedad,8,Sí
6389,2024-10-15,229,2,8,25,4,Enfermedad,4,Sí
6390,2024-10-23,229,2,8,25,4,Permiso personal,8,Sí
6391,2024-10-01,230,1,3,17,4,Permiso personal,8,Sí
6392,2024-10-30,235,1,3,17,3,Falta injustificada,8,No
6393,2024-10-03,238,1,1,12,4,Permiso personal,8,Sí
6394,2024-10-06,239,1,3,8,4,Permiso personal,8,Sí
6395,2024-10-30,245,1,1,5,3,Enfermedad,4,Sí
6396,2024-10-10,252,1,2,21,4,Falta injustificada,8,No
6397,2024-10-18,254,1,2,19,4,Permiso personal,8,Sí
6398,2024-10-28,254,1,2,19,4,Enfermedad,8,Sí
6399,2024-10-01,258,1,4,23,4,Permiso personal,4,Sí
6400,2024-10-06,268,1,5,10,4,Enfermedad,4,Sí
6401,2024-10-04,269,1,1,8,4,Enfermedad,4,Sí
6402,2024-10-23,270,1,3,18,4,Enfermedad,4,Sí
6403,2024-10-17,278,1,1,5,3,Enfermedad,8,Sí
6404,2024-10-18,279,1,4,10,3,Enfermedad,8,Sí
6405,2024-10-09,280,1,4,13,3,Enfermedad,8,Sí
6406,2024-10-10,280,1,4,13,3,Enfermedad,8,Sí
6407,2024-10-08,282,1,1,20,3,Enfermedad,8,Sí
6408,2024-10-10,285,5,14,27,3,Permiso personal,8,Sí
6409,2024-10-09,286,1,2,12,3,Enfermedad,4,Sí
6410,2024-10-22,286,1,2,12,3,Falta injustificada,8,No
6411,2024-10-11,290,1,3,3,4,Enfermedad,4,Sí
6412,2024-10-11,291,1,2,2,4,Permiso personal,8,Sí
6413,2024-10-02,293,1,1,23,4,Permiso personal,8,Sí
6414,2024-10-21,293,1,1,23,4,Permiso personal,4,Sí
6415,2024-10-22,294,1,1,1,3,Enfermedad,8,Sí
6416,2024-10-08,299,2,6,25,3,Enfermedad,8,Sí
6417,2024-10-29,299,2,6,25,3,Enfermedad,8,Sí
6418,2024-10-14,301,1,5,1,4,Enfermedad,4,Sí
6419,2024-10-04,304,1,3,7,4,Enfermedad,8,Sí
6420,2024-10-06,304,1,3,7,4,Enfermedad,8,Sí
6421,2024-10-20,309,1,4,9,4,Enfermedad,4,Sí
6422,2024-10-23,309,1,4,9,4,Enfermedad,8,Sí
6423,2024-10-22,310,1,2,21,4,Permiso personal,8,Sí
6424,2024-10-04,320,1,4,10,3,Permiso personal,8,Sí
6425,2024-10-01,321,6,16,27,4,Enfermedad,4,Sí
6426,2024-10-24,321,6,16,27,4,Permiso personal,8,Sí
6427,2024-10-09,326,1,1,15,4,Enfermedad,4,Sí
6428,2024-10-25,326,1,1,15,4,Enfermedad,4,Sí
6429,2024-10-12,333,5,14,27,4,Permiso personal,8,Sí
6430,2024-10-18,333,5,14,27,4,Permiso personal,8,Sí
6431,2024-10-09,334,1,1,11,3,Permiso personal,8,Sí
6432,2024-10-10,335,1,5,23,4,Enfermedad,8,Sí
6433,2024-10-23,335,1,5,23,4,Permiso personal,8,Sí
6434,2024-10-09,341,1,1,7,4,Permiso personal,8,Sí
6435,2024-10-12,341,1,1,7,4,Enfermedad,8,Sí
6436,2024-10-30,341,1,1,7,4,Enfermedad,8,Sí
6437,2024-10-07,343,1,1,15,3,Enfermedad,8,Sí
6438,2024-10-17,343,1,1,15,3,Enfermedad,8,Sí
6439,2024-10-31,343,1,1,15,3,Permiso personal,8,Sí
6440,2024-10-16,344,1,1,24,4,Enfermedad,4,Sí
6441,2024-10-22,345,1,2,7,4,Enfermedad,8,Sí
6442,2024-10-02,347,1,5,10,3,Enfermedad,4,Sí
6443,2024-10-04,347,1,5,10,3,Falta injustificada,8,No
6444,2024-10-01,350,1,5,23,4,Permiso personal,4,Sí
6445,2024-10-06,350,1,5,23,4,Permiso personal,8,Sí
6446,2024-10-22,351,1,1,11,2,Enfermedad,4,Sí
6447,2024-10-04,354,1,1,1,2,Enfermedad,8,Sí
6448,2024-10-23,354,1,1,1,2,Enfermedad,4,Sí
6449,2024-10-02,355,1,5,2,3,Permiso personal,4,Sí
6450,2024-10-19,355,1,5,2,3,Enfermedad,4,Sí
6451,2024-10-25,355,1,5,2,3,Falta injustificada,8,No
6452,2024-10-09,357,1,5,8,2,Enfermedad,8,Sí
6453,2024-10-24,357,1,5,8,2,Permiso personal,8,Sí
6454,2024-10-29,357,1,5,8,2,Enfermedad,8,Sí
6455,2024-10-06,358,1,2,13,1,Enfermedad,4,Sí
6456,2024-10-09,364,1,5,2,2,Falta injustificada,4,No
6457,2024-10-13,364,1,5,2,2,Enfermedad,4,Sí
6458,2024-10-17,374,1,4,3,2,Permiso personal,8,Sí
6459,2024-10-02,378,1,1,17,3,Falta injustificada,4,No
6460,2024-10-30,378,1,1,17,3,Enfermedad,8,Sí
6461,2024-10-12,379,6,16,27,2,Permiso personal,8,Sí
6462,2024-10-13,380,1,1,5,3,Permiso personal,8,Sí
6463,2024-10-21,381,1,2,17,2,Permiso personal,8,Sí
6464,2024-10-01,384,2,6,25,3,Enfermedad,4,Sí
6465,2024-10-25,384,2,6,25,3,Enfermedad,8,Sí
6466,2024-10-02,390,1,4,12,2,Permiso personal,4,Sí
6467,2024-10-24,390,1,4,12,2,Enfermedad,8,Sí
6468,2024-10-05,393,1,4,4,2,Falta injustificada,8,No
6469,2024-10-03,397,1,3,7,3,Enfermedad,8,Sí
6470,2024-10-02,398,5,14,27,2,Enfermedad,8,Sí
6471,2024-10-15,398,5,14,27,2,Permiso personal,4,Sí
6472,2024-10-06,400,1,1,1,2,Enfermedad,4,Sí
6473,2024-10-09,400,1,1,1,2,Enfermedad,8,Sí
6474,2024-10-04,408,1,2,13,1,Falta injustificada,4,No
6475,2024-10-15,412,3,10,27,3,Enfermedad,8,Sí
6476,2024-10-14,416,1,1,8,2,Permiso personal,4,Sí
6477,2024-10-21,421,1,1,13,2,Permiso personal,4,Sí
6478,2024-10-23,424,1,1,24,1,Permiso personal,8,Sí
6479,2024-10-12,425,1,1,7,1,Falta injustificada,4,No
6480,2024-10-13,434,1,1,15,2,Enfermedad,8,Sí
6481,2024-10-01,435,1,4,7,2,Permiso personal,8,Sí
6482,2024-10-08,447,2,7,26,2,Permiso personal,8,Sí
6483,2024-10-15,454,1,2,21,1,Enfermedad,8,Sí
6484,2024-10-27,457,1,5,9,3,Enfermedad,8,Sí
6485,2024-10-09,462,3,10,27,1,Falta injustificada,8,No
6486,2024-10-22,462,3,10,27,1,Enfermedad,8,Sí
6487,2024-10-22,471,1,2,2,2,Enfermedad,8,Sí
6488,2024-10-18,479,1,1,5,3,Enfermedad,8,Sí
6489,2024-10-18,481,1,1,20,2,Permiso personal,8,Sí
6490,2024-10-26,481,1,1,20,2,Falta injustificada,4,No
6491,2024-10-14,490,3,10,27,3,Enfermedad,8,Sí
6492,2024-10-16,490,3,10,27,3,Falta injustificada,8,No
6493,2024-10-02,498,1,1,18,2,Permiso personal,8,Sí
6494,2024-10-30,498,1,1,18,2,Permiso personal,8,Sí
6495,2024-10-05,502,1,1,4,1,Permiso personal,4,Sí
6496,2024-10-30,502,1,1,4,1,Enfermedad,4,Sí
6497,2024-10-07,503,1,3,16,2,Enfermedad,4,Sí
6498,2024-10-02,510,5,14,27,3,Enfermedad,4,Sí
6499,2024-10-08,510,5,14,27,3,Permiso personal,8,Sí
6500,2024-10-24,510,5,14,27,3,Enfermedad,8,Sí
6501,2024-10-28,510,5,14,27,3,Permiso personal,8,Sí
6502,2024-10-26,515,5,13,27,2,Enfermedad,8,Sí
6503,2024-10-07,540,1,3,14,3,Enfermedad,8,Sí
6504,2024-10-30,540,1,3,14,3,Permiso personal,8,Sí
6505,2024-10-01,544,2,6,26,2,Enfermedad,8,Sí
6506,2024-10-08,551,1,1,9,1,Enfermedad,8,Sí
6507,2024-10-17,551,1,1,9,1,Enfermedad,8,Sí
6508,2024-10-28,553,1,4,3,3,Permiso personal,8,Sí
6509,2024-10-10,556,1,1,7,1,Enfermedad,8,Sí
6510,2024-10-26,556,1,1,7,1,Enfermedad,8,Sí
6511,2024-10-06,557,1,3,18,2,Enfermedad,8,Sí
6512,2024-10-19,563,1,3,13,2,Enfermedad,4,Sí
6513,2024-10-02,566,6,15,27,3,Permiso personal,8,Sí
6514,2024-10-15,566,6,15,27,3,Permiso personal,8,Sí
6515,2024-10-30,566,6,15,27,3,Falta injustificada,8,No
6516,2024-10-12,572,1,5,23,3,Enfermedad,8,Sí
6517,2024-10-13,574,1,3,22,2,Enfermedad,4,Sí
6518,2024-10-27,574,1,3,22,2,Permiso personal,8,Sí
6519,2024-10-01,579,1,1,2,3,Enfermedad,8,Sí
6520,2024-10-17,579,1,1,2,3,Enfermedad,8,Sí
6521,2024-10-27,581,1,2,14,3,Enfermedad,4,Sí
6522,2024-10-11,583,1,3,12,2,Enfermedad,8,Sí
6523,2024-10-02,586,1,1,23,3,Enfermedad,8,Sí
6524,2024-10-02,589,1,1,4,3,Enfermedad,8,Sí
6525,2024-10-05,589,1,1,4,3,Enfermedad,4,Sí
6526,2024-10-06,589,1,1,4,3,Enfermedad,8,Sí
6527,2024-10-23,589,1,1,4,3,Permiso personal,8,Sí
6528,2024-10-21,595,2,6,25,1,Enfermedad,8,Sí
6529,2024-10-25,605,1,4,16,3,Permiso personal,8,Sí
6530,2024-10-31,605,1,4,16,3,Permiso personal,8,Sí
6531,2024-10-12,611,1,1,10,3,Permiso personal,8,Sí
6532,2024-10-13,611,1,1,10,3,Permiso personal,8,Sí
6533,2024-10-06,612,1,1,18,2,Enfermedad,4,Sí
6534,2024-10-15,616,1,4,23,2,Enfermedad,8,Sí
6535,2024-10-14,622,1,2,8,3,Permiso personal,8,Sí
6536,2024-10-13,626,2,6,25,3,Enfermedad,4,Sí
6537,2024-10-29,631,1,2,8,2,Enfermedad,4,Sí
6538,2024-10-30,638,1,5,24,2,Enfermedad,8,Sí
6539,2024-10-22,645,1,5,2,3,Enfermedad,8,Sí
6540,2024-10-23,645,1,5,2,3,Enfermedad,4,Sí
6541,2024-10-14,647,1,1,5,2,Falta injustificada,8,No
6542,2024-10-11,648,1,5,12,3,Enfermedad,8,Sí
6543,2024-10-11,649,1,2,6,2,Falta injustificada,8,No
6544,2024-10-29,652,1,1,10,1,Enfermedad,8,Sí
6545,2024-10-26,656,4,12,27,2,Falta injustificada,8,No
6546,2024-10-10,658,1,5,1,3,Enfermedad,8,Sí
6547,2024-10-08,660,2,7,26,2,Permiso personal,8,Sí
6548,2024-10-13,660,2,7,26,2,Permiso personal,8,Sí
6549,2024-10-13,661,1,2,16,2,Enfermedad,8,Sí
6550,2024-10-28,661,1,2,16,2,Enfermedad,4,Sí
6551,2024-10-02,665,1,4,16,2,Enfermedad,8,Sí
6552,2024-10-14,665,1,4,16,2,Permiso personal,4,Sí
6553,2024-10-09,678,1,2,2,2,Enfermedad,8,Sí
6554,2024-10-01,681,1,1,9,3,Enfermedad,8,Sí
6555,2024-10-30,701,1,4,7,1,Enfermedad,4,Sí
6556,2024-10-16,704,1,1,2,2,Permiso personal,8,Sí
6557,2024-10-03,707,1,5,22,3,Permiso personal,8,Sí
6558,2024-10-09,707,1,5,22,3,Enfermedad,8,Sí
6559,2024-10-29,707,1,5,22,3,Falta injustificada,8,No
6560,2024-10-11,716,1,4,8,3,Enfermedad,8,Sí
6561,2024-10-10,721,1,3,24,2,Enfermedad,8,Sí
6562,2024-10-23,721,1,3,24,2,Enfermedad,8,Sí
6563,2024-10-05,723,1,1,24,3,Enfermedad,4,Sí
6564,2024-10-25,723,1,1,24,3,Permiso personal,8,Sí
6565,2024-10-29,723,1,1,24,3,Enfermedad,8,Sí
6566,2024-10-26,725,1,4,18,1,Falta injustificada,8,No
6567,2024-10-31,725,1,4,18,1,Enfermedad,4,Sí
6568,2024-10-03,734,1,2,24,2,Permiso personal,8,Sí
6569,2024-10-22,734,1,2,24,2,Permiso personal,8,Sí
6570,2024-10-15,737,1,1,23,1,Enfermedad,8,Sí
6571,2024-10-29,744,1,5,24,3,Permiso personal,8,Sí
6572,2024-10-23,747,1,1,5,2,Enfermedad,8,Sí
6573,2024-10-07,755,1,1,4,1,Enfermedad,8,Sí
6574,2024-10-08,755,1,1,4,1,Permiso personal,8,Sí
6575,2024-10-16,756,1,3,22,3,Enfermedad,8,Sí
6576,2024-10-20,759,2,7,26,2,Enfermedad,8,Sí
6577,2024-10-31,759,2,7,26,2,Enfermedad,4,Sí
6578,2024-10-04,767,2,6,25,2,Falta injustificada,8,No
6579,2024-10-14,785,1,2,15,2,Falta injustificada,8,No
6580,2024-10-09,788,1,1,19,1,Enfermedad,8,Sí
6581,2024-10-15,790,1,1,8,1,Enfermedad,8,Sí
6582,2024-10-05,792,1,2,16,3,Enfermedad,8,Sí
6583,2024-10-22,792,1,2,16,3,Permiso personal,4,Sí
6584,2024-10-28,792,1,2,16,3,Enfermedad,4,Sí
6585,2024-10-28,806,1,1,14,1,Enfermedad,4,Sí
6586,2024-10-20,807,5,13,27,3,Enfermedad,8,Sí
6587,2024-10-18,809,1,2,1,2,Permiso personal,8,Sí
6588,2024-10-19,809,1,2,1,2,Permiso personal,8,Sí
6589,2024-10-09,816,4,12,27,2,Enfermedad,8,Sí
6590,2024-10-30,816,4,12,27,2,Enfermedad,8,Sí
6591,2024-10-24,823,1,3,5,2,Enfermedad,8,Sí
6592,2024-10-18,824,1,1,11,3,Enfermedad,8,Sí
6593,2024-10-31,826,1,1,15,3,Permiso personal,8,Sí
6594,2024-10-20,829,1,1,17,3,Falta injustificada,8,No
6595,2024-10-01,833,1,5,13,2,Permiso personal,8,Sí
6596,2024-10-14,836,5,13,27,3,Permiso personal,8,Sí
6597,2024-10-19,836,5,13,27,3,Enfermedad,8,Sí
6598,2024-10-01,838,1,1,6,3,Falta injustificada,4,No
6599,2024-10-16,838,1,1,6,3,Permiso personal,4,Sí
6600,2024-10-20,840,1,4,24,2,Enfermedad,8,Sí
6601,2024-10-13,842,1,5,11,3,Enfermedad,8,Sí
6602,2024-10-15,848,1,1,12,2,Enfermedad,4,Sí
6603,2024-10-16,852,1,2,18,3,Permiso personal,8,Sí
6604,2024-10-18,852,1,2,18,3,Permiso personal,4,Sí
6605,2024-10-17,853,1,1,11,3,Permiso personal,8,Sí
6606,2024-10-28,854,1,1,7,3,Enfermedad,8,Sí
6607,2024-10-22,862,1,2,4,3,Enfermedad,8,Sí
6608,2024-10-14,869,1,1,20,3,Enfermedad,4,Sí
6609,2024-10-12,870,1,2,5,1,Enfermedad,4,Sí
6610,2024-10-28,883,1,2,18,3,Enfermedad,8,Sí
6611,2024-10-22,889,1,1,21,2,Enfermedad,8,Sí
6612,2024-10-05,897,1,4,10,1,Enfermedad,8,Sí
6613,2024-11-11,2,2,7,25,4,Enfermedad,8,Sí
6614,2024-11-18,3,1,4,11,4,Enfermedad,4,Sí
6615,2024-11-28,3,1,4,11,4,Enfermedad,4,Sí
6616,2024-11-05,9,1,1,11,4,Enfermedad,4,Sí
6617,2024-11-09,9,1,1,11,4,Enfermedad,4,Sí
6618,2024-11-05,12,1,5,10,4,Enfermedad,8,Sí
6619,2024-11-08,12,1,5,10,4,Permiso personal,8,Sí
6620,2024-11-07,17,6,15,27,4,Enfermedad,8,Sí
6621,2024-11-03,22,1,5,18,4,Enfermedad,8,Sí
6622,2024-11-17,28,1,1,21,3,Enfermedad,4,Sí
6623,2024-11-20,28,1,1,21,3,Enfermedad,8,Sí
6624,2024-11-01,30,2,8,25,4,Enfermedad,8,Sí
6625,2024-11-03,30,2,8,25,4,Enfermedad,8,Sí
6626,2024-11-09,30,2,8,25,4,Permiso personal,4,Sí
6627,2024-11-26,37,3,9,27,4,Enfermedad,4,Sí
6628,2024-11-26,40,1,1,3,4,Enfermedad,4,Sí
6629,2024-11-05,44,1,1,23,3,Enfermedad,8,Sí
6630,2024-11-25,44,1,1,23,3,Enfermedad,8,Sí
6631,2024-11-07,46,1,4,14,3,Enfermedad,8,Sí
6632,2024-11-13,46,1,4,14,3,Enfermedad,8,Sí
6633,2024-11-29,46,1,4,14,3,Enfermedad,8,Sí
6634,2024-11-11,48,1,5,12,4,Permiso personal,8,Sí
6635,2024-11-04,49,1,3,19,4,Permiso personal,4,Sí
6636,2024-11-05,49,1,3,19,4,Enfermedad,8,Sí
6637,2024-11-18,49,1,3,19,4,Enfermedad,8,Sí
6638,2024-11-30,51,1,2,11,4,Enfermedad,4,Sí
6639,2024-11-07,53,1,5,11,4,Enfermedad,4,Sí
6640,2024-11-03,58,1,3,10,4,Enfermedad,8,Sí
6641,2024-11-10,58,1,3,10,4,Enfermedad,8,Sí
6642,2024-11-25,65,1,3,20,4,Falta injustificada,4,No
6643,2024-11-03,66,1,5,7,4,Enfermedad,8,Sí
6644,2024-11-07,66,1,5,7,4,Enfermedad,8,Sí
6645,2024-11-08,66,1,5,7,4,Enfermedad,8,Sí
6646,2024-11-14,66,1,5,7,4,Enfermedad,8,Sí
6647,2024-11-07,70,2,6,26,4,Falta injustificada,4,No
6648,2024-11-11,70,2,6,26,4,Enfermedad,8,Sí
6649,2024-11-13,70,2,6,26,4,Permiso personal,4,Sí
6650,2024-11-08,72,1,1,21,4,Enfermedad,4,Sí
6651,2024-11-30,72,1,1,21,4,Permiso personal,8,Sí
6652,2024-11-13,77,2,6,25,4,Enfermedad,8,Sí
6653,2024-11-19,83,1,1,21,3,Enfermedad,8,Sí
6654,2024-11-07,84,1,3,9,4,Enfermedad,8,Sí
6655,2024-11-18,84,1,3,9,4,Enfermedad,8,Sí
6656,2024-11-05,90,2,6,26,4,Enfermedad,8,Sí
6657,2024-11-20,90,2,6,26,4,Permiso personal,8,Sí
6658,2024-11-20,96,1,1,12,4,Enfermedad,8,Sí
6659,2024-11-27,96,1,1,12,4,Enfermedad,8,Sí
6660,2024-11-11,97,1,3,3,4,Enfermedad,8,Sí
6661,2024-11-29,97,1,3,3,4,Enfermedad,8,Sí
6662,2024-11-20,99,1,2,5,4,Enfermedad,4,Sí
6663,2024-11-01,100,1,4,23,3,Enfermedad,8,Sí
6664,2024-11-02,108,1,2,17,4,Enfermedad,4,Sí
6665,2024-11-17,121,1,3,20,4,Enfermedad,8,Sí
6666,2024-11-24,121,1,3,20,4,Enfermedad,8,Sí
6667,2024-11-30,121,1,3,20,4,Permiso personal,4,Sí
6668,2024-11-11,122,1,2,21,4,Enfermedad,8,Sí
6669,2024-11-22,122,1,2,21,4,Enfermedad,8,Sí
6670,2024-11-06,124,1,1,15,4,Enfermedad,4,Sí
6671,2024-11-14,124,1,1,15,4,Enfermedad,8,Sí
6672,2024-11-29,124,1,1,15,4,Enfermedad,8,Sí
6673,2024-11-26,138,1,4,7,3,Enfermedad,8,Sí
6674,2024-11-27,138,1,4,7,3,Enfermedad,8,Sí
6675,2024-11-22,145,1,2,1,4,Permiso personal,8,Sí
6676,2024-11-07,152,1,1,20,3,Falta injustificada,8,No
6677,2024-11-02,155,2,6,26,4,Enfermedad,8,Sí
6678,2024-11-20,158,1,4,23,3,Permiso personal,4,Sí
6679,2024-11-29,160,1,3,19,4,Enfermedad,4,Sí
6680,2024-11-02,163,1,5,22,4,Permiso personal,8,Sí
6681,2024-11-21,165,1,2,3,4,Enfermedad,8,Sí
6682,2024-11-06,167,1,3,22,4,Enfermedad,8,Sí
6683,2024-11-08,167,1,3,22,4,Falta injustificada,8,No
6684,2024-11-26,167,1,3,22,4,Falta injustificada,8,No
6685,2024-11-25,168,1,3,6,4,Enfermedad,4,Sí
6686,2024-11-02,169,1,1,7,4,Permiso personal,4,Sí
6687,2024-11-13,176,1,1,6,3,Enfermedad,8,Sí
6688,2024-11-28,186,1,1,11,4,Falta injustificada,8,No
6689,2024-11-16,190,6,16,27,4,Permiso personal,4,Sí
6690,2024-11-22,191,1,3,7,4,Enfermedad,8,Sí
6691,2024-11-09,192,1,1,2,4,Enfermedad,4,Sí
6692,2024-11-09,193,1,4,21,4,Permiso personal,8,Sí
6693,2024-11-13,193,1,4,21,4,Enfermedad,8,Sí
6694,2024-11-02,194,1,1,11,4,Enfermedad,8,Sí
6695,2024-11-17,199,6,15,27,4,Enfermedad,4,Sí
6696,2024-11-03,205,1,1,12,3,Enfermedad,8,Sí
6697,2024-11-06,208,2,6,25,4,Permiso personal,8,Sí
6698,2024-11-02,212,1,2,12,4,Enfermedad,4,Sí
6699,2024-11-30,214,1,4,4,4,Enfermedad,4,Sí
6700,2024-11-21,216,1,4,20,3,Enfermedad,8,Sí
6701,2024-11-28,216,1,4,20,3,Enfermedad,4,Sí
6702,2024-11-24,221,1,2,11,4,Enfermedad,8,Sí
6703,2024-11-08,222,1,2,4,4,Enfermedad,4,Sí
6704,2024-11-07,224,5,14,27,3,Enfermedad,8,Sí
6705,2024-11-01,227,1,1,9,4,Falta injustificada,8,No
6706,2024-11-17,233,2,6,25,4,Permiso personal,4,Sí
6707,2024-11-10,238,1,1,12,4,Enfermedad,8,Sí
6708,2024-11-24,238,1,1,12,4,Enfermedad,4,Sí
6709,2024-11-04,239,1,3,8,4,Enfermedad,8,Sí
6710,2024-11-16,239,1,3,8,4,Enfermedad,8,Sí
6711,2024-11-16,241,1,1,14,3,Permiso personal,8,Sí
6712,2024-11-14,243,1,5,12,4,Enfermedad,4,Sí
6713,2024-11-05,245,1,1,5,3,Permiso personal,8,Sí
6714,2024-11-07,245,1,1,5,3,Enfermedad,4,Sí
6715,2024-11-27,245,1,1,5,3,Permiso personal,4,Sí
6716,2024-11-18,246,1,3,19,3,Enfermedad,4,Sí
6717,2024-11-15,248,1,4,2,4,Enfermedad,4,Sí
6718,2024-11-20,252,1,2,21,4,Enfermedad,8,Sí
6719,2024-11-06,256,1,4,21,4,Falta injustificada,8,No
6720,2024-11-26,259,1,3,8,4,Permiso personal,4,Sí
6721,2024-11-05,266,1,2,18,4,Falta injustificada,8,No
6722,2024-11-03,269,1,1,8,4,Permiso personal,8,Sí
6723,2024-11-02,275,1,4,15,4,Permiso personal,8,Sí
6724,2024-11-26,275,1,4,15,4,Enfermedad,4,Sí
6725,2024-11-22,276,1,2,24,3,Permiso personal,8,Sí
6726,2024-11-25,276,1,2,24,3,Permiso personal,8,Sí
6727,2024-11-15,278,1,1,5,3,Enfermedad,8,Sí
6728,2024-11-20,279,1,4,10,3,Enfermedad,8,Sí
6729,2024-11-26,280,1,4,13,3,Enfermedad,8,Sí
6730,2024-11-24,282,1,1,20,3,Falta injustificada,8,No
6731,2024-11-29,282,1,1,20,3,Permiso personal,8,Sí
6732,2024-11-02,290,1,3,3,4,Enfermedad,8,Sí
6733,2024-11-11,290,1,3,3,4,Enfermedad,8,Sí
6734,2024-11-09,291,1,2,2,4,Enfermedad,8,Sí
6735,2024-11-16,297,1,5,5,4,Enfermedad,8,Sí
6736,2024-11-15,299,2,6,25,3,Enfermedad,8,Sí
6737,2024-11-27,300,5,13,27,4,Permiso personal,8,Sí
6738,2024-11-04,303,1,1,24,3,Permiso personal,8,Sí
6739,2024-11-17,304,1,3,7,4,Enfermedad,4,Sí
6740,2024-11-07,306,1,4,4,3,Permiso personal,8,Sí
6741,2024-11-15,306,1,4,4,3,Enfermedad,8,Sí
6742,2024-11-03,310,1,2,21,4,Permiso personal,8,Sí
6743,2024-11-24,310,1,2,21,4,Enfermedad,8,Sí
6744,2024-11-12,320,1,4,10,3,Enfermedad,8,Sí
6745,2024-11-03,324,1,1,15,4,Permiso personal,8,Sí
6746,2024-11-23,324,1,1,15,4,Falta injustificada,4,No
6747,2024-11-29,324,1,1,15,4,Enfermedad,4,Sí
6748,2024-11-01,326,1,1,15,4,Permiso personal,4,Sí
6749,2024-11-01,327,3,9,27,4,Enfermedad,8,Sí
6750,2024-11-02,327,3,9,27,4,Enfermedad,8,Sí
6751,2024-11-14,327,3,9,27,4,Enfermedad,8,Sí
6752,2024-11-15,327,3,9,27,4,Permiso personal,8,Sí
6753,2024-11-20,329,2,6,26,4,Enfermedad,8,Sí
6754,2024-11-21,332,1,5,23,4,Enfermedad,4,Sí
6755,2024-11-10,333,5,14,27,4,Enfermedad,4,Sí
6756,2024-11-27,333,5,14,27,4,Permiso personal,8,Sí
6757,2024-11-14,335,1,5,23,4,Permiso personal,8,Sí
6758,2024-11-22,340,5,13,27,4,Enfermedad,8,Sí
6759,2024-11-06,341,1,1,7,4,Enfermedad,8,Sí
6760,2024-11-15,341,1,1,7,4,Enfermedad,4,Sí
6761,2024-11-21,343,1,1,15,3,Enfermedad,8,Sí
6762,2024-11-25,343,1,1,15,3,Enfermedad,4,Sí
6763,2024-11-09,344,1,1,24,4,Enfermedad,8,Sí
6764,2024-11-01,348,1,4,13,4,Enfermedad,8,Sí
6765,2024-11-06,354,1,1,1,2,Enfermedad,8,Sí
6766,2024-11-20,355,1,5,2,3,Enfermedad,8,Sí
6767,2024-11-27,355,1,5,2,3,Enfermedad,4,Sí
6768,2024-11-16,360,1,2,23,3,Falta injustificada,8,No
6769,2024-11-17,360,1,2,23,3,Enfermedad,8,Sí
6770,2024-11-26,364,1,5,2,2,Enfermedad,8,Sí
6771,2024-11-27,370,2,6,26,1,Enfermedad,8,Sí
6772,2024-11-28,370,2,6,26,1,Enfermedad,8,Sí
6773,2024-11-03,374,1,4,3,2,Enfermedad,4,Sí
6774,2024-11-16,374,1,4,3,2,Enfermedad,4,Sí
6775,2024-11-01,376,3,10,27,3,Enfermedad,8,Sí
6776,2024-11-13,376,3,10,27,3,Enfermedad,4,Sí
6777,2024-11-14,376,3,10,27,3,Enfermedad,8,Sí
6778,2024-11-11,379,6,16,27,2,Enfermedad,4,Sí
6779,2024-11-29,380,1,1,5,3,Permiso personal,8,Sí
6780,2024-11-04,381,1,2,17,2,Enfermedad,8,Sí
6781,2024-11-01,384,2,6,25,3,Enfermedad,4,Sí
6782,2024-11-29,387,1,5,18,3,Enfermedad,8,Sí
6783,2024-11-29,390,1,4,12,2,Permiso personal,4,Sí
6784,2024-11-02,394,1,3,4,2,Enfermedad,8,Sí
6785,2024-11-11,394,1,3,4,2,Enfermedad,8,Sí
6786,2024-11-23,394,1,3,4,2,Enfermedad,4,Sí
6787,2024-11-02,397,1,3,7,3,Enfermedad,8,Sí
6788,2024-11-07,397,1,3,7,3,Permiso personal,4,Sí
6789,2024-11-11,402,1,4,10,2,Enfermedad,8,Sí
6790,2024-11-08,408,1,2,13,2,Falta injustificada,8,No
6791,2024-11-30,408,1,2,13,2,Falta injustificada,4,No
6792,2024-11-15,412,3,10,27,3,Permiso personal,8,Sí
6793,2024-11-29,412,3,10,27,3,Enfermedad,4,Sí
6794,2024-11-14,416,1,1,8,2,Enfermedad,8,Sí
6795,2024-11-18,421,1,1,13,2,Permiso personal,8,Sí
6796,2024-11-09,425,1,1,7,1,Enfermedad,8,Sí
6797,2024-11-19,428,1,2,15,3,Falta injustificada,4,No
6798,2024-11-03,429,1,1,13,2,Enfermedad,8,Sí
6799,2024-11-10,434,1,1,15,2,Permiso personal,8,Sí
6800,2024-11-17,434,1,1,15,2,Permiso personal,8,Sí
6801,2024-11-27,435,1,4,7,2,Enfermedad,8,Sí
6802,2024-11-28,441,1,4,7,2,Enfermedad,8,Sí
6803,2024-11-11,457,1,5,9,3,Permiso personal,4,Sí
6804,2024-11-22,457,1,5,9,3,Falta injustificada,8,No
6805,2024-11-07,472,1,1,9,3,Enfermedad,8,Sí
6806,2024-11-04,475,3,9,27,3,Enfermedad,4,Sí
6807,2024-11-19,476,6,15,27,2,Enfermedad,8,Sí
6808,2024-11-01,479,1,1,5,3,Enfermedad,4,Sí
6809,2024-11-07,486,1,4,18,3,Permiso personal,8,Sí
6810,2024-11-07,496,1,5,5,3,Permiso personal,8,Sí
6811,2024-11-17,498,1,1,18,2,Enfermedad,4,Sí
6812,2024-11-24,498,1,1,18,2,Falta injustificada,8,No
6813,2024-11-22,502,1,1,4,2,Enfermedad,8,Sí
6814,2024-11-29,502,1,1,4,2,Permiso personal,8,Sí
6815,2024-11-04,510,5,14,27,3,Permiso personal,8,Sí
6816,2024-11-19,510,5,14,27,3,Enfermedad,4,Sí
6817,2024-11-29,510,5,14,27,3,Enfermedad,4,Sí
6818,2024-11-19,524,6,15,27,2,Enfermedad,8,Sí
6819,2024-11-20,525,1,2,5,2,Enfermedad,8,Sí
6820,2024-11-04,534,1,2,22,3,Enfermedad,4,Sí
6821,2024-11-09,536,1,1,21,3,Enfermedad,8,Sí
6822,2024-11-02,537,2,8,25,2,Enfermedad,8,Sí
6823,2024-11-20,537,2,8,25,2,Enfermedad,8,Sí
6824,2024-11-26,544,2,6,26,2,Permiso personal,4,Sí
6825,2024-11-11,553,1,4,3,3,Falta injustificada,4,No
6826,2024-11-01,556,1,1,7,2,Permiso personal,4,Sí
6827,2024-11-10,556,1,1,7,2,Enfermedad,8,Sí
6828,2024-11-20,564,2,6,26,1,Enfermedad,8,Sí
6829,2024-11-13,566,6,15,27,3,Enfermedad,8,Sí
6830,2024-11-18,566,6,15,27,3,Enfermedad,8,Sí
6831,2024-11-25,567,1,3,12,3,Enfermedad,4,Sí
6832,2024-11-09,569,3,10,27,2,Enfermedad,8,Sí
6833,2024-11-04,573,1,3,15,3,Enfermedad,8,Sí
6834,2024-11-23,583,1,3,12,2,Enfermedad,4,Sí
6835,2024-11-27,589,1,1,4,3,Enfermedad,8,Sí
6836,2024-11-07,595,2,6,25,1,Falta injustificada,8,No
6837,2024-11-11,605,1,4,16,3,Enfermedad,8,Sí
6838,2024-11-15,605,1,4,16,3,Enfermedad,4,Sí
6839,2024-11-22,605,1,4,16,3,Permiso personal,4,Sí
6840,2024-11-24,605,1,4,16,3,Falta injustificada,8,No
6841,2024-11-14,609,1,3,16,2,Permiso personal,4,Sí
6842,2024-11-17,617,1,1,24,3,Permiso personal,8,Sí
6843,2024-11-24,617,1,1,24,3,Enfermedad,4,Sí
6844,2024-11-14,626,2,6,25,3,Permiso personal,8,Sí
6845,2024-11-26,638,1,5,24,2,Enfermedad,8,Sí
6846,2024-11-04,643,1,5,21,3,Enfermedad,8,Sí
6847,2024-11-19,643,1,5,21,3,Enfermedad,8,Sí
6848,2024-11-02,645,1,5,2,3,Enfermedad,8,Sí
6849,2024-11-11,645,1,5,2,3,Enfermedad,8,Sí
6850,2024-11-27,645,1,5,2,3,Enfermedad,8,Sí
6851,2024-11-08,648,1,5,12,3,Enfermedad,4,Sí
6852,2024-11-13,649,1,2,6,2,Falta injustificada,8,No
6853,2024-11-27,652,1,1,10,1,Enfermedad,4,Sí
6854,2024-11-10,661,1,2,16,2,Enfermedad,8,Sí
6855,2024-11-15,661,1,2,16,2,Falta injustificada,8,No
6856,2024-11-04,668,1,1,19,3,Permiso personal,4,Sí
6857,2024-11-07,668,1,1,19,3,Enfermedad,4,Sí
6858,2024-11-08,668,1,1,19,3,Enfermedad,4,Sí
6859,2024-11-04,673,1,5,20,2,Falta injustificada,8,No
6860,2024-11-21,698,1,1,5,1,Enfermedad,8,Sí
6861,2024-11-09,701,1,4,7,1,Falta injustificada,8,No
6862,2024-11-26,701,1,4,7,1,Falta injustificada,4,No
6863,2024-11-15,704,1,1,2,2,Permiso personal,8,Sí
6864,2024-11-30,704,1,1,2,2,Enfermedad,8,Sí
6865,2024-11-03,707,1,5,22,3,Enfermedad,4,Sí
6866,2024-11-24,707,1,5,22,3,Enfermedad,8,Sí
6867,2024-11-11,708,4,12,27,3,Enfermedad,8,Sí
6868,2024-11-24,716,1,4,8,3,Falta injustificada,8,No
6869,2024-11-25,716,1,4,8,3,Falta injustificada,8,No
6870,2024-11-02,717,2,7,25,3,Permiso personal,4,Sí
6871,2024-11-08,717,2,7,25,3,Enfermedad,8,Sí
6872,2024-11-09,717,2,7,25,3,Enfermedad,8,Sí
6873,2024-11-25,717,2,7,25,3,Permiso personal,8,Sí
6874,2024-11-28,717,2,7,25,3,Enfermedad,4,Sí
6875,2024-11-12,721,1,3,24,2,Enfermedad,8,Sí
6876,2024-11-06,734,1,2,24,2,Enfermedad,8,Sí
6877,2024-11-25,734,1,2,24,2,Enfermedad,8,Sí
6878,2024-11-17,744,1,5,24,3,Permiso personal,8,Sí
6879,2024-11-29,747,1,1,5,2,Permiso personal,8,Sí
6880,2024-11-13,767,2,6,25,3,Enfermedad,8,Sí
6881,2024-11-25,780,1,1,8,3,Falta injustificada,4,No
6882,2024-11-16,782,1,1,10,2,Enfermedad,4,Sí
6883,2024-11-08,790,1,1,8,1,Enfermedad,8,Sí
6884,2024-11-26,792,1,2,16,3,Permiso personal,8,Sí
6885,2024-11-09,799,1,2,13,1,Enfermedad,8,Sí
6886,2024-11-01,801,1,2,9,2,Permiso personal,8,Sí
6887,2024-11-21,803,1,2,8,2,Permiso personal,8,Sí
6888,2024-11-21,809,1,2,1,2,Enfermedad,8,Sí
6889,2024-11-20,812,1,4,4,3,Enfermedad,8,Sí
6890,2024-11-15,816,4,12,27,3,Enfermedad,4,Sí
6891,2024-11-16,822,1,1,18,1,Enfermedad,8,Sí
6892,2024-11-22,822,1,1,18,1,Enfermedad,8,Sí
6893,2024-11-23,822,1,1,18,1,Enfermedad,8,Sí
6894,2024-11-14,823,1,3,5,2,Enfermedad,8,Sí
6895,2024-11-15,824,1,1,11,3,Falta injustificada,8,No
6896,2024-11-21,824,1,1,11,3,Permiso personal,8,Sí
6897,2024-11-21,826,1,1,15,3,Enfermedad,8,Sí
6898,2024-11-11,829,1,1,17,3,Enfermedad,8,Sí
6899,2024-11-29,829,1,1,17,3,Enfermedad,8,Sí
6900,2024-11-15,836,5,13,27,3,Falta injustificada,8,No
6901,2024-11-16,836,5,13,27,3,Falta injustificada,8,No
6902,2024-11-02,838,1,1,6,3,Enfermedad,8,Sí
6903,2024-11-16,838,1,1,6,3,Enfermedad,8,Sí
6904,2024-11-22,838,1,1,6,3,Enfermedad,8,Sí
6905,2024-11-30,848,1,1,12,2,Enfermedad,8,Sí
6906,2024-11-03,850,1,3,22,1,Enfermedad,8,Sí
6907,2024-11-15,850,1,3,22,1,Falta injustificada,8,No
6908,2024-11-09,852,1,2,18,3,Enfermedad,8,Sí
6909,2024-11-07,854,1,1,7,3,Permiso personal,8,Sí
6910,2024-11-17,854,1,1,7,3,Enfermedad,4,Sí
6911,2024-11-25,854,1,1,7,3,Enfermedad,8,Sí
6912,2024-11-28,854,1,1,7,3,Falta injustificada,8,No
6913,2024-11-10,862,1,2,4,3,Falta injustificada,4,No
6914,2024-11-27,869,1,1,20,3,Enfermedad,4,Sí
6915,2024-11-05,874,1,3,11,3,Falta injustificada,8,No
6916,2024-11-07,874,1,3,11,3,Enfermedad,4,Sí
6917,2024-11-17,883,1,2,18,3,Enfermedad,4,Sí
6918,2024-11-08,887,1,2,10,3,Enfermedad,4,Sí
6919,2024-11-14,887,1,2,10,3,Permiso personal,8,Sí
6920,2024-11-10,889,1,1,21,2,Permiso personal,8,Sí
6921,2024-11-13,889,1,1,21,2,Falta injustificada,4,No
6922,2024-11-06,890,1,4,22,3,Permiso personal,4,Sí
6923,2024-11-30,890,1,4,22,3,Falta injustificada,8,No
6924,2024-11-07,895,1,3,15,3,Enfermedad,8,Sí
6925,2024-11-20,895,1,3,15,3,Permiso personal,8,Sí
6926,2024-11-12,896,1,2,11,3,Enfermedad,4,Sí
6927,2024-12-14,3,1,4,11,4,Permiso personal,8,Sí
6928,2024-12-28,3,1,4,11,4,Enfermedad,8,Sí
6929,2024-12-02,8,2,8,25,3,Enfermedad,8,Sí
6930,2024-12-20,9,1,1,11,4,Enfermedad,4,Sí
6931,2024-12-04,14,1,4,19,4,Permiso personal,8,Sí
6932,2024-12-16,14,1,4,19,4,Enfermedad,8,Sí
6933,2024-12-07,17,6,15,27,4,Permiso personal,8,Sí
6934,2024-12-08,18,4,11,27,3,Falta injustificada,8,No
6935,2024-12-15,22,1,5,18,4,Enfermedad,8,Sí
6936,2024-12-04,26,1,1,14,4,Falta injustificada,8,No
6937,2024-12-19,27,1,4,22,4,Enfermedad,8,Sí
6938,2024-12-27,27,1,4,22,4,Enfermedad,8,Sí
6939,2024-12-11,28,1,1,21,3,Enfermedad,8,Sí
6940,2024-12-10,29,1,1,9,4,Enfermedad,8,Sí
6941,2024-12-17,29,1,1,9,4,Enfermedad,4,Sí
6942,2024-12-21,29,1,1,9,4,Enfermedad,8,Sí
6943,2024-12-02,37,3,9,27,4,Permiso personal,8,Sí
6944,2024-12-23,37,3,9,27,4,Enfermedad,8,Sí
6945,2024-12-24,37,3,9,27,4,Enfermedad,8,Sí
6946,2024-12-06,38,1,3,22,4,Enfermedad,8,Sí
6947,2024-12-06,44,1,1,23,4,Enfermedad,4,Sí
6948,2024-12-15,44,1,1,23,4,Enfermedad,8,Sí
6949,2024-12-14,51,1,2,11,4,Enfermedad,4,Sí
6950,2024-12-17,51,1,2,11,4,Enfermedad,8,Sí
6951,2024-12-08,70,2,6,26,4,Enfermedad,4,Sí
6952,2024-12-25,70,2,6,26,4,Permiso personal,8,Sí
6953,2024-12-20,72,1,1,21,4,Permiso personal,4,Sí
6954,2024-12-23,72,1,1,21,4,Enfermedad,8,Sí
6955,2024-12-22,73,1,2,9,4,Enfermedad,4,Sí
6956,2024-12-19,74,1,1,21,4,Permiso personal,8,Sí
6957,2024-12-26,75,1,5,18,3,Enfermedad,8,Sí
6958,2024-12-05,77,2,6,25,4,Enfermedad,8,Sí
6959,2024-12-22,77,2,6,25,4,Permiso personal,4,Sí
6960,2024-12-30,77,2,6,25,4,Falta injustificada,4,No
6961,2024-12-25,78,3,9,27,4,Enfermedad,4,Sí
6962,2024-12-27,83,1,1,21,3,Enfermedad,8,Sí
6963,2024-12-15,84,1,3,9,4,Permiso personal,8,Sí
6964,2024-12-26,89,1,4,19,4,Enfermedad,4,Sí
6965,2024-12-28,89,1,4,19,4,Enfermedad,8,Sí
6966,2024-12-31,89,1,4,19,4,Enfermedad,8,Sí
6967,2024-12-24,93,1,4,14,4,Permiso personal,8,Sí
6968,2024-12-18,96,1,1,12,4,Permiso personal,8,Sí
6969,2024-12-01,98,1,3,18,4,Permiso personal,8,Sí
6970,2024-12-03,100,1,4,23,3,Enfermedad,4,Sí
6971,2024-12-24,100,1,4,23,3,Enfermedad,8,Sí
6972,2024-12-31,100,1,4,23,3,Enfermedad,8,Sí
6973,2024-12-08,102,1,1,14,4,Permiso personal,8,Sí
6974,2024-12-05,103,1,2,23,4,Enfermedad,4,Sí
6975,2024-12-21,106,1,4,6,4,Enfermedad,8,Sí
6976,2024-12-28,110,1,3,8,4,Enfermedad,4,Sí
6977,2024-12-11,112,1,1,9,4,Enfermedad,8,Sí
6978,2024-12-10,118,1,4,15,3,Enfermedad,8,Sí
6979,2024-12-11,118,1,4,15,3,Enfermedad,8,Sí
6980,2024-12-24,119,1,5,4,3,Falta injustificada,4,No
6981,2024-12-19,122,1,2,21,4,Permiso personal,8,Sí
6982,2024-12-25,123,1,4,17,4,Enfermedad,8,Sí
6983,2024-12-28,123,1,4,17,4,Permiso personal,8,Sí
6984,2024-12-06,124,1,1,15,4,Permiso personal,4,Sí
6985,2024-12-11,124,1,1,15,4,Falta injustificada,4,No
6986,2024-12-02,128,1,2,2,4,Falta injustificada,4,No
6987,2024-12-28,128,1,2,2,4,Permiso personal,8,Sí
6988,2024-12-05,129,1,1,21,4,Enfermedad,8,Sí
6989,2024-12-21,129,1,1,21,4,Enfermedad,8,Sí
6990,2024-12-01,130,1,5,5,4,Enfermedad,4,Sí
6991,2024-12-21,130,1,5,5,4,Permiso personal,4,Sí
6992,2024-12-20,131,1,5,5,3,Enfermedad,8,Sí
6993,2024-12-21,131,1,5,5,3,Enfermedad,8,Sí
6994,2024-12-27,131,1,5,5,3,Enfermedad,8,Sí
6995,2024-12-11,132,1,1,5,4,Falta injustificada,8,No
6996,2024-12-11,137,1,1,8,4,Enfermedad,8,Sí
6997,2024-12-19,138,1,4,7,3,Enfermedad,8,Sí
6998,2024-12-19,139,1,5,11,3,Permiso personal,8,Sí
6999,2024-12-31,139,1,5,11,3,Enfermedad,8,Sí
7000,2024-12-12,140,1,1,22,4,Enfermedad,8,Sí
7001,2024-12-08,142,1,2,8,3,Permiso personal,8,Sí
7002,2024-12-19,145,1,2,1,4,Permiso personal,8,Sí
7003,2024-12-04,152,1,1,20,3,Permiso personal,8,Sí
7004,2024-12-09,161,1,3,22,4,Enfermedad,8,Sí
7005,2024-12-31,163,1,5,22,4,Falta injustificada,8,No
7006,2024-12-08,165,1,2,3,4,Permiso personal,4,Sí
7007,2024-12-02,167,1,3,22,4,Enfermedad,8,Sí
7008,2024-12-03,168,1,3,6,4,Permiso personal,8,Sí
7009,2024-12-22,168,1,3,6,4,Falta injustificada,4,No
7010,2024-12-23,168,1,3,6,4,Enfermedad,8,Sí
7011,2024-12-02,169,1,1,7,4,Permiso personal,8,Sí
7012,2024-12-23,171,1,4,4,4,Enfermedad,4,Sí
7013,2024-12-15,176,1,1,6,3,Permiso personal,4,Sí
7014,2024-12-25,181,1,1,9,4,Enfermedad,8,Sí
7015,2024-12-27,181,1,1,9,4,Enfermedad,8,Sí
7016,2024-12-08,184,1,1,11,4,Permiso personal,4,Sí
7017,2024-12-23,184,1,1,11,4,Enfermedad,8,Sí
7018,2024-12-03,188,1,4,1,4,Permiso personal,8,Sí
7019,2024-12-01,191,1,3,7,4,Enfermedad,8,Sí
7020,2024-12-14,192,1,1,2,4,Enfermedad,8,Sí
7021,2024-12-20,198,1,1,23,3,Enfermedad,8,Sí
7022,2024-12-06,199,6,15,27,4,Enfermedad,4,Sí
7023,2024-12-26,199,6,15,27,4,Enfermedad,8,Sí
7024,2024-12-01,203,4,12,27,3,Permiso personal,4,Sí
7025,2024-12-12,203,4,12,27,3,Enfermedad,8,Sí
7026,2024-12-31,205,1,1,12,3,Enfermedad,8,Sí
7027,2024-12-08,207,1,1,3,4,Permiso personal,4,Sí
7028,2024-12-27,208,2,6,25,4,Enfermedad,4,Sí
7029,2024-12-09,212,1,2,12,4,Enfermedad,8,Sí
7030,2024-12-21,212,1,2,12,4,Permiso personal,8,Sí
7031,2024-12-31,212,1,2,12,4,Permiso personal,8,Sí
7032,2024-12-24,216,1,4,20,3,Permiso personal,8,Sí
7033,2024-12-06,222,1,2,4,4,Enfermedad,8,Sí
7034,2024-12-25,222,1,2,4,4,Falta injustificada,8,No
7035,2024-12-10,225,1,2,2,4,Enfermedad,8,Sí
7036,2024-12-22,226,1,1,23,3,Enfermedad,8,Sí
7037,2024-12-23,226,1,1,23,3,Enfermedad,8,Sí
7038,2024-12-24,226,1,1,23,3,Enfermedad,4,Sí
7039,2024-12-05,227,1,1,9,4,Permiso personal,4,Sí
7040,2024-12-20,229,2,8,25,4,Permiso personal,8,Sí
7041,2024-12-24,233,2,6,25,4,Enfermedad,8,Sí
7042,2024-12-20,235,1,3,17,3,Permiso personal,4,Sí
7043,2024-12-07,241,1,1,14,3,Enfermedad,8,Sí
7044,2024-12-20,241,1,1,14,3,Permiso personal,8,Sí
7045,2024-12-22,241,1,1,14,3,Enfermedad,8,Sí
7046,2024-12-24,245,1,1,5,3,Enfermedad,8,Sí
7047,2024-12-17,247,1,5,17,4,Permiso personal,4,Sí
7048,2024-12-14,248,1,4,2,4,Falta injustificada,8,No
7049,2024-12-05,252,1,2,21,4,Enfermedad,8,Sí
7050,2024-12-23,252,1,2,21,4,Enfermedad,8,Sí
7051,2024-12-15,255,1,1,21,4,Falta injustificada,8,No
7052,2024-12-06,256,1,4,21,4,Enfermedad,8,Sí
7053,2024-12-07,256,1,4,21,4,Enfermedad,4,Sí
7054,2024-12-25,258,1,4,23,4,Enfermedad,8,Sí
7055,2024-12-31,258,1,4,23,4,Permiso personal,8,Sí
7056,2024-12-18,259,1,3,8,4,Enfermedad,8,Sí
7057,2024-12-01,267,1,5,13,4,Enfermedad,8,Sí
7058,2024-12-17,267,1,5,13,4,Permiso personal,8,Sí
7059,2024-12-22,276,1,2,24,3,Enfermedad,8,Sí
7060,2024-12-25,278,1,1,5,3,Enfermedad,4,Sí
7061,2024-12-31,280,1,4,13,3,Permiso personal,8,Sí
7062,2024-12-19,283,1,5,12,4,Enfermedad,8,Sí
7063,2024-12-15,289,1,3,1,4,Enfermedad,4,Sí
7064,2024-12-16,290,1,3,3,4,Enfermedad,8,Sí
7065,2024-12-20,292,2,6,26,4,Enfermedad,8,Sí
7066,2024-12-03,294,1,1,1,3,Enfermedad,8,Sí
7067,2024-12-11,295,1,5,18,4,Permiso personal,8,Sí
7068,2024-12-06,299,2,6,25,3,Enfermedad,8,Sí
7069,2024-12-04,301,1,5,1,4,Enfermedad,4,Sí
7070,2024-12-19,301,1,5,1,4,Enfermedad,4,Sí
7071,2024-12-24,301,1,5,1,4,Enfermedad,8,Sí
7072,2024-12-06,303,1,1,24,3,Enfermedad,8,Sí
7073,2024-12-13,303,1,1,24,3,Permiso personal,8,Sí
7074,2024-12-05,304,1,3,7,4,Enfermedad,4,Sí
7075,2024-12-13,307,1,5,2,3,Permiso personal,4,Sí
7076,2024-12-18,307,1,5,2,3,Enfermedad,8,Sí
7077,2024-12-31,309,1,4,9,4,Enfermedad,8,Sí
7078,2024-12-26,314,2,7,25,4,Enfermedad,4,Sí
7079,2024-12-26,322,6,16,27,3,Enfermedad,8,Sí
7080,2024-12-25,326,1,1,15,4,Enfermedad,8,Sí
7081,2024-12-19,327,3,9,27,4,Enfermedad,4,Sí
7082,2024-12-10,329,2,6,26,4,Enfermedad,8,Sí
7083,2024-12-23,329,2,6,26,4,Falta injustificada,8,No
7084,2024-12-30,329,2,6,26,4,Enfermedad,8,Sí
7085,2024-12-27,331,1,1,4,4,Permiso personal,8,Sí
7086,2024-12-30,332,1,5,23,4,Enfermedad,8,Sí
7087,2024-12-20,335,1,5,23,4,Permiso personal,4,Sí
7088,2024-12-19,340,5,13,27,4,Permiso personal,4,Sí
7089,2024-12-10,341,1,1,7,4,Enfermedad,8,Sí
7090,2024-12-02,345,1,2,7,4,Permiso personal,8,Sí
7091,2024-12-28,348,1,4,13,4,Enfermedad,8,Sí
7092,2024-12-09,351,1,1,11,2,Permiso personal,4,Sí
7093,2024-12-01,354,1,1,1,2,Enfermedad,8,Sí
7094,2024-12-11,354,1,1,1,2,Enfermedad,4,Sí
7095,2024-12-28,358,1,2,13,2,Falta injustificada,8,No
7096,2024-12-24,363,1,4,13,1,Enfermedad,8,Sí
7097,2024-12-16,370,2,6,26,1,Falta injustificada,8,No
7098,2024-12-06,374,1,4,3,2,Enfermedad,8,Sí
7099,2024-12-23,374,1,4,3,2,Enfermedad,8,Sí
7100,2024-12-19,376,3,10,27,3,Permiso personal,8,Sí
7101,2024-12-24,379,6,16,27,2,Enfermedad,8,Sí
7102,2024-12-12,389,1,3,6,3,Enfermedad,8,Sí
7103,2024-12-05,390,1,4,12,2,Enfermedad,4,Sí
7104,2024-12-11,390,1,4,12,2,Permiso personal,8,Sí
7105,2024-12-10,393,1,4,4,3,Enfermedad,8,Sí
7106,2024-12-15,393,1,4,4,3,Enfermedad,8,Sí
7107,2024-12-13,394,1,3,4,2,Enfermedad,4,Sí
7108,2024-12-14,394,1,3,4,2,Permiso personal,8,Sí
7109,2024-12-03,400,1,1,1,2,Enfermedad,8,Sí
7110,2024-12-23,400,1,1,1,2,Enfermedad,8,Sí
7111,2024-12-16,402,1,4,10,2,Permiso personal,8,Sí
7112,2024-12-11,404,1,5,10,2,Falta injustificada,4,No
7113,2024-12-08,408,1,2,13,2,Enfermedad,8,Sí
7114,2024-12-14,408,1,2,13,2,Falta injustificada,4,No
7115,2024-12-23,408,1,2,13,2,Enfermedad,8,Sí
7116,2024-12-14,410,1,1,21,1,Enfermedad,8,Sí
7117,2024-12-22,410,1,1,21,1,Permiso personal,4,Sí
7118,2024-12-14,414,1,2,19,1,Enfermedad,8,Sí
7119,2024-12-16,416,1,1,8,2,Permiso personal,8,Sí
7120,2024-12-27,416,1,1,8,2,Permiso personal,8,Sí
7121,2024-12-01,421,1,1,13,2,Enfermedad,8,Sí
7122,2024-12-11,424,1,1,24,2,Enfermedad,8,Sí
7123,2024-12-20,424,1,1,24,2,Enfermedad,8,Sí
7124,2024-12-03,428,1,2,15,3,Permiso personal,4,Sí
7125,2024-12-11,428,1,2,15,3,Permiso personal,8,Sí
7126,2024-12-28,428,1,2,15,3,Enfermedad,4,Sí
7127,2024-12-18,435,1,4,7,2,Enfermedad,4,Sí
7128,2024-12-18,440,2,6,25,3,Falta injustificada,4,No
7129,2024-12-22,449,1,3,24,3,Permiso personal,4,Sí
7130,2024-12-15,456,1,2,15,1,Enfermedad,4,Sí
7131,2024-12-01,457,1,5,9,3,Enfermedad,8,Sí
7132,2024-12-18,463,1,1,15,2,Enfermedad,8,Sí
7133,2024-12-20,471,1,2,2,2,Enfermedad,8,Sí
7134,2024-12-31,475,3,9,27,3,Enfermedad,4,Sí
7135,2024-12-01,476,6,15,27,2,Permiso personal,4,Sí
7136,2024-12-17,476,6,15,27,2,Enfermedad,4,Sí
7137,2024-12-03,478,6,15,27,1,Enfermedad,4,Sí
7138,2024-12-08,478,6,15,27,1,Permiso personal,8,Sí
7139,2024-12-07,479,1,1,5,3,Permiso personal,4,Sí
7140,2024-12-26,481,1,1,20,3,Enfermedad,8,Sí
7141,2024-12-30,486,1,4,18,3,Permiso personal,8,Sí
7142,2024-12-15,490,3,10,27,3,Enfermedad,4,Sí
7143,2024-12-27,494,1,2,3,2,Enfermedad,8,Sí
7144,2024-12-04,496,1,5,5,3,Enfermedad,8,Sí
7145,2024-12-23,503,1,3,16,2,Permiso personal,8,Sí
7146,2024-12-16,510,5,14,27,3,Permiso personal,8,Sí
7147,2024-12-05,524,6,15,27,3,Enfermedad,8,Sí
7148,2024-12-11,525,1,2,5,2,Enfermedad,4,Sí
7149,2024-12-18,540,1,3,14,3,Enfermedad,8,Sí
7150,2024-12-15,543,1,1,7,3,Enfermedad,4,Sí
7151,2024-12-29,543,1,1,7,3,Permiso personal,8,Sí
7152,2024-12-24,544,2,6,26,2,Enfermedad,8,Sí
7153,2024-12-13,549,1,1,23,2,Falta injustificada,8,No
7154,2024-12-22,561,1,1,15,1,Enfermedad,4,Sí
7155,2024-12-28,563,1,3,13,2,Enfermedad,4,Sí
7156,2024-12-12,564,2,6,26,1,Permiso personal,8,Sí
7157,2024-12-29,564,2,6,26,1,Permiso personal,8,Sí
7158,2024-12-26,567,1,3,12,3,Falta injustificada,4,No
7159,2024-12-22,574,1,3,22,2,Enfermedad,8,Sí
7160,2024-12-19,580,2,8,26,3,Falta injustificada,8,No
7161,2024-12-17,583,1,3,12,2,Permiso personal,4,Sí
7162,2024-12-12,586,1,1,23,3,Enfermedad,4,Sí
7163,2024-12-31,595,2,6,25,1,Enfermedad,4,Sí
7164,2024-12-17,609,1,3,16,2,Enfermedad,8,Sí
7165,2024-12-24,609,1,3,16,2,Enfermedad,8,Sí
7166,2024-12-23,610,1,5,19,1,Permiso personal,4,Sí
7167,2024-12-31,611,1,1,10,3,Enfermedad,8,Sí
7168,2024-12-13,622,1,2,8,3,Permiso personal,8,Sí
7169,2024-12-07,626,2,6,25,3,Enfermedad,8,Sí
7170,2024-12-08,626,2,6,25,3,Enfermedad,8,Sí
7171,2024-12-24,643,1,5,21,3,Permiso personal,4,Sí
7172,2024-12-13,647,1,1,5,2,Enfermedad,8,Sí
7173,2024-12-20,649,1,2,6,3,Enfermedad,8,Sí
7174,2024-12-23,651,1,4,10,3,Enfermedad,8,Sí
7175,2024-12-21,660,2,7,26,2,Enfermedad,8,Sí
7176,2024-12-28,661,1,2,16,2,Enfermedad,4,Sí
7177,2024-12-09,665,1,4,16,2,Enfermedad,4,Sí
7178,2024-12-31,665,1,4,16,2,Permiso personal,8,Sí
7179,2024-12-11,670,2,6,25,2,Enfermedad,8,Sí
7180,2024-12-02,673,1,5,20,2,Permiso personal,4,Sí
7181,2024-12-03,678,1,2,2,3,Enfermedad,4,Sí
7182,2024-12-12,698,1,1,5,1,Enfermedad,4,Sí
7183,2024-12-13,699,1,4,11,2,Enfermedad,8,Sí
7184,2024-12-16,699,1,4,11,2,Enfermedad,8,Sí
7185,2024-12-29,701,1,4,7,1,Permiso personal,8,Sí
7186,2024-12-02,707,1,5,22,3,Enfermedad,8,Sí
7187,2024-12-19,707,1,5,22,3,Enfermedad,8,Sí
7188,2024-12-11,708,4,12,27,3,Permiso personal,8,Sí
7189,2024-12-30,708,4,12,27,3,Falta injustificada,8,No
7190,2024-12-08,716,1,4,8,3,Enfermedad,8,Sí
7191,2024-12-02,717,2,7,25,3,Enfermedad,8,Sí
7192,2024-12-08,723,1,1,24,3,Enfermedad,4,Sí
7193,2024-12-24,723,1,1,24,3,Permiso personal,8,Sí
7194,2024-12-06,727,2,6,26,1,Enfermedad,8,Sí
7195,2024-12-20,727,2,6,26,1,Falta injustificada,8,No
7196,2024-12-03,733,1,3,20,3,Enfermedad,8,Sí
7197,2024-12-05,734,1,2,24,2,Enfermedad,8,Sí
7198,2024-12-20,744,1,5,24,3,Permiso personal,8,Sí
7199,2024-12-12,747,1,1,5,2,Enfermedad,8,Sí
7200,2024-12-10,755,1,1,4,2,Enfermedad,8,Sí
7201,2024-12-16,756,1,3,22,3,Enfermedad,4,Sí
7202,2024-12-14,780,1,1,8,3,Enfermedad,8,Sí
7203,2024-12-04,784,1,5,9,2,Enfermedad,8,Sí
7204,2024-12-30,785,1,2,15,2,Enfermedad,8,Sí
7205,2024-12-30,790,1,1,8,1,Enfermedad,4,Sí
7206,2024-12-10,803,1,2,8,2,Enfermedad,8,Sí
7207,2024-12-18,805,1,1,3,2,Enfermedad,8,Sí
7208,2024-12-02,806,1,1,14,2,Permiso personal,4,Sí
7209,2024-12-23,806,1,1,14,2,Permiso personal,4,Sí
7210,2024-12-13,809,1,2,1,2,Permiso personal,8,Sí
7211,2024-12-19,812,1,4,4,3,Enfermedad,4,Sí
7212,2024-12-24,812,1,4,4,3,Enfermedad,8,Sí
7213,2024-12-07,820,1,5,6,2,Permiso personal,8,Sí
7214,2024-12-19,823,1,3,5,3,Enfermedad,8,Sí
7215,2024-12-26,826,1,1,15,3,Falta injustificada,8,No
7216,2024-12-07,836,5,13,27,3,Permiso personal,4,Sí
7217,2024-12-30,836,5,13,27,3,Permiso personal,8,Sí
7218,2024-12-24,840,1,4,24,3,Enfermedad,8,Sí
7219,2024-12-02,843,3,10,27,1,Enfermedad,8,Sí
7220,2024-12-10,846,1,1,2,2,Enfermedad,8,Sí
7221,2024-12-01,849,1,5,2,3,Enfermedad,4,Sí
7222,2024-12-30,850,1,3,22,1,Permiso personal,4,Sí
7223,2024-12-02,854,1,1,7,3,Enfermedad,8,Sí
7224,2024-12-20,858,1,4,14,3,Enfermedad,8,Sí
7225,2024-12-29,858,1,4,14,3,Enfermedad,8,Sí
7226,2024-12-11,860,1,5,7,1,Enfermedad,4,Sí
7227,2024-12-21,862,1,2,4,3,Enfermedad,8,Sí
7228,2024-12-13,864,1,4,21,3,Falta injustificada,8,No
7229,2024-12-14,864,1,4,21,3,Enfermedad,4,Sí
7230,2024-12-21,864,1,4,21,3,Enfermedad,8,Sí
7231,2024-12-30,864,1,4,21,3,Enfermedad,8,Sí
7232,2024-12-22,869,1,1,20,3,Enfermedad,8,Sí
7233,2024-12-24,869,1,1,20,3,Permiso personal,4,Sí
7234,2024-12-06,870,1,2,5,2,Enfermedad,4,Sí
7235,2024-12-07,870,1,2,5,2,Enfermedad,8,Sí
7236,2024-12-15,870,1,2,5,2,Enfermedad,4,Sí
7237,2024-12-27,874,1,3,11,3,Enfermedad,8,Sí
7238,2024-12-04,880,1,2,22,2,Enfermedad,4,Sí
7239,2024-12-28,886,5,13,27,1,Enfermedad,8,Sí
7240,2024-12-03,889,1,1,21,2,Permiso personal,8,Sí
7241,2024-12-08,897,1,4,10,2,Enfermedad,8,Sí
7242,2025-01-06,6,1,5,7,4,Enfermedad,8,Sí
7243,2025-01-08,6,1,5,7,4,Permiso personal,8,Sí
7244,2025-01-14,6,1,5,7,4,Falta injustificada,8,No
7245,2025-01-03,12,1,5,10,4,Enfermedad,8,Sí
7246,2025-01-24,12,1,5,10,4,Permiso personal,8,Sí
7247,2025-01-30,13,1,5,8,3,Enfermedad,8,Sí
7248,2025-01-18,17,6,15,27,4,Enfermedad,4,Sí
7249,2025-01-18,18,4,11,27,3,Permiso personal,4,Sí
7250,2025-01-26,18,4,11,27,3,Enfermedad,8,Sí
7251,2025-01-30,18,4,11,27,3,Enfermedad,8,Sí
7252,2025-01-02,20,1,2,24,4,Enfermedad,8,Sí
7253,2025-01-14,22,1,5,18,4,Enfermedad,8,Sí
7254,2025-01-11,25,1,3,11,4,Enfermedad,8,Sí
7255,2025-01-13,37,3,9,27,4,Enfermedad,4,Sí
7256,2025-01-24,38,1,3,22,4,Falta injustificada,4,No
7257,2025-01-08,40,1,1,3,4,Enfermedad,4,Sí
7258,2025-01-25,40,1,1,3,4,Permiso personal,8,Sí
7259,2025-01-17,47,1,1,5,4,Enfermedad,4,Sí
7260,2025-01-30,47,1,1,5,4,Enfermedad,8,Sí
7261,2025-01-08,48,1,5,12,4,Enfermedad,8,Sí
7262,2025-01-17,48,1,5,12,4,Enfermedad,8,Sí
7263,2025-01-07,49,1,3,19,4,Permiso personal,8,Sí
7264,2025-01-25,50,2,7,26,4,Enfermedad,8,Sí
7265,2025-01-02,52,1,4,19,3,Enfermedad,4,Sí
7266,2025-01-02,54,1,4,19,4,Enfermedad,8,Sí
7267,2025-01-25,59,1,4,7,4,Enfermedad,4,Sí
7268,2025-01-02,63,1,2,14,3,Enfermedad,4,Sí
7269,2025-01-09,63,1,2,14,3,Enfermedad,8,Sí
7270,2025-01-10,66,1,5,7,4,Enfermedad,4,Sí
7271,2025-01-20,66,1,5,7,4,Falta injustificada,4,No
7272,2025-01-28,68,1,2,7,4,Enfermedad,8,Sí
7273,2025-01-13,70,2,6,26,4,Enfermedad,8,Sí
7274,2025-01-19,70,2,6,26,4,Enfermedad,8,Sí
7275,2025-01-31,72,1,1,21,4,Enfermedad,4,Sí
7276,2025-01-09,73,1,2,9,4,Enfermedad,8,Sí
7277,2025-01-11,75,1,5,18,3,Permiso personal,4,Sí
7278,2025-01-29,75,1,5,18,3,Enfermedad,4,Sí
7279,2025-01-09,77,2,6,25,4,Enfermedad,8,Sí
7280,2025-01-07,78,3,9,27,4,Permiso personal,8,Sí
7281,2025-01-25,80,1,3,12,4,Permiso personal,8,Sí
7282,2025-01-15,83,1,1,21,3,Falta injustificada,8,No
7283,2025-01-05,84,1,3,9,4,Enfermedad,8,Sí
7284,2025-01-23,88,1,3,19,4,Permiso personal,8,Sí
7285,2025-01-30,89,1,4,19,4,Enfermedad,8,Sí
7286,2025-01-03,90,2,6,26,4,Permiso personal,8,Sí
7287,2025-01-15,90,2,6,26,4,Enfermedad,8,Sí
7288,2025-01-15,97,1,3,3,4,Enfermedad,8,Sí
7289,2025-01-20,97,1,3,3,4,Enfermedad,4,Sí
7290,2025-01-27,97,1,3,3,4,Enfermedad,8,Sí
7291,2025-01-29,99,1,2,5,4,Enfermedad,4,Sí
7292,2025-01-06,100,1,4,23,3,Falta injustificada,8,No
7293,2025-01-18,101,5,13,27,3,Enfermedad,4,Sí
7294,2025-01-22,102,1,1,14,4,Enfermedad,8,Sí
7295,2025-01-20,104,4,11,27,4,Enfermedad,8,Sí
7296,2025-01-08,106,1,4,6,4,Enfermedad,8,Sí
7297,2025-01-10,108,1,2,17,4,Enfermedad,8,Sí
7298,2025-01-28,110,1,3,8,4,Permiso personal,8,Sí
7299,2025-01-28,112,1,1,9,4,Enfermedad,8,Sí
7300,2025-01-14,119,1,5,4,3,Enfermedad,8,Sí
7301,2025-01-11,122,1,2,21,4,Enfermedad,4,Sí
7302,2025-01-04,124,1,1,15,4,Falta injustificada,8,No
7303,2025-01-16,124,1,1,15,4,Enfermedad,8,Sí
7304,2025-01-28,126,1,1,12,4,Falta injustificada,8,No
7305,2025-01-18,129,1,1,21,4,Permiso personal,8,Sí
7306,2025-01-12,135,1,4,18,4,Permiso personal,4,Sí
7307,2025-01-28,135,1,4,18,4,Permiso personal,8,Sí
7308,2025-01-06,136,1,2,11,4,Enfermedad,4,Sí
7309,2025-01-26,136,1,2,11,4,Permiso personal,8,Sí
7310,2025-01-25,137,1,1,8,4,Permiso personal,4,Sí
7311,2025-01-26,140,1,1,22,4,Permiso personal,8,Sí
7312,2025-01-16,144,1,3,12,3,Permiso personal,8,Sí
7313,2025-01-30,152,1,1,20,3,Enfermedad,8,Sí
7314,2025-01-16,160,1,3,19,4,Enfermedad,8,Sí
7315,2025-01-29,165,1,2,3,4,Enfermedad,4,Sí
7316,2025-01-29,166,1,1,5,4,Enfermedad,8,Sí
7317,2025-01-06,171,1,4,4,4,Enfermedad,8,Sí
7318,2025-01-17,180,1,3,6,4,Permiso personal,8,Sí
7319,2025-01-17,184,1,1,11,4,Permiso personal,4,Sí
7320,2025-01-25,184,1,1,11,4,Permiso personal,8,Sí
7321,2025-01-29,186,1,1,11,4,Enfermedad,4,Sí
7322,2025-01-09,187,1,3,20,4,Enfermedad,8,Sí
7323,2025-01-22,188,1,4,1,4,Enfermedad,8,Sí
7324,2025-01-21,190,6,16,27,4,Permiso personal,8,Sí
7325,2025-01-18,191,1,3,7,4,Enfermedad,8,Sí
7326,2025-01-24,191,1,3,7,4,Enfermedad,4,Sí
7327,2025-01-26,191,1,3,7,4,Permiso personal,8,Sí
7328,2025-01-25,192,1,1,2,4,Permiso personal,8,Sí
7329,2025-01-02,193,1,4,21,4,Permiso personal,8,Sí
7330,2025-01-18,193,1,4,21,4,Enfermedad,8,Sí
7331,2025-01-11,198,1,1,23,3,Permiso personal,8,Sí
7332,2025-01-19,198,1,1,23,3,Permiso personal,4,Sí
7333,2025-01-06,199,6,15,27,4,Enfermedad,8,Sí
7334,2025-01-13,203,4,12,27,3,Permiso personal,8,Sí
7335,2025-01-26,203,4,12,27,3,Enfermedad,4,Sí
7336,2025-01-14,205,1,1,12,3,Permiso personal,4,Sí
7337,2025-01-24,205,1,1,12,3,Enfermedad,8,Sí
7338,2025-01-04,207,1,1,3,4,Enfermedad,4,Sí
7339,2025-01-12,207,1,1,3,4,Enfermedad,4,Sí
7340,2025-01-22,208,2,6,25,4,Enfermedad,8,Sí
7341,2025-01-03,214,1,4,4,4,Permiso personal,8,Sí
7342,2025-01-01,216,1,4,20,3,Enfermedad,8,Sí
7343,2025-01-02,216,1,4,20,3,Enfermedad,8,Sí
7344,2025-01-14,222,1,2,4,4,Enfermedad,4,Sí
7345,2025-01-29,224,5,14,27,3,Enfermedad,8,Sí
7346,2025-01-01,225,1,2,2,4,Enfermedad,4,Sí
7347,2025-01-27,225,1,2,2,4,Enfermedad,8,Sí
7348,2025-01-04,226,1,1,23,3,Permiso personal,4,Sí
7349,2025-01-10,227,1,1,9,4,Enfermedad,4,Sí
7350,2025-01-25,227,1,1,9,4,Enfermedad,8,Sí
7351,2025-01-06,233,2,6,25,4,Enfermedad,8,Sí
7352,2025-01-13,233,2,6,25,4,Enfermedad,4,Sí
7353,2025-01-03,235,1,3,17,3,Enfermedad,4,Sí
7354,2025-01-25,235,1,3,17,3,Permiso personal,4,Sí
7355,2025-01-21,236,1,1,2,4,Enfermedad,8,Sí
7356,2025-01-16,238,1,1,12,4,Enfermedad,4,Sí
7357,2025-01-14,239,1,3,8,4,Enfermedad,8,Sí
7358,2025-01-23,241,1,1,14,3,Permiso personal,8,Sí
7359,2025-01-18,242,1,1,2,4,Falta injustificada,8,No
7360,2025-01-01,246,1,3,19,4,Enfermedad,4,Sí
7361,2025-01-13,246,1,3,19,4,Permiso personal,8,Sí
7362,2025-01-29,246,1,3,19,4,Enfermedad,4,Sí
7363,2025-01-16,248,1,4,2,4,Permiso personal,8,Sí
7364,2025-01-18,248,1,4,2,4,Falta injustificada,8,No
7365,2025-01-09,255,1,1,21,4,Enfermedad,8,Sí
7366,2025-01-04,257,1,2,22,4,Enfermedad,8,Sí
7367,2025-01-09,259,1,3,8,4,Enfermedad,8,Sí
7368,2025-01-29,259,1,3,8,4,Permiso personal,4,Sí
7369,2025-01-14,266,1,2,18,4,Falta injustificada,8,No
7370,2025-01-01,267,1,5,13,4,Enfermedad,8,Sí
7371,2025-01-21,278,1,1,5,3,Enfermedad,8,Sí
7372,2025-01-21,285,5,14,27,3,Enfermedad,8,Sí
7373,2025-01-14,289,1,3,1,4,Enfermedad,8,Sí
7374,2025-01-11,290,1,3,3,4,Enfermedad,8,Sí
7375,2025-01-01,291,1,2,2,4,Enfermedad,8,Sí
7376,2025-01-05,291,1,2,2,4,Permiso personal,8,Sí
7377,2025-01-10,291,1,2,2,4,Enfermedad,8,Sí
7378,2025-01-23,291,1,2,2,4,Enfermedad,8,Sí
7379,2025-01-18,292,2,6,26,4,Enfermedad,8,Sí
7380,2025-01-05,294,1,1,1,3,Permiso personal,4,Sí
7381,2025-01-06,294,1,1,1,3,Permiso personal,4,Sí
7382,2025-01-05,295,1,5,18,4,Falta injustificada,8,No
7383,2025-01-24,297,1,5,5,4,Enfermedad,8,Sí
7384,2025-01-04,299,2,6,25,3,Falta injustificada,8,No
7385,2025-01-01,300,5,13,27,4,Enfermedad,8,Sí
7386,2025-01-29,300,5,13,27,4,Permiso personal,8,Sí
7387,2025-01-14,303,1,1,24,3,Enfermedad,8,Sí
7388,2025-01-10,304,1,3,7,4,Enfermedad,8,Sí
7389,2025-01-16,304,1,3,7,4,Permiso personal,4,Sí
7390,2025-01-07,306,1,4,4,4,Enfermedad,8,Sí
7391,2025-01-08,306,1,4,4,4,Enfermedad,8,Sí
7392,2025-01-01,309,1,4,9,4,Falta injustificada,8,No
7393,2025-01-02,320,1,4,10,3,Enfermedad,8,Sí
7394,2025-01-17,320,1,4,10,3,Permiso personal,8,Sí
7395,2025-01-18,320,1,4,10,3,Enfermedad,8,Sí
7396,2025-01-01,321,6,16,27,4,Enfermedad,4,Sí
7397,2025-01-14,321,6,16,27,4,Enfermedad,8,Sí
7398,2025-01-17,321,6,16,27,4,Enfermedad,4,Sí
7399,2025-01-16,322,6,16,27,3,Enfermedad,4,Sí
7400,2025-01-20,324,1,1,15,4,Enfermedad,8,Sí
7401,2025-01-27,324,1,1,15,4,Permiso personal,8,Sí
7402,2025-01-13,332,1,5,23,4,Enfermedad,8,Sí
7403,2025-01-03,334,1,1,11,3,Permiso personal,8,Sí
7404,2025-01-29,334,1,1,11,3,Permiso personal,8,Sí
7405,2025-01-27,335,1,5,23,4,Permiso personal,8,Sí
7406,2025-01-28,341,1,1,7,4,Enfermedad,8,Sí
7407,2025-01-22,343,1,1,15,3,Enfermedad,8,Sí
7408,2025-01-17,345,1,2,7,4,Enfermedad,8,Sí
7409,2025-01-20,349,6,15,27,4,Enfermedad,8,Sí
7410,2025-01-07,350,1,5,23,4,Enfermedad,8,Sí
7411,2025-01-30,357,1,5,8,2,Permiso personal,8,Sí
7412,2025-01-03,361,1,1,4,1,Enfermedad,8,Sí
7413,2025-01-09,361,1,1,4,1,Enfermedad,8,Sí
7414,2025-01-27,363,1,4,13,1,Enfermedad,8,Sí
7415,2025-01-21,364,1,5,2,2,Permiso personal,8,Sí
7416,2025-01-25,374,1,4,3,2,Permiso personal,4,Sí
7417,2025-01-02,381,1,2,17,2,Enfermedad,8,Sí
7418,2025-01-25,381,1,2,17,2,Enfermedad,8,Sí
7419,2025-01-03,390,1,4,12,3,Permiso personal,8,Sí
7420,2025-01-07,397,1,3,7,3,Enfermedad,4,Sí
7421,2025-01-09,397,1,3,7,3,Enfermedad,4,Sí
7422,2025-01-14,397,1,3,7,3,Permiso personal,8,Sí
7423,2025-01-13,398,5,14,27,2,Permiso personal,8,Sí
7424,2025-01-12,402,1,4,10,2,Enfermedad,4,Sí
7425,2025-01-09,404,1,5,10,2,Enfermedad,4,Sí
7426,2025-01-16,406,1,3,4,1,Permiso personal,8,Sí
7427,2025-01-23,406,1,3,4,1,Permiso personal,4,Sí
7428,2025-01-27,406,1,3,4,1,Enfermedad,8,Sí
7429,2025-01-03,408,1,2,13,2,Permiso personal,4,Sí
7430,2025-01-10,410,1,1,21,2,Falta injustificada,8,No
7431,2025-01-30,412,3,10,27,3,Enfermedad,8,Sí
7432,2025-01-04,416,1,1,8,2,Falta injustificada,4,No
7433,2025-01-14,421,1,1,13,2,Enfermedad,8,Sí
7434,2025-01-29,421,1,1,13,2,Permiso personal,8,Sí
7435,2025-01-10,425,1,1,7,2,Falta injustificada,8,No
7436,2025-01-31,425,1,1,7,2,Permiso personal,8,Sí
7437,2025-01-26,429,1,1,13,2,Enfermedad,4,Sí
7438,2025-01-30,434,1,1,15,2,Enfermedad,8,Sí
7439,2025-01-21,447,2,7,26,3,Enfermedad,4,Sí
7440,2025-01-24,447,2,7,26,3,Enfermedad,8,Sí
7441,2025-01-08,449,1,3,24,3,Enfermedad,4,Sí
7442,2025-01-17,452,1,3,21,2,Enfermedad,4,Sí
7443,2025-01-07,456,1,2,15,1,Falta injustificada,8,No
7444,2025-01-15,460,1,1,1,1,Enfermedad,8,Sí
7445,2025-01-23,461,1,3,17,2,Enfermedad,8,Sí
7446,2025-01-16,462,3,10,27,2,Permiso personal,8,Sí
7447,2025-01-01,468,2,6,26,2,Enfermedad,8,Sí
7448,2025-01-16,468,2,6,26,2,Enfermedad,8,Sí
7449,2025-01-28,471,1,2,2,3,Permiso personal,4,Sí
7450,2025-01-09,475,3,9,27,3,Enfermedad,8,Sí
7451,2025-01-01,476,6,15,27,2,Permiso personal,8,Sí
7452,2025-01-22,476,6,15,27,2,Enfermedad,8,Sí
7453,2025-01-24,479,1,1,5,3,Permiso personal,4,Sí
7454,2025-01-20,486,1,4,18,3,Permiso personal,8,Sí
7455,2025-01-24,496,1,5,5,3,Enfermedad,8,Sí
7456,2025-01-13,498,1,1,18,2,Falta injustificada,8,No
7457,2025-01-14,498,1,1,18,2,Enfermedad,8,Sí
7458,2025-01-13,503,1,3,16,2,Enfermedad,4,Sí
7459,2025-01-03,507,1,5,23,3,Enfermedad,4,Sí
7460,2025-01-17,507,1,5,23,3,Permiso personal,4,Sí
7461,2025-01-03,508,1,4,14,2,Falta injustificada,8,No
7462,2025-01-11,508,1,4,14,2,Enfermedad,8,Sí
7463,2025-01-30,508,1,4,14,2,Enfermedad,8,Sí
7464,2025-01-10,510,5,14,27,3,Enfermedad,8,Sí
7465,2025-01-16,510,5,14,27,3,Enfermedad,8,Sí
7466,2025-01-04,513,1,1,23,2,Enfermedad,8,Sí
7467,2025-01-30,521,1,4,13,1,Permiso personal,8,Sí
7468,2025-01-09,523,1,1,9,3,Permiso personal,8,Sí
7469,2025-01-21,523,1,1,9,3,Enfermedad,8,Sí
7470,2025-01-07,534,1,2,22,3,Enfermedad,8,Sí
7471,2025-01-11,536,1,1,21,3,Enfermedad,8,Sí
7472,2025-01-08,537,2,8,25,2,Permiso personal,8,Sí
7473,2025-01-06,540,1,3,14,3,Enfermedad,8,Sí
7474,2025-01-03,543,1,1,7,3,Enfermedad,8,Sí
7475,2025-01-07,544,2,6,26,3,Permiso personal,8,Sí
7476,2025-01-05,548,2,6,26,1,Enfermedad,8,Sí
7477,2025-01-31,549,1,1,23,2,Enfermedad,8,Sí
7478,2025-01-12,553,1,4,3,3,Permiso personal,4,Sí
7479,2025-01-23,553,1,4,3,3,Enfermedad,8,Sí
7480,2025-01-05,556,1,1,7,2,Enfermedad,8,Sí
7481,2025-01-08,561,1,1,15,1,Permiso personal,8,Sí
7482,2025-01-09,563,1,3,13,2,Permiso personal,8,Sí
7483,2025-01-24,563,1,3,13,2,Permiso personal,4,Sí
7484,2025-01-18,564,2,6,26,1,Enfermedad,8,Sí
7485,2025-01-14,567,1,3,12,3,Enfermedad,8,Sí
7486,2025-01-20,567,1,3,12,3,Enfermedad,8,Sí
7487,2025-01-27,567,1,3,12,3,Falta injustificada,8,No
7488,2025-01-03,569,3,10,27,2,Permiso personal,8,Sí
7489,2025-01-14,572,1,5,23,3,Enfermedad,8,Sí
7490,2025-01-28,580,2,8,26,3,Enfermedad,4,Sí
7491,2025-01-17,583,1,3,12,2,Enfermedad,8,Sí
7492,2025-01-19,583,1,3,12,2,Permiso personal,8,Sí
7493,2025-01-11,586,1,1,23,3,Enfermedad,8,Sí
7494,2025-01-15,589,1,1,4,3,Enfermedad,8,Sí
7495,2025-01-17,601,1,1,23,1,Permiso personal,8,Sí
7496,2025-01-06,605,1,4,16,3,Permiso personal,4,Sí
7497,2025-01-09,609,1,3,16,3,Permiso personal,8,Sí
7498,2025-01-14,609,1,3,16,3,Enfermedad,8,Sí
7499,2025-01-21,611,1,1,10,3,Enfermedad,4,Sí
7500,2025-01-13,617,1,1,24,3,Enfermedad,8,Sí
7501,2025-01-25,619,1,1,7,1,Permiso personal,4,Sí
7502,2025-01-07,631,1,2,8,2,Falta injustificada,8,No
7503,2025-01-14,631,1,2,8,2,Enfermedad,8,Sí
7504,2025-01-26,631,1,2,8,2,Enfermedad,4,Sí
7505,2025-01-28,631,1,2,8,2,Enfermedad,8,Sí
7506,2025-01-24,643,1,5,21,3,Enfermedad,8,Sí
7507,2025-01-11,645,1,5,2,3,Falta injustificada,8,No
7508,2025-01-11,646,1,1,19,2,Permiso personal,8,Sí
7509,2025-01-18,647,1,1,5,2,Enfermedad,8,Sí
7510,2025-01-19,647,1,1,5,2,Permiso personal,8,Sí
7511,2025-01-30,647,1,1,5,2,Enfermedad,8,Sí
7512,2025-01-29,648,1,5,12,3,Permiso personal,8,Sí
7513,2025-01-26,651,1,4,10,3,Enfermedad,4,Sí
7514,2025-01-01,652,1,1,10,2,Permiso personal,8,Sí
7515,2025-01-04,652,1,1,10,2,Enfermedad,4,Sí
7516,2025-01-28,652,1,1,10,2,Enfermedad,4,Sí
7517,2025-01-04,656,4,12,27,2,Enfermedad,8,Sí
7518,2025-01-21,660,2,7,26,2,Enfermedad,8,Sí
7519,2025-01-02,661,1,2,16,2,Enfermedad,8,Sí
7520,2025-01-24,661,1,2,16,2,Enfermedad,4,Sí
7521,2025-01-22,665,1,4,16,2,Permiso personal,8,Sí
7522,2025-01-10,678,1,2,2,3,Falta injustificada,8,No
7523,2025-01-05,701,1,4,7,2,Enfermedad,8,Sí
7524,2025-01-25,701,1,4,7,2,Enfermedad,8,Sí
7525,2025-01-01,704,1,1,2,2,Enfermedad,4,Sí
7526,2025-01-27,707,1,5,22,3,Permiso personal,8,Sí
7527,2025-01-28,708,4,12,27,3,Enfermedad,8,Sí
7528,2025-01-02,711,4,12,27,2,Enfermedad,8,Sí
7529,2025-01-09,713,1,1,5,2,Enfermedad,8,Sí
7530,2025-01-30,713,1,1,5,2,Permiso personal,4,Sí
7531,2025-01-13,716,1,4,8,3,Enfermedad,4,Sí
7532,2025-01-25,716,1,4,8,3,Enfermedad,4,Sí
7533,2025-01-03,717,2,7,25,3,Enfermedad,4,Sí
7534,2025-01-05,717,2,7,25,3,Enfermedad,8,Sí
7535,2025-01-14,723,1,1,24,3,Enfermedad,8,Sí
7536,2025-01-29,735,4,12,27,3,Enfermedad,8,Sí
7537,2025-01-12,744,1,5,24,3,Falta injustificada,4,No
7538,2025-01-19,744,1,5,24,3,Enfermedad,8,Sí
7539,2025-01-23,749,1,1,8,1,Enfermedad,4,Sí
7540,2025-01-30,749,1,1,8,1,Enfermedad,8,Sí
7541,2025-01-06,755,1,1,4,2,Enfermedad,8,Sí
7542,2025-01-24,760,1,5,1,2,Permiso personal,8,Sí
7543,2025-01-09,767,2,6,25,3,Permiso personal,8,Sí
7544,2025-01-22,785,1,2,15,3,Enfermedad,8,Sí
7545,2025-01-02,788,1,1,19,2,Enfermedad,4,Sí
7546,2025-01-11,788,1,1,19,2,Enfermedad,8,Sí
7547,2025-01-15,788,1,1,19,2,Permiso personal,8,Sí
7548,2025-01-24,788,1,1,19,2,Permiso personal,8,Sí
7549,2025-01-29,790,1,1,8,2,Enfermedad,8,Sí
7550,2025-01-08,803,1,2,8,2,Enfermedad,8,Sí
7551,2025-01-29,805,1,1,3,2,Enfermedad,8,Sí
7552,2025-01-29,806,1,1,14,2,Enfermedad,8,Sí
7553,2025-01-26,809,1,2,1,2,Enfermedad,8,Sí
7554,2025-01-29,809,1,2,1,2,Permiso personal,8,Sí
7555,2025-01-02,818,4,12,27,1,Enfermedad,8,Sí
7556,2025-01-27,818,4,12,27,1,Falta injustificada,4,No
7557,2025-01-06,820,1,5,6,2,Enfermedad,4,Sí
7558,2025-01-20,821,2,7,26,3,Enfermedad,8,Sí
7559,2025-01-12,822,1,1,18,2,Enfermedad,8,Sí
7560,2025-01-12,829,1,1,17,3,Enfermedad,8,Sí
7561,2025-01-26,836,5,13,27,3,Permiso personal,8,Sí
7562,2025-01-27,836,5,13,27,3,Permiso personal,8,Sí
7563,2025-01-13,846,1,1,2,2,Enfermedad,4,Sí
7564,2025-01-30,846,1,1,2,2,Enfermedad,4,Sí
7565,2025-01-28,849,1,5,2,3,Enfermedad,4,Sí
7566,2025-01-29,851,1,1,14,1,Enfermedad,4,Sí
7567,2025-01-07,852,1,2,18,3,Permiso personal,8,Sí
7568,2025-01-14,852,1,2,18,3,Enfermedad,8,Sí
7569,2025-01-27,860,1,5,7,1,Enfermedad,8,Sí
7570,2025-01-13,862,1,2,4,3,Enfermedad,4,Sí
7571,2025-01-29,862,1,2,4,3,Enfermedad,8,Sí
7572,2025-01-11,864,1,4,21,3,Enfermedad,8,Sí
7573,2025-01-12,864,1,4,21,3,Enfermedad,4,Sí
7574,2025-01-11,869,1,1,20,3,Permiso personal,8,Sí
7575,2025-01-17,872,2,6,25,3,Enfermedad,8,Sí
7576,2025-01-17,881,1,1,4,2,Enfermedad,8,Sí
7577,2025-01-21,884,1,5,24,3,Enfermedad,4,Sí
7578,2025-01-08,886,5,13,27,1,Permiso personal,8,Sí
7579,2025-01-08,887,1,2,10,3,Enfermedad,8,Sí
7580,2025-01-18,890,1,4,22,3,Enfermedad,4,Sí
7581,2025-01-15,894,4,12,27,1,Permiso personal,8,Sí
7582,2025-02-17,2,2,7,25,4,Enfermedad,8,Sí
7583,2025-02-12,6,1,5,7,4,Enfermedad,8,Sí
7584,2025-02-13,6,1,5,7,4,Enfermedad,4,Sí
7585,2025-02-20,6,1,5,7,4,Enfermedad,8,Sí
7586,2025-02-26,6,1,5,7,4,Permiso personal,8,Sí
7587,2025-02-23,8,2,8,25,3,Enfermedad,4,Sí
7588,2025-02-16,9,1,1,11,4,Enfermedad,8,Sí
7589,2025-02-14,13,1,5,8,3,Permiso personal,4,Sí
7590,2025-02-01,17,6,15,27,4,Permiso personal,8,Sí
7591,2025-02-06,17,6,15,27,4,Enfermedad,8,Sí
7592,2025-02-10,20,1,2,24,4,Enfermedad,8,Sí
7593,2025-02-05,22,1,5,18,4,Enfermedad,8,Sí
7594,2025-02-20,25,1,3,11,4,Enfermedad,4,Sí
7595,2025-02-27,27,1,4,22,4,Enfermedad,8,Sí
7596,2025-02-18,28,1,1,21,3,Enfermedad,8,Sí
7597,2025-02-25,29,1,1,9,4,Enfermedad,8,Sí
7598,2025-02-16,30,2,8,25,4,Falta injustificada,8,No
7599,2025-02-03,36,1,3,20,4,Enfermedad,8,Sí
7600,2025-02-26,40,1,1,3,4,Permiso personal,4,Sí
7601,2025-02-27,40,1,1,3,4,Enfermedad,8,Sí
7602,2025-02-02,44,1,1,23,4,Permiso personal,8,Sí
7603,2025-02-25,44,1,1,23,4,Enfermedad,8,Sí
7604,2025-02-12,46,1,4,14,3,Enfermedad,8,Sí
7605,2025-02-15,46,1,4,14,3,Enfermedad,8,Sí
7606,2025-02-21,46,1,4,14,3,Permiso personal,8,Sí
7607,2025-02-26,46,1,4,14,3,Enfermedad,8,Sí
7608,2025-02-06,48,1,5,12,4,Enfermedad,8,Sí
7609,2025-02-04,50,2,7,26,4,Enfermedad,4,Sí
7610,2025-02-19,50,2,7,26,4,Permiso personal,8,Sí
7611,2025-02-11,51,1,2,11,4,Enfermedad,8,Sí
7612,2025-02-25,51,1,2,11,4,Permiso personal,4,Sí
7613,2025-02-05,55,2,6,26,4,Enfermedad,4,Sí
7614,2025-02-19,56,1,3,17,4,Permiso personal,4,Sí
7615,2025-02-04,58,1,3,10,4,Permiso personal,8,Sí
7616,2025-02-11,63,1,2,14,3,Enfermedad,4,Sí
7617,2025-02-28,65,1,3,20,4,Permiso personal,8,Sí
7618,2025-02-09,66,1,5,7,4,Enfermedad,8,Sí
7619,2025-02-12,70,2,6,26,4,Falta injustificada,8,No
7620,2025-02-16,70,2,6,26,4,Enfermedad,8,Sí
7621,2025-02-28,72,1,1,21,4,Permiso personal,8,Sí
7622,2025-02-10,73,1,2,9,4,Enfermedad,8,Sí
7623,2025-02-11,75,1,5,18,3,Enfermedad,4,Sí
7624,2025-02-17,78,3,9,27,4,Falta injustificada,8,No
7625,2025-02-15,89,1,4,19,4,Enfermedad,4,Sí
7626,2025-02-14,93,1,4,14,4,Permiso personal,8,Sí
7627,2025-02-04,99,1,2,5,4,Enfermedad,8,Sí
7628,2025-02-19,99,1,2,5,4,Enfermedad,8,Sí
7629,2025-02-05,103,1,2,23,4,Permiso personal,8,Sí
7630,2025-02-16,108,1,2,17,4,Enfermedad,4,Sí
7631,2025-02-20,112,1,1,9,4,Enfermedad,8,Sí
7632,2025-02-20,119,1,5,4,3,Enfermedad,4,Sí
7633,2025-02-07,121,1,3,20,4,Enfermedad,8,Sí
7634,2025-02-09,122,1,2,21,4,Enfermedad,8,Sí
7635,2025-02-23,122,1,2,21,4,Permiso personal,8,Sí
7636,2025-02-18,126,1,1,12,4,Permiso personal,8,Sí
7637,2025-02-01,128,1,2,2,4,Enfermedad,8,Sí
7638,2025-02-28,129,1,1,21,4,Enfermedad,8,Sí
7639,2025-02-13,131,1,5,5,3,Enfermedad,8,Sí
7640,2025-02-01,137,1,1,8,4,Enfermedad,8,Sí
7641,2025-02-23,137,1,1,8,4,Permiso personal,8,Sí
7642,2025-02-27,138,1,4,7,4,Enfermedad,8,Sí
7643,2025-02-17,142,1,2,8,3,Enfermedad,8,Sí
7644,2025-02-25,142,1,2,8,3,Falta injustificada,4,No
7645,2025-02-28,142,1,2,8,3,Falta injustificada,8,No
7646,2025-02-07,152,1,1,20,3,Enfermedad,4,Sí
7647,2025-02-14,152,1,1,20,3,Permiso personal,8,Sí
7648,2025-02-13,160,1,3,19,4,Enfermedad,4,Sí
7649,2025-02-28,160,1,3,19,4,Permiso personal,8,Sí
7650,2025-02-02,161,1,3,22,4,Permiso personal,8,Sí
7651,2025-02-22,163,1,5,22,4,Permiso personal,8,Sí
7652,2025-02-23,163,1,5,22,4,Permiso personal,8,Sí
7653,2025-02-13,165,1,2,3,4,Falta injustificada,8,No
7654,2025-02-19,168,1,3,6,4,Enfermedad,8,Sí
7655,2025-02-04,169,1,1,7,4,Falta injustificada,8,No
7656,2025-02-22,169,1,1,7,4,Enfermedad,8,Sí
7657,2025-02-24,169,1,1,7,4,Enfermedad,8,Sí
7658,2025-02-14,174,1,2,16,4,Enfermedad,8,Sí
7659,2025-02-20,174,1,2,16,4,Enfermedad,8,Sí
7660,2025-02-04,183,6,15,27,4,Enfermedad,4,Sí
7661,2025-02-16,184,1,1,11,4,Enfermedad,8,Sí
7662,2025-02-28,184,1,1,11,4,Enfermedad,8,Sí
7663,2025-02-04,187,1,3,20,4,Enfermedad,8,Sí
7664,2025-02-27,188,1,4,1,4,Enfermedad,8,Sí
7665,2025-02-05,190,6,16,27,4,Permiso personal,8,Sí
7666,2025-02-07,191,1,3,7,4,Enfermedad,8,Sí
7667,2025-02-08,191,1,3,7,4,Enfermedad,8,Sí
7668,2025-02-10,195,1,2,14,4,Permiso personal,8,Sí
7669,2025-02-06,199,6,15,27,4,Permiso personal,8,Sí
7670,2025-02-21,207,1,1,3,4,Enfermedad,4,Sí
7671,2025-02-23,207,1,1,3,4,Permiso personal,8,Sí
7672,2025-02-11,208,2,6,25,4,Enfermedad,8,Sí
7673,2025-02-21,214,1,4,4,4,Enfermedad,8,Sí
7674,2025-02-19,221,1,2,11,4,Enfermedad,8,Sí
7675,2025-02-23,221,1,2,11,4,Enfermedad,4,Sí
7676,2025-02-17,224,5,14,27,3,Enfermedad,4,Sí
7677,2025-02-20,224,5,14,27,3,Enfermedad,8,Sí
7678,2025-02-15,225,1,2,2,4,Enfermedad,8,Sí
7679,2025-02-08,226,1,1,23,3,Falta injustificada,4,No
7680,2025-02-17,226,1,1,23,3,Enfermedad,8,Sí
7681,2025-02-27,227,1,1,9,4,Enfermedad,4,Sí
7682,2025-02-08,229,2,8,25,4,Enfermedad,8,Sí
7683,2025-02-19,230,1,3,17,4,Falta injustificada,4,No
7684,2025-02-14,235,1,3,17,3,Enfermedad,8,Sí
7685,2025-02-27,236,1,1,2,4,Enfermedad,8,Sí
7686,2025-02-15,239,1,3,8,4,Enfermedad,4,Sí
7687,2025-02-27,241,1,1,14,3,Enfermedad,4,Sí
7688,2025-02-05,242,1,1,2,4,Enfermedad,8,Sí
7689,2025-02-09,245,1,1,5,3,Enfermedad,8,Sí
7690,2025-02-26,245,1,1,5,3,Enfermedad,8,Sí
7691,2025-02-04,247,1,5,17,4,Enfermedad,8,Sí
7692,2025-02-25,259,1,3,8,4,Enfermedad,8,Sí
7693,2025-02-15,261,1,5,23,4,Enfermedad,8,Sí
7694,2025-02-23,261,1,5,23,4,Enfermedad,8,Sí
7695,2025-02-04,266,1,2,18,4,Permiso personal,4,Sí
7696,2025-02-11,268,1,5,10,4,Enfermedad,8,Sí
7697,2025-02-28,268,1,5,10,4,Enfermedad,8,Sí
7698,2025-02-08,278,1,1,5,4,Enfermedad,4,Sí
7699,2025-02-11,279,1,4,10,4,Enfermedad,4,Sí
7700,2025-02-04,282,1,1,20,3,Enfermedad,8,Sí
7701,2025-02-23,290,1,3,3,4,Enfermedad,8,Sí
7702,2025-02-27,290,1,3,3,4,Enfermedad,4,Sí
7703,2025-02-28,290,1,3,3,4,Enfermedad,8,Sí
7704,2025-02-08,291,1,2,2,4,Permiso personal,4,Sí
7705,2025-02-27,291,1,2,2,4,Enfermedad,8,Sí
7706,2025-02-14,293,1,1,23,4,Enfermedad,8,Sí
7707,2025-02-27,297,1,5,5,4,Permiso personal,8,Sí
7708,2025-02-17,303,1,1,24,3,Enfermedad,8,Sí
7709,2025-02-28,303,1,1,24,3,Enfermedad,4,Sí
7710,2025-02-02,304,1,3,7,4,Enfermedad,8,Sí
7711,2025-02-05,306,1,4,4,4,Falta injustificada,8,No
7712,2025-02-11,309,1,4,9,4,Falta injustificada,4,No
7713,2025-02-18,310,1,2,21,4,Enfermedad,8,Sí
7714,2025-02-09,322,6,16,27,3,Enfermedad,8,Sí
7715,2025-02-17,322,6,16,27,3,Permiso personal,8,Sí
7716,2025-02-01,326,1,1,15,4,Enfermedad,8,Sí
7717,2025-02-19,327,3,9,27,4,Permiso personal,4,Sí
7718,2025-02-09,329,2,6,26,4,Enfermedad,4,Sí
7719,2025-02-20,329,2,6,26,4,Permiso personal,8,Sí
7720,2025-02-13,332,1,5,23,4,Enfermedad,8,Sí
7721,2025-02-26,340,5,13,27,4,Enfermedad,8,Sí
7722,2025-02-07,341,1,1,7,4,Permiso personal,8,Sí
7723,2025-02-19,341,1,1,7,4,Enfermedad,4,Sí
7724,2025-02-20,341,1,1,7,4,Falta injustificada,8,No
7725,2025-02-10,343,1,1,15,4,Permiso personal,8,Sí
7726,2025-02-25,343,1,1,15,4,Enfermedad,8,Sí
7727,2025-02-25,344,1,1,24,4,Enfermedad,4,Sí
7728,2025-02-15,345,1,2,7,4,Enfermedad,8,Sí
7729,2025-02-28,348,1,4,13,4,Enfermedad,8,Sí
7730,2025-02-14,349,6,15,27,4,Enfermedad,4,Sí
7731,2025-02-03,351,1,1,11,3,Enfermedad,8,Sí
7732,2025-02-17,360,1,2,23,3,Falta injustificada,8,No
7733,2025-02-12,361,1,1,4,1,Enfermedad,8,Sí
7734,2025-02-21,361,1,1,4,1,Permiso personal,4,Sí
7735,2025-02-26,361,1,1,4,1,Permiso personal,4,Sí
7736,2025-02-13,364,1,5,2,2,Enfermedad,8,Sí
7737,2025-02-07,374,1,4,3,2,Falta injustificada,8,No
7738,2025-02-22,376,3,10,27,3,Enfermedad,8,Sí
7739,2025-02-17,379,6,16,27,3,Permiso personal,4,Sí
7740,2025-02-03,381,1,2,17,2,Enfermedad,4,Sí
7741,2025-02-15,381,1,2,17,2,Enfermedad,8,Sí
7742,2025-02-27,381,1,2,17,2,Permiso personal,8,Sí
7743,2025-02-28,381,1,2,17,2,Permiso personal,4,Sí
7744,2025-02-27,384,2,6,25,3,Falta injustificada,8,No
7745,2025-02-10,387,1,5,18,3,Enfermedad,8,Sí
7746,2025-02-01,389,1,3,6,3,Permiso personal,4,Sí
7747,2025-02-22,389,1,3,6,3,Enfermedad,4,Sí
7748,2025-02-21,390,1,4,12,3,Enfermedad,4,Sí
7749,2025-02-04,394,1,3,4,2,Falta injustificada,8,No
7750,2025-02-18,394,1,3,4,2,Enfermedad,8,Sí
7751,2025-02-02,400,1,1,1,2,Enfermedad,4,Sí
7752,2025-02-08,400,1,1,1,2,Falta injustificada,8,No
7753,2025-02-15,404,1,5,10,2,Enfermedad,4,Sí
7754,2025-02-18,408,1,2,13,2,Enfermedad,8,Sí
7755,2025-02-23,409,2,6,26,1,Enfermedad,8,Sí
7756,2025-02-02,410,1,1,21,2,Permiso personal,8,Sí
7757,2025-02-21,410,1,1,21,2,Enfermedad,8,Sí
7758,2025-02-10,412,3,10,27,3,Enfermedad,8,Sí
7759,2025-02-28,416,1,1,8,2,Enfermedad,4,Sí
7760,2025-02-12,421,1,1,13,2,Enfermedad,8,Sí
7761,2025-02-22,424,1,1,24,2,Enfermedad,8,Sí
7762,2025-02-15,428,1,2,15,3,Enfermedad,8,Sí
7763,2025-02-19,428,1,2,15,3,Permiso personal,4,Sí
7764,2025-02-11,434,1,1,15,2,Permiso personal,8,Sí
7765,2025-02-04,435,1,4,7,2,Enfermedad,8,Sí
7766,2025-02-20,445,1,2,16,1,Enfermedad,8,Sí
7767,2025-02-22,445,1,2,16,1,Enfermedad,8,Sí
7768,2025-02-26,445,1,2,16,1,Enfermedad,8,Sí
7769,2025-02-01,446,1,4,2,3,Falta injustificada,8,No
7770,2025-02-13,447,2,7,26,3,Falta injustificada,4,No
7771,2025-02-17,447,2,7,26,3,Enfermedad,8,Sí
7772,2025-02-19,449,1,3,24,3,Enfermedad,4,Sí
7773,2025-02-15,456,1,2,15,2,Enfermedad,8,Sí
7774,2025-02-16,462,3,10,27,2,Permiso personal,4,Sí
7775,2025-02-11,468,2,6,26,2,Enfermedad,8,Sí
7776,2025-02-25,468,2,6,26,2,Permiso personal,8,Sí
7777,2025-02-28,468,2,6,26,2,Permiso personal,8,Sí
7778,2025-02-27,472,1,1,9,3,Enfermedad,8,Sí
7779,2025-02-12,476,6,15,27,2,Permiso personal,8,Sí
7780,2025-02-24,478,6,15,27,2,Falta injustificada,8,No
7781,2025-02-02,479,1,1,5,3,Permiso personal,8,Sí
7782,2025-02-22,484,2,8,25,1,Enfermedad,4,Sí
7783,2025-02-17,497,1,1,14,1,Permiso personal,4,Sí
7784,2025-02-24,498,1,1,18,2,Enfermedad,8,Sí
7785,2025-02-06,502,1,1,4,2,Permiso personal,4,Sí
7786,2025-02-14,502,1,1,4,2,Enfermedad,4,Sí
7787,2025-02-20,502,1,1,4,2,Permiso personal,8,Sí
7788,2025-02-20,508,1,4,14,2,Enfermedad,8,Sí
7789,2025-02-13,521,1,4,13,1,Enfermedad,8,Sí
7790,2025-02-14,524,6,15,27,3,Enfermedad,4,Sí
7791,2025-02-03,532,1,5,11,3,Enfermedad,4,Sí
7792,2025-02-04,532,1,5,11,3,Enfermedad,8,Sí
7793,2025-02-01,533,1,3,15,1,Enfermedad,8,Sí
7794,2025-02-14,536,1,1,21,3,Enfermedad,8,Sí
7795,2025-02-21,543,1,1,7,3,Enfermedad,8,Sí
7796,2025-02-21,544,2,6,26,3,Enfermedad,8,Sí
7797,2025-02-20,557,1,3,18,2,Permiso personal,4,Sí
7798,2025-02-23,557,1,3,18,2,Enfermedad,8,Sí
7799,2025-02-17,561,1,1,15,1,Enfermedad,8,Sí
7800,2025-02-07,564,2,6,26,2,Enfermedad,4,Sí
7801,2025-02-05,566,6,15,27,3,Enfermedad,8,Sí
7802,2025-02-13,566,6,15,27,3,Permiso personal,8,Sí
7803,2025-02-15,569,3,10,27,2,Falta injustificada,4,No
7804,2025-02-06,571,1,3,12,2,Enfermedad,8,Sí
7805,2025-02-22,571,1,3,12,2,Permiso personal,4,Sí
7806,2025-02-05,572,1,5,23,3,Enfermedad,8,Sí
7807,2025-02-21,572,1,5,23,3,Enfermedad,8,Sí
7808,2025-02-28,576,1,1,11,1,Permiso personal,8,Sí
7809,2025-02-18,580,2,8,26,3,Enfermedad,8,Sí
7810,2025-02-18,586,1,1,23,3,Enfermedad,8,Sí
7811,2025-02-24,596,2,6,26,1,Enfermedad,8,Sí
7812,2025-02-03,601,1,1,23,1,Permiso personal,8,Sí
7813,2025-02-10,601,1,1,23,1,Enfermedad,8,Sí
7814,2025-02-08,605,1,4,16,3,Enfermedad,8,Sí
7815,2025-02-22,607,1,1,8,1,Enfermedad,8,Sí
7816,2025-02-20,609,1,3,16,3,Enfermedad,8,Sí
7817,2025-02-07,611,1,1,10,3,Enfermedad,8,Sí
7818,2025-02-14,611,1,1,10,3,Permiso personal,8,Sí
7819,2025-02-28,612,1,1,18,2,Enfermedad,8,Sí
7820,2025-02-28,622,1,2,8,3,Enfermedad,8,Sí
7821,2025-02-10,631,1,2,8,2,Permiso personal,8,Sí
7822,2025-02-23,631,1,2,8,2,Enfermedad,8,Sí
7823,2025-02-19,645,1,5,2,3,Enfermedad,8,Sí
7824,2025-02-07,646,1,1,19,2,Enfermedad,8,Sí
7825,2025-02-16,648,1,5,12,3,Permiso personal,4,Sí
7826,2025-02-04,651,1,4,10,3,Enfermedad,4,Sí
7827,2025-02-17,651,1,4,10,3,Permiso personal,8,Sí
7828,2025-02-10,653,1,1,3,1,Enfermedad,8,Sí
7829,2025-02-11,653,1,1,3,1,Enfermedad,8,Sí
7830,2025-02-28,653,1,1,3,1,Permiso personal,8,Sí
7831,2025-02-19,656,4,12,27,2,Enfermedad,4,Sí
7832,2025-02-24,673,1,5,20,2,Enfermedad,4,Sí
7833,2025-02-26,673,1,5,20,2,Enfermedad,8,Sí
7834,2025-02-14,678,1,2,2,3,Enfermedad,8,Sí
7835,2025-02-16,701,1,4,7,2,Enfermedad,8,Sí
7836,2025-02-01,704,1,1,2,2,Permiso personal,8,Sí
7837,2025-02-09,704,1,1,2,2,Permiso personal,8,Sí
7838,2025-02-11,716,1,4,8,3,Permiso personal,8,Sí
7839,2025-02-04,721,1,3,24,3,Enfermedad,8,Sí
7840,2025-02-25,721,1,3,24,3,Enfermedad,8,Sí
7841,2025-02-07,723,1,1,24,3,Enfermedad,8,Sí
7842,2025-02-22,723,1,1,24,3,Enfermedad,8,Sí
7843,2025-02-14,727,2,6,26,1,Enfermedad,8,Sí
7844,2025-02-24,727,2,6,26,1,Permiso personal,4,Sí
7845,2025-02-27,732,1,1,21,1,Enfermedad,8,Sí
7846,2025-02-12,733,1,3,20,3,Permiso personal,8,Sí
7847,2025-02-12,735,4,12,27,3,Falta injustificada,8,No
7848,2025-02-16,750,1,2,17,2,Enfermedad,8,Sí
7849,2025-02-04,755,1,1,4,2,Enfermedad,8,Sí
7850,2025-02-19,755,1,1,4,2,Permiso personal,8,Sí
7851,2025-02-11,756,1,3,22,3,Enfermedad,8,Sí
7852,2025-02-27,756,1,3,22,3,Enfermedad,4,Sí
7853,2025-02-07,760,1,5,1,2,Permiso personal,8,Sí
7854,2025-02-19,760,1,5,1,2,Permiso personal,4,Sí
7855,2025-02-16,778,5,13,27,1,Enfermedad,8,Sí
7856,2025-02-02,785,1,2,15,3,Enfermedad,8,Sí
7857,2025-02-05,785,1,2,15,3,Enfermedad,8,Sí
7858,2025-02-17,785,1,2,15,3,Permiso personal,8,Sí
7859,2025-02-13,788,1,1,19,2,Enfermedad,4,Sí
7860,2025-02-07,801,1,2,9,2,Enfermedad,8,Sí
7861,2025-02-10,801,1,2,9,2,Enfermedad,4,Sí
7862,2025-02-11,805,1,1,3,3,Enfermedad,4,Sí
7863,2025-02-07,807,5,13,27,3,Permiso personal,8,Sí
7864,2025-02-15,807,5,13,27,3,Enfermedad,4,Sí
7865,2025-02-10,812,1,4,4,3,Enfermedad,8,Sí
7866,2025-02-15,816,4,12,27,3,Enfermedad,8,Sí
7867,2025-02-19,816,4,12,27,3,Permiso personal,8,Sí
7868,2025-02-08,820,1,5,6,2,Permiso personal,8,Sí
7869,2025-02-04,827,4,11,27,2,Enfermedad,8,Sí
7870,2025-02-19,827,4,11,27,2,Enfermedad,4,Sí
7871,2025-02-14,829,1,1,17,3,Enfermedad,4,Sí
7872,2025-02-07,843,3,10,27,2,Permiso personal,4,Sí
7873,2025-02-14,846,1,1,2,2,Permiso personal,8,Sí
7874,2025-02-02,849,1,5,2,3,Falta injustificada,4,No
7875,2025-02-14,849,1,5,2,3,Enfermedad,4,Sí
7876,2025-02-14,850,1,3,22,2,Permiso personal,8,Sí
7877,2025-02-01,852,1,2,18,3,Enfermedad,4,Sí
7878,2025-02-18,852,1,2,18,3,Enfermedad,8,Sí
7879,2025-02-09,872,2,6,25,3,Enfermedad,8,Sí
7880,2025-02-28,874,1,3,11,3,Falta injustificada,8,No
7881,2025-02-10,883,1,2,18,3,Permiso personal,8,Sí
7882,2025-02-19,883,1,2,18,3,Enfermedad,8,Sí
7883,2025-02-01,884,1,5,24,3,Permiso personal,8,Sí
7884,2025-02-24,889,1,1,21,2,Permiso personal,8,Sí
7885,2025-02-17,890,1,4,22,3,Falta injustificada,8,No
7886,2025-02-08,898,1,1,7,1,Enfermedad,8,Sí
7887,2025-02-14,898,1,1,7,1,Permiso personal,8,Sí
7888,2025-03-03,2,2,7,25,4,Permiso personal,4,Sí
7889,2025-03-07,2,2,7,25,4,Enfermedad,8,Sí
7890,2025-03-15,3,1,4,11,4,Enfermedad,4,Sí
7891,2025-03-03,6,1,5,7,4,Enfermedad,4,Sí
7892,2025-03-20,12,1,5,10,4,Permiso personal,8,Sí
7893,2025-03-11,13,1,5,8,3,Permiso personal,4,Sí
7894,2025-03-12,14,1,4,19,4,Permiso personal,8,Sí
7895,2025-03-28,17,6,15,27,4,Enfermedad,8,Sí
7896,2025-03-01,22,1,5,18,4,Permiso personal,8,Sí
7897,2025-03-03,22,1,5,18,4,Enfermedad,4,Sí
7898,2025-03-21,25,1,3,11,4,Enfermedad,4,Sí
7899,2025-03-11,27,1,4,22,4,Enfermedad,8,Sí
7900,2025-03-28,30,2,8,25,4,Permiso personal,8,Sí
7901,2025-03-24,35,1,1,11,4,Permiso personal,8,Sí
7902,2025-03-19,40,1,1,3,4,Enfermedad,8,Sí
7903,2025-03-15,47,1,1,5,4,Enfermedad,8,Sí
7904,2025-03-03,50,2,7,26,4,Enfermedad,8,Sí
7905,2025-03-10,52,1,4,19,3,Enfermedad,4,Sí
7906,2025-03-26,56,1,3,17,4,Permiso personal,8,Sí
7907,2025-03-24,58,1,3,10,4,Enfermedad,8,Sí
7908,2025-03-29,58,1,3,10,4,Permiso personal,8,Sí
7909,2025-03-08,65,1,3,20,4,Permiso personal,8,Sí
7910,2025-03-07,68,1,2,7,4,Enfermedad,8,Sí
7911,2025-03-19,70,2,6,26,4,Enfermedad,8,Sí
7912,2025-03-03,72,1,1,21,4,Enfermedad,8,Sí
7913,2025-03-30,72,1,1,21,4,Permiso personal,8,Sí
7914,2025-03-07,73,1,2,9,4,Enfermedad,8,Sí
7915,2025-03-23,73,1,2,9,4,Enfermedad,8,Sí
7916,2025-03-08,75,1,5,18,3,Enfermedad,4,Sí
7917,2025-03-15,75,1,5,18,3,Enfermedad,8,Sí
7918,2025-03-22,75,1,5,18,3,Enfermedad,4,Sí
7919,2025-03-23,77,2,6,25,4,Enfermedad,8,Sí
7920,2025-03-31,77,2,6,25,4,Permiso personal,8,Sí
7921,2025-03-03,78,3,9,27,4,Enfermedad,8,Sí
7922,2025-03-08,78,3,9,27,4,Enfermedad,8,Sí
7923,2025-03-09,78,3,9,27,4,Falta injustificada,8,No
7924,2025-03-16,78,3,9,27,4,Permiso personal,8,Sí
7925,2025-03-07,80,1,3,12,4,Falta injustificada,8,No
7926,2025-03-31,80,1,3,12,4,Enfermedad,4,Sí
7927,2025-03-14,90,2,6,26,4,Enfermedad,8,Sí
7928,2025-03-29,93,1,4,14,4,Enfermedad,8,Sí
7929,2025-03-19,98,1,3,18,4,Permiso personal,8,Sí
7930,2025-03-15,99,1,2,5,4,Enfermedad,8,Sí
7931,2025-03-05,102,1,1,14,4,Permiso personal,8,Sí
7932,2025-03-04,103,1,2,23,4,Enfermedad,8,Sí
7933,2025-03-25,103,1,2,23,4,Enfermedad,8,Sí
7934,2025-03-11,112,1,1,9,4,Enfermedad,8,Sí
7935,2025-03-24,118,1,4,15,3,Permiso personal,8,Sí
7936,2025-03-19,119,1,5,4,3,Enfermedad,8,Sí
7937,2025-03-13,124,1,1,15,4,Enfermedad,4,Sí
7938,2025-03-05,126,1,1,12,4,Enfermedad,8,Sí
7939,2025-03-30,126,1,1,12,4,Permiso personal,8,Sí
7940,2025-03-10,129,1,1,21,4,Enfermedad,4,Sí
7941,2025-03-16,130,1,5,5,4,Enfermedad,4,Sí
7942,2025-03-21,139,1,5,11,3,Permiso personal,8,Sí
7943,2025-03-26,139,1,5,11,3,Permiso personal,8,Sí
7944,2025-03-30,140,1,1,22,4,Enfermedad,8,Sí
7945,2025-03-07,142,1,2,8,3,Enfermedad,4,Sí
7946,2025-03-14,142,1,2,8,3,Permiso personal,4,Sí
7947,2025-03-21,142,1,2,8,3,Permiso personal,8,Sí
7948,2025-03-05,144,1,3,12,3,Permiso personal,8,Sí
7949,2025-03-18,145,1,2,1,4,Falta injustificada,4,No
7950,2025-03-16,155,2,6,26,4,Permiso personal,8,Sí
7951,2025-03-22,158,1,4,23,3,Enfermedad,8,Sí
7952,2025-03-28,158,1,4,23,3,Enfermedad,4,Sí
7953,2025-03-28,160,1,3,19,4,Falta injustificada,8,No
7954,2025-03-17,161,1,3,22,4,Enfermedad,8,Sí
7955,2025-03-10,163,1,5,22,4,Enfermedad,8,Sí
7956,2025-03-17,163,1,5,22,4,Enfermedad,4,Sí
7957,2025-03-02,165,1,2,3,4,Permiso personal,4,Sí
7958,2025-03-12,165,1,2,3,4,Permiso personal,8,Sí
7959,2025-03-29,166,1,1,5,4,Permiso personal,8,Sí
7960,2025-03-31,167,1,3,22,4,Permiso personal,4,Sí
7961,2025-03-16,168,1,3,6,4,Permiso personal,4,Sí
7962,2025-03-18,168,1,3,6,4,Enfermedad,8,Sí
7963,2025-03-17,169,1,1,7,4,Enfermedad,8,Sí
7964,2025-03-31,169,1,1,7,4,Falta injustificada,4,No
7965,2025-03-27,171,1,4,4,4,Falta injustificada,8,No
7966,2025-03-16,176,1,1,6,4,Enfermedad,8,Sí
7967,2025-03-23,176,1,1,6,4,Enfermedad,8,Sí
7968,2025-03-19,181,1,1,9,4,Permiso personal,8,Sí
7969,2025-03-15,183,6,15,27,4,Enfermedad,8,Sí
7970,2025-03-25,184,1,1,11,4,Falta injustificada,8,No
7971,2025-03-15,186,1,1,11,4,Enfermedad,4,Sí
7972,2025-03-19,186,1,1,11,4,Enfermedad,4,Sí
7973,2025-03-03,191,1,3,7,4,Enfermedad,4,Sí
7974,2025-03-21,191,1,3,7,4,Permiso personal,8,Sí
7975,2025-03-01,192,1,1,2,4,Permiso personal,8,Sí
7976,2025-03-14,193,1,4,21,4,Enfermedad,8,Sí
7977,2025-03-14,195,1,2,14,4,Enfermedad,8,Sí
7978,2025-03-27,195,1,2,14,4,Permiso personal,4,Sí
7979,2025-03-03,198,1,1,23,4,Enfermedad,4,Sí
7980,2025-03-15,198,1,1,23,4,Permiso personal,8,Sí
7981,2025-03-20,199,6,15,27,4,Enfermedad,8,Sí
7982,2025-03-30,203,4,12,27,3,Permiso personal,4,Sí
7983,2025-03-03,205,1,1,12,3,Enfermedad,8,Sí
7984,2025-03-09,205,1,1,12,3,Permiso personal,8,Sí
7985,2025-03-24,205,1,1,12,3,Enfermedad,8,Sí
7986,2025-03-30,205,1,1,12,3,Enfermedad,4,Sí
7987,2025-03-13,207,1,1,3,4,Enfermedad,8,Sí
7988,2025-03-22,208,2,6,25,4,Enfermedad,8,Sí
7989,2025-03-04,212,1,2,12,4,Permiso personal,4,Sí
7990,2025-03-08,212,1,2,12,4,Enfermedad,4,Sí
7991,2025-03-24,213,1,4,14,4,Enfermedad,8,Sí
7992,2025-03-21,214,1,4,4,4,Enfermedad,8,Sí
7993,2025-03-28,221,1,2,11,4,Enfermedad,8,Sí
7994,2025-03-06,222,1,2,4,4,Falta injustificada,4,No
7995,2025-03-10,224,5,14,27,4,Falta injustificada,8,No
7996,2025-03-02,227,1,1,9,4,Enfermedad,8,Sí
7997,2025-03-28,230,1,3,17,4,Enfermedad,8,Sí
7998,2025-03-31,239,1,3,8,4,Permiso personal,8,Sí
7999,2025-03-03,241,1,1,14,3,Enfermedad,4,Sí
8000,2025-03-01,242,1,1,2,4,Permiso personal,8,Sí
8001,2025-03-17,245,1,1,5,4,Enfermedad,8,Sí
8002,2025-03-13,248,1,4,2,4,Enfermedad,8,Sí
8003,2025-03-30,248,1,4,2,4,Enfermedad,8,Sí
8004,2025-03-02,259,1,3,8,4,Enfermedad,8,Sí
8005,2025-03-19,259,1,3,8,4,Enfermedad,4,Sí
8006,2025-03-24,259,1,3,8,4,Enfermedad,8,Sí
8007,2025-03-13,263,1,3,12,4,Permiso personal,8,Sí
8008,2025-03-03,266,1,2,18,4,Enfermedad,8,Sí
8009,2025-03-18,268,1,5,10,4,Enfermedad,4,Sí
8010,2025-03-31,280,1,4,13,3,Enfermedad,8,Sí
8011,2025-03-15,283,1,5,12,4,Enfermedad,8,Sí
8012,2025-03-29,283,1,5,12,4,Enfermedad,8,Sí
8013,2025-03-28,289,1,3,1,4,Permiso personal,8,Sí
8014,2025-03-06,290,1,3,3,4,Enfermedad,4,Sí
8015,2025-03-21,290,1,3,3,4,Enfermedad,8,Sí
8016,2025-03-30,291,1,2,2,4,Enfermedad,8,Sí
8017,2025-03-23,294,1,1,1,3,Permiso personal,8,Sí
8018,2025-03-01,295,1,5,18,4,Permiso personal,8,Sí
8019,2025-03-24,297,1,5,5,4,Permiso personal,8,Sí
8020,2025-03-30,297,1,5,5,4,Permiso personal,8,Sí
8021,2025-03-03,301,1,5,1,4,Enfermedad,8,Sí
8022,2025-03-11,301,1,5,1,4,Enfermedad,8,Sí
8023,2025-03-14,304,1,3,7,4,Enfermedad,4,Sí
8024,2025-03-13,321,6,16,27,4,Enfermedad,8,Sí
8025,2025-03-25,327,3,9,27,4,Enfermedad,4,Sí
8026,2025-03-16,331,1,1,4,4,Falta injustificada,8,No
8027,2025-03-18,343,1,1,15,4,Permiso personal,8,Sí
8028,2025-03-22,344,1,1,24,4,Enfermedad,8,Sí
8029,2025-03-04,345,1,2,7,4,Falta injustificada,8,No
8030,2025-03-12,349,6,15,27,4,Permiso personal,8,Sí
8031,2025-03-02,351,1,1,11,3,Enfermedad,8,Sí
8032,2025-03-03,351,1,1,11,3,Enfermedad,8,Sí
8033,2025-03-29,354,1,1,1,3,Permiso personal,8,Sí
8034,2025-03-08,355,1,5,2,3,Falta injustificada,8,No
8035,2025-03-12,357,1,5,8,2,Enfermedad,8,Sí
8036,2025-03-30,357,1,5,8,2,Permiso personal,8,Sí
8037,2025-03-02,358,1,2,13,2,Permiso personal,8,Sí
8038,2025-03-07,363,1,4,13,2,Enfermedad,4,Sí
8039,2025-03-20,363,1,4,13,2,Enfermedad,8,Sí
8040,2025-03-11,370,2,6,26,2,Permiso personal,8,Sí
8041,2025-03-31,374,1,4,3,2,Permiso personal,8,Sí
8042,2025-03-05,376,3,10,27,3,Permiso personal,8,Sí
8043,2025-03-30,378,1,1,17,3,Enfermedad,8,Sí
8044,2025-03-01,379,6,16,27,3,Enfermedad,8,Sí
8045,2025-03-11,384,2,6,25,3,Falta injustificada,8,No
8046,2025-03-20,384,2,6,25,3,Enfermedad,8,Sí
8047,2025-03-09,387,1,5,18,3,Enfermedad,8,Sí
8048,2025-03-30,389,1,3,6,3,Permiso personal,4,Sí
8049,2025-03-30,393,1,4,4,3,Enfermedad,8,Sí
8050,2025-03-28,397,1,3,7,3,Permiso personal,8,Sí
8051,2025-03-29,400,1,1,1,2,Permiso personal,8,Sí
8052,2025-03-07,408,1,2,13,2,Enfermedad,4,Sí
8053,2025-03-13,412,3,10,27,3,Enfermedad,4,Sí
8054,2025-03-11,414,1,2,19,2,Enfermedad,4,Sí
8055,2025-03-27,416,1,1,8,2,Permiso personal,8,Sí
8056,2025-03-28,417,1,1,19,2,Enfermedad,8,Sí
8057,2025-03-01,424,1,1,24,2,Permiso personal,4,Sí
8058,2025-03-27,425,1,1,7,2,Permiso personal,8,Sí
8059,2025-03-28,425,1,1,7,2,Enfermedad,8,Sí
8060,2025-03-21,426,1,1,17,2,Enfermedad,4,Sí
8061,2025-03-24,426,1,1,17,2,Enfermedad,8,Sí
8062,2025-03-01,428,1,2,15,3,Enfermedad,4,Sí
8063,2025-03-17,428,1,2,15,3,Enfermedad,4,Sí
8064,2025-03-08,435,1,4,7,3,Permiso personal,8,Sí
8065,2025-03-27,438,2,6,25,1,Enfermedad,4,Sí
8066,2025-03-12,445,1,2,16,1,Enfermedad,8,Sí
8067,2025-03-03,449,1,3,24,3,Permiso personal,8,Sí
8068,2025-03-18,449,1,3,24,3,Enfermedad,8,Sí
8069,2025-03-26,452,1,3,21,3,Enfermedad,8,Sí
8070,2025-03-08,456,1,2,15,2,Enfermedad,8,Sí
8071,2025-03-03,457,1,5,9,3,Enfermedad,8,Sí
8072,2025-03-01,460,1,1,1,2,Enfermedad,8,Sí
8073,2025-03-17,462,3,10,27,2,Enfermedad,8,Sí
8074,2025-03-27,462,3,10,27,2,Enfermedad,8,Sí
8075,2025-03-03,468,2,6,26,2,Enfermedad,8,Sí
8076,2025-03-14,468,2,6,26,2,Enfermedad,8,Sí
8077,2025-03-08,471,1,2,2,3,Enfermedad,8,Sí
8078,2025-03-05,476,6,15,27,2,Enfermedad,4,Sí
8079,2025-03-20,476,6,15,27,2,Enfermedad,4,Sí
8080,2025-03-09,478,6,15,27,2,Permiso personal,8,Sí
8081,2025-03-15,478,6,15,27,2,Enfermedad,8,Sí
8082,2025-03-11,481,1,1,20,3,Enfermedad,8,Sí
8083,2025-03-25,481,1,1,20,3,Enfermedad,8,Sí
8084,2025-03-02,490,3,10,27,3,Enfermedad,8,Sí
8085,2025-03-11,490,3,10,27,3,Enfermedad,4,Sí
8086,2025-03-16,490,3,10,27,3,Permiso personal,8,Sí
8087,2025-03-25,490,3,10,27,3,Enfermedad,4,Sí
8088,2025-03-15,494,1,2,3,3,Enfermedad,8,Sí
8089,2025-03-30,494,1,2,3,3,Enfermedad,8,Sí
8090,2025-03-15,495,1,2,9,2,Enfermedad,4,Sí
8091,2025-03-27,496,1,5,5,3,Permiso personal,4,Sí
8092,2025-03-10,498,1,1,18,2,Enfermedad,8,Sí
8093,2025-03-23,506,2,6,25,1,Permiso personal,8,Sí
8094,2025-03-09,508,1,4,14,2,Enfermedad,8,Sí
8095,2025-03-03,510,5,14,27,3,Permiso personal,8,Sí
8096,2025-03-18,518,5,14,27,1,Enfermedad,8,Sí
8097,2025-03-01,521,1,4,13,1,Enfermedad,8,Sí
8098,2025-03-30,521,1,4,13,1,Permiso personal,8,Sí
8099,2025-03-19,522,1,1,7,2,Enfermedad,8,Sí
8100,2025-03-12,523,1,1,9,3,Permiso personal,4,Sí
8101,2025-03-24,524,6,15,27,3,Permiso personal,8,Sí
8102,2025-03-23,532,1,5,11,3,Permiso personal,4,Sí
8103,2025-03-31,532,1,5,11,3,Enfermedad,8,Sí
8104,2025-03-17,540,1,3,14,3,Enfermedad,8,Sí
8105,2025-03-28,544,2,6,26,3,Enfermedad,8,Sí
8106,2025-03-21,548,2,6,26,2,Permiso personal,8,Sí
8107,2025-03-24,548,2,6,26,2,Permiso personal,4,Sí
8108,2025-03-10,553,1,4,3,3,Falta injustificada,8,No
8109,2025-03-17,556,1,1,7,2,Enfermedad,8,Sí
8110,2025-03-28,556,1,1,7,2,Enfermedad,4,Sí
8111,2025-03-31,556,1,1,7,2,Enfermedad,8,Sí
8112,2025-03-15,557,1,3,18,2,Falta injustificada,8,No
8113,2025-03-29,561,1,1,15,2,Permiso personal,8,Sí
8114,2025-03-16,567,1,3,12,3,Permiso personal,4,Sí
8115,2025-03-19,567,1,3,12,3,Enfermedad,8,Sí
8116,2025-03-11,572,1,5,23,3,Enfermedad,8,Sí
8117,2025-03-10,573,1,3,15,3,Falta injustificada,4,No
8118,2025-03-08,586,1,1,23,3,Enfermedad,8,Sí
8119,2025-03-25,586,1,1,23,3,Permiso personal,8,Sí
8120,2025-03-28,586,1,1,23,3,Permiso personal,8,Sí
8121,2025-03-02,589,1,1,4,3,Falta injustificada,4,No
8122,2025-03-22,596,2,6,26,1,Enfermedad,4,Sí
8123,2025-03-06,601,1,1,23,2,Permiso personal,8,Sí
8124,2025-03-11,601,1,1,23,2,Enfermedad,8,Sí
8125,2025-03-31,601,1,1,23,2,Enfermedad,8,Sí
8126,2025-03-11,603,1,1,11,2,Permiso personal,8,Sí
8127,2025-03-09,609,1,3,16,3,Permiso personal,8,Sí
8128,2025-03-30,609,1,3,16,3,Enfermedad,4,Sí
8129,2025-03-31,609,1,3,16,3,Enfermedad,8,Sí
8130,2025-03-04,610,1,5,19,2,Permiso personal,8,Sí
8131,2025-03-09,610,1,5,19,2,Enfermedad,4,Sí
8132,2025-03-08,611,1,1,10,3,Falta injustificada,8,No
8133,2025-03-20,615,1,2,3,1,Enfermedad,8,Sí
8134,2025-03-25,615,1,2,3,1,Enfermedad,8,Sí
8135,2025-03-27,615,1,2,3,1,Enfermedad,8,Sí
8136,2025-03-10,616,1,4,23,2,Enfermedad,8,Sí
8137,2025-03-28,619,1,1,7,1,Falta injustificada,4,No
8138,2025-03-31,619,1,1,7,1,Enfermedad,8,Sí
8139,2025-03-17,624,1,3,4,1,Enfermedad,8,Sí
8140,2025-03-23,624,1,3,4,1,Enfermedad,8,Sí
8141,2025-03-15,626,2,6,25,3,Enfermedad,8,Sí
8142,2025-03-31,631,1,2,8,2,Enfermedad,8,Sí
8143,2025-03-10,637,1,1,22,1,Enfermedad,4,Sí
8144,2025-03-02,638,1,5,24,3,Falta injustificada,4,No
8145,2025-03-04,643,1,5,21,3,Permiso personal,8,Sí
8146,2025-03-21,643,1,5,21,3,Enfermedad,8,Sí
8147,2025-03-08,646,1,1,19,2,Enfermedad,4,Sí
8148,2025-03-14,646,1,1,19,2,Falta injustificada,8,No
8149,2025-03-24,647,1,1,5,3,Enfermedad,8,Sí
8150,2025-03-01,649,1,2,6,3,Permiso personal,4,Sí
8151,2025-03-04,651,1,4,10,3,Falta injustificada,4,No
8152,2025-03-12,651,1,4,10,3,Permiso personal,8,Sí
8153,2025-03-23,651,1,4,10,3,Permiso personal,8,Sí
8154,2025-03-24,651,1,4,10,3,Permiso personal,4,Sí
8155,2025-03-23,652,1,1,10,2,Enfermedad,8,Sí
8156,2025-03-30,652,1,1,10,2,Enfermedad,8,Sí
8157,2025-03-14,653,1,1,3,1,Permiso personal,8,Sí
8158,2025-03-08,656,4,12,27,3,Enfermedad,8,Sí
8159,2025-03-18,656,4,12,27,3,Enfermedad,4,Sí
8160,2025-03-27,661,1,2,16,2,Enfermedad,4,Sí
8161,2025-03-10,664,1,1,7,1,Permiso personal,8,Sí
8162,2025-03-21,664,1,1,7,1,Enfermedad,8,Sí
8163,2025-03-19,665,1,4,16,2,Enfermedad,8,Sí
8164,2025-03-22,670,2,6,25,2,Permiso personal,8,Sí
8165,2025-03-02,673,1,5,20,2,Falta injustificada,8,No
8166,2025-03-19,673,1,5,20,2,Enfermedad,8,Sí
8167,2025-03-05,678,1,2,2,3,Enfermedad,4,Sí
8168,2025-03-31,701,1,4,7,2,Permiso personal,8,Sí
8169,2025-03-14,702,1,1,14,1,Enfermedad,8,Sí
8170,2025-03-30,704,1,1,2,2,Enfermedad,8,Sí
8171,2025-03-09,708,4,12,27,3,Enfermedad,8,Sí
8172,2025-03-27,711,4,12,27,2,Enfermedad,8,Sí
8173,2025-03-27,713,1,1,5,2,Enfermedad,4,Sí
8174,2025-03-01,716,1,4,8,3,Permiso personal,8,Sí
8175,2025-03-21,716,1,4,8,3,Enfermedad,8,Sí
8176,2025-03-11,729,1,1,8,1,Enfermedad,8,Sí
8177,2025-03-31,729,1,1,8,1,Enfermedad,4,Sí
8178,2025-03-02,749,1,1,8,2,Enfermedad,4,Sí
8179,2025-03-05,749,1,1,8,2,Enfermedad,8,Sí
8180,2025-03-24,756,1,3,22,3,Enfermedad,4,Sí
8181,2025-03-21,760,1,5,1,2,Permiso personal,8,Sí
8182,2025-03-07,767,2,6,25,3,Enfermedad,8,Sí
8183,2025-03-31,771,1,1,7,1,Enfermedad,8,Sí
8184,2025-03-23,780,1,1,8,3,Permiso personal,8,Sí
8185,2025-03-31,783,1,4,8,1,Enfermedad,8,Sí
8186,2025-03-22,788,1,1,19,2,Permiso personal,8,Sí
8187,2025-03-28,790,1,1,8,2,Enfermedad,8,Sí
8188,2025-03-14,809,1,2,1,3,Enfermedad,8,Sí
8189,2025-03-05,812,1,4,4,3,Enfermedad,8,Sí
8190,2025-03-12,812,1,4,4,3,Enfermedad,8,Sí
8191,2025-03-06,816,4,12,27,3,Falta injustificada,8,No
8192,2025-03-23,816,4,12,27,3,Permiso personal,4,Sí
8193,2025-03-04,818,4,12,27,1,Enfermedad,8,Sí
8194,2025-03-05,818,4,12,27,1,Permiso personal,8,Sí
8195,2025-03-05,820,1,5,6,2,Permiso personal,8,Sí
8196,2025-03-03,821,2,7,26,3,Permiso personal,8,Sí
8197,2025-03-01,822,1,1,18,2,Enfermedad,8,Sí
8198,2025-03-15,822,1,1,18,2,Enfermedad,8,Sí
8199,2025-03-16,827,4,11,27,2,Enfermedad,8,Sí
8200,2025-03-03,829,1,1,17,3,Enfermedad,8,Sí
8201,2025-03-02,833,1,5,13,3,Falta injustificada,4,No
8202,2025-03-23,833,1,5,13,3,Permiso personal,8,Sí
8203,2025-03-21,836,5,13,27,3,Enfermedad,4,Sí
8204,2025-03-23,836,5,13,27,3,Enfermedad,8,Sí
8205,2025-03-10,843,3,10,27,2,Permiso personal,8,Sí
8206,2025-03-06,844,1,3,17,2,Enfermedad,8,Sí
8207,2025-03-07,844,1,3,17,2,Enfermedad,4,Sí
8208,2025-03-09,851,1,1,14,1,Permiso personal,8,Sí
8209,2025-03-07,852,1,2,18,3,Permiso personal,8,Sí
8210,2025-03-12,853,1,1,11,3,Enfermedad,4,Sí
8211,2025-03-14,860,1,5,7,2,Permiso personal,8,Sí
8212,2025-03-29,862,1,2,4,3,Permiso personal,4,Sí
8213,2025-03-11,880,1,2,22,2,Permiso personal,8,Sí
8214,2025-03-16,884,1,5,24,3,Enfermedad,8,Sí
8215,2025-03-16,886,5,13,27,2,Permiso personal,4,Sí
8216,2025-03-14,887,1,2,10,3,Permiso personal,8,Sí
8217,2025-03-22,890,1,4,22,3,Permiso personal,8,Sí
8218,2025-03-29,890,1,4,22,3,Enfermedad,4,Sí
8219,2025-03-13,894,4,12,27,1,Enfermedad,4,Sí
8220,2025-03-22,898,1,1,7,1,Enfermedad,8,Sí
8221,2025-04-11,2,2,7,25,4,Enfermedad,8,Sí
8222,2025-04-19,2,2,7,25,4,Enfermedad,4,Sí
8223,2025-04-02,6,1,5,7,4,Enfermedad,8,Sí
8224,2025-04-10,6,1,5,7,4,Permiso personal,8,Sí
8225,2025-04-15,9,1,1,11,4,Enfermedad,8,Sí
8226,2025-04-02,13,1,5,8,3,Enfermedad,4,Sí
8227,2025-04-10,13,1,5,8,3,Enfermedad,8,Sí
8228,2025-04-14,13,1,5,8,3,Enfermedad,8,Sí
8229,2025-04-17,13,1,5,8,3,Permiso personal,8,Sí
8230,2025-04-18,13,1,5,8,3,Permiso personal,8,Sí
8231,2025-04-06,18,4,11,27,3,Falta injustificada,8,No
8232,2025-04-09,18,4,11,27,3,Enfermedad,8,Sí
8233,2025-04-09,20,1,2,24,4,Permiso personal,8,Sí
8234,2025-04-01,21,1,3,21,4,Permiso personal,8,Sí
8235,2025-04-02,25,1,3,11,4,Enfermedad,8,Sí
8236,2025-04-15,28,1,1,21,4,Enfermedad,8,Sí
8237,2025-04-22,29,1,1,9,4,Enfermedad,8,Sí
8238,2025-04-12,36,1,3,20,4,Enfermedad,8,Sí
8239,2025-04-28,37,3,9,27,4,Enfermedad,4,Sí
8240,2025-04-09,40,1,1,3,4,Permiso personal,8,Sí
8241,2025-04-30,41,1,2,17,4,Permiso personal,4,Sí
8242,2025-04-01,48,1,5,12,4,Falta injustificada,8,No
8243,2025-04-09,48,1,5,12,4,Enfermedad,4,Sí
8244,2025-04-10,48,1,5,12,4,Enfermedad,4,Sí
8245,2025-04-16,48,1,5,12,4,Enfermedad,4,Sí
8246,2025-04-24,48,1,5,12,4,Permiso personal,8,Sí
8247,2025-04-22,50,2,7,26,4,Permiso personal,8,Sí
8248,2025-04-17,53,1,5,11,4,Permiso personal,8,Sí
8249,2025-04-03,54,1,4,19,4,Enfermedad,8,Sí
8250,2025-04-29,56,1,3,17,4,Permiso personal,8,Sí
8251,2025-04-07,65,1,3,20,4,Enfermedad,8,Sí
8252,2025-04-30,68,1,2,7,4,Enfermedad,8,Sí
8253,2025-04-02,70,2,6,26,4,Enfermedad,8,Sí
8254,2025-04-27,70,2,6,26,4,Enfermedad,4,Sí
8255,2025-04-28,70,2,6,26,4,Permiso personal,8,Sí
8256,2025-04-01,77,2,6,25,4,Enfermedad,8,Sí
8257,2025-04-21,77,2,6,25,4,Enfermedad,4,Sí
8258,2025-04-04,90,2,6,26,4,Falta injustificada,8,No
8259,2025-04-25,90,2,6,26,4,Enfermedad,8,Sí
8260,2025-04-01,96,1,1,12,4,Falta injustificada,8,No
8261,2025-04-22,96,1,1,12,4,Falta injustificada,8,No
8262,2025-04-13,100,1,4,23,4,Permiso personal,8,Sí
8263,2025-04-19,100,1,4,23,4,Enfermedad,8,Sí
8264,2025-04-08,103,1,2,23,4,Enfermedad,8,Sí
8265,2025-04-22,106,1,4,6,4,Enfermedad,8,Sí
8266,2025-04-17,108,1,2,17,4,Enfermedad,8,Sí
8267,2025-04-02,112,1,1,9,4,Enfermedad,8,Sí
8268,2025-04-10,112,1,1,9,4,Falta injustificada,8,No
8269,2025-04-27,119,1,5,4,3,Falta injustificada,4,No
8270,2025-04-19,122,1,2,21,4,Permiso personal,8,Sí
8271,2025-04-17,124,1,1,15,4,Permiso personal,8,Sí
8272,2025-04-19,124,1,1,15,4,Enfermedad,8,Sí
8273,2025-04-14,128,1,2,2,4,Enfermedad,4,Sí
8274,2025-04-05,131,1,5,5,3,Falta injustificada,8,No
8275,2025-04-15,131,1,5,5,3,Enfermedad,8,Sí
8276,2025-04-27,137,1,1,8,4,Enfermedad,8,Sí
8277,2025-04-03,138,1,4,7,4,Falta injustificada,4,No
8278,2025-04-08,138,1,4,7,4,Enfermedad,8,Sí
8279,2025-04-10,138,1,4,7,4,Permiso personal,4,Sí
8280,2025-04-10,140,1,1,22,4,Enfermedad,4,Sí
8281,2025-04-05,142,1,2,8,3,Enfermedad,8,Sí
8282,2025-04-14,142,1,2,8,3,Enfermedad,4,Sí
8283,2025-04-25,144,1,3,12,3,Enfermedad,4,Sí
8284,2025-04-22,145,1,2,1,4,Enfermedad,8,Sí
8285,2025-04-18,152,1,1,20,4,Enfermedad,8,Sí
8286,2025-04-24,152,1,1,20,4,Permiso personal,8,Sí
8287,2025-04-10,158,1,4,23,3,Permiso personal,4,Sí
8288,2025-04-23,158,1,4,23,3,Enfermedad,8,Sí
8289,2025-04-25,160,1,3,19,4,Permiso personal,4,Sí
8290,2025-04-17,161,1,3,22,4,Enfermedad,8,Sí
8291,2025-04-20,161,1,3,22,4,Permiso personal,8,Sí
8292,2025-04-14,163,1,5,22,4,Enfermedad,8,Sí
8293,2025-04-23,166,1,1,5,4,Enfermedad,4,Sí
8294,2025-04-25,167,1,3,22,4,Enfermedad,8,Sí
8295,2025-04-16,169,1,1,7,4,Enfermedad,8,Sí
8296,2025-04-13,171,1,4,4,4,Falta injustificada,4,No
8297,2025-04-03,174,1,2,16,4,Enfermedad,8,Sí
8298,2025-04-04,174,1,2,16,4,Permiso personal,8,Sí
8299,2025-04-10,180,1,3,6,4,Permiso personal,8,Sí
8300,2025-04-26,183,6,15,27,4,Enfermedad,4,Sí
8301,2025-04-10,186,1,1,11,4,Enfermedad,4,Sí
8302,2025-04-08,187,1,3,20,4,Enfermedad,4,Sí
8303,2025-04-12,187,1,3,20,4,Enfermedad,8,Sí
8304,2025-04-29,187,1,3,20,4,Permiso personal,8,Sí
8305,2025-04-07,188,1,4,1,4,Enfermedad,8,Sí
8306,2025-04-30,188,1,4,1,4,Permiso personal,8,Sí
8307,2025-04-26,190,6,16,27,4,Permiso personal,8,Sí
8308,2025-04-26,191,1,3,7,4,Enfermedad,8,Sí
8309,2025-04-27,191,1,3,7,4,Enfermedad,4,Sí
8310,2025-04-28,191,1,3,7,4,Enfermedad,8,Sí
8311,2025-04-07,192,1,1,2,4,Enfermedad,8,Sí
8312,2025-04-16,195,1,2,14,4,Permiso personal,8,Sí
8313,2025-04-07,198,1,1,23,4,Enfermedad,8,Sí
8314,2025-04-22,198,1,1,23,4,Permiso personal,4,Sí
8315,2025-04-16,208,2,6,25,4,Falta injustificada,8,No
8316,2025-04-29,208,2,6,25,4,Permiso personal,8,Sí
8317,2025-04-18,212,1,2,12,4,Permiso personal,8,Sí
8318,2025-04-04,214,1,4,4,4,Enfermedad,8,Sí
8319,2025-04-24,214,1,4,4,4,Enfermedad,8,Sí
8320,2025-04-06,221,1,2,11,4,Enfermedad,8,Sí
8321,2025-04-02,222,1,2,4,4,Permiso personal,8,Sí
8322,2025-04-03,222,1,2,4,4,Permiso personal,8,Sí
8323,2025-04-29,224,5,14,27,4,Enfermedad,4,Sí
8324,2025-04-14,230,1,3,17,4,Permiso personal,8,Sí
8325,2025-04-28,239,1,3,8,4,Enfermedad,4,Sí
8326,2025-04-07,241,1,1,14,3,Permiso personal,8,Sí
8327,2025-04-23,245,1,1,5,4,Enfermedad,8,Sí
8328,2025-04-03,248,1,4,2,4,Enfermedad,4,Sí
8329,2025-04-28,248,1,4,2,4,Enfermedad,4,Sí
8330,2025-04-07,252,1,2,21,4,Enfermedad,8,Sí
8331,2025-04-02,256,1,4,21,4,Enfermedad,8,Sí
8332,2025-04-29,257,1,2,22,4,Enfermedad,4,Sí
8333,2025-04-21,259,1,3,8,4,Enfermedad,8,Sí
8334,2025-04-19,261,1,5,23,4,Enfermedad,4,Sí
8335,2025-04-15,266,1,2,18,4,Falta injustificada,8,No
8336,2025-04-28,266,1,2,18,4,Permiso personal,8,Sí
8337,2025-04-05,268,1,5,10,4,Permiso personal,4,Sí
8338,2025-04-11,269,1,1,8,4,Enfermedad,4,Sí
8339,2025-04-03,279,1,4,10,4,Falta injustificada,8,No
8340,2025-04-24,279,1,4,10,4,Enfermedad,8,Sí
8341,2025-04-03,285,5,14,27,3,Enfermedad,8,Sí
8342,2025-04-22,289,1,3,1,4,Enfermedad,8,Sí
8343,2025-04-17,290,1,3,3,4,Permiso personal,8,Sí
8344,2025-04-11,292,2,6,26,4,Enfermedad,8,Sí
8345,2025-04-25,292,2,6,26,4,Enfermedad,8,Sí
8346,2025-04-17,294,1,1,1,3,Enfermedad,8,Sí
8347,2025-04-06,301,1,5,1,4,Enfermedad,8,Sí
8348,2025-04-21,309,1,4,9,4,Enfermedad,4,Sí
8349,2025-04-06,310,1,2,21,4,Falta injustificada,4,No
8350,2025-04-24,314,2,7,25,4,Enfermedad,8,Sí
8351,2025-04-24,320,1,4,10,4,Enfermedad,4,Sí
8352,2025-04-14,322,6,16,27,3,Permiso personal,4,Sí
8353,2025-04-19,326,1,1,15,4,Permiso personal,8,Sí
8354,2025-04-23,326,1,1,15,4,Permiso personal,8,Sí
8355,2025-04-12,331,1,1,4,4,Enfermedad,4,Sí
8356,2025-04-07,332,1,5,23,4,Permiso personal,4,Sí
8357,2025-04-20,332,1,5,23,4,Enfermedad,8,Sí
8358,2025-04-24,350,1,5,23,4,Enfermedad,8,Sí
8359,2025-04-11,354,1,1,1,3,Enfermedad,4,Sí
8360,2025-04-20,354,1,1,1,3,Enfermedad,4,Sí
8361,2025-04-09,355,1,5,2,3,Enfermedad,8,Sí
8362,2025-04-15,357,1,5,8,2,Permiso personal,8,Sí
8363,2025-04-28,357,1,5,8,2,Enfermedad,8,Sí
8364,2025-04-03,364,1,5,2,3,Enfermedad,8,Sí
8365,2025-04-20,364,1,5,2,3,Enfermedad,8,Sí
8366,2025-04-02,370,2,6,26,2,Enfermedad,4,Sí
8367,2025-04-17,377,1,5,16,1,Enfermedad,8,Sí
8368,2025-04-21,377,1,5,16,1,Enfermedad,8,Sí
8369,2025-04-16,378,1,1,17,3,Enfermedad,8,Sí
8370,2025-04-24,378,1,1,17,3,Enfermedad,8,Sí
8371,2025-04-28,378,1,1,17,3,Enfermedad,4,Sí
8372,2025-04-14,381,1,2,17,2,Enfermedad,4,Sí
8373,2025-04-04,384,2,6,25,3,Enfermedad,4,Sí
8374,2025-04-04,390,1,4,12,3,Enfermedad,8,Sí
8375,2025-04-11,394,1,3,4,2,Permiso personal,8,Sí
8376,2025-04-16,397,1,3,7,3,Enfermedad,4,Sí
8377,2025-04-10,402,1,4,10,2,Enfermedad,8,Sí
8378,2025-04-11,402,1,4,10,2,Enfermedad,8,Sí
8379,2025-04-22,404,1,5,10,3,Enfermedad,4,Sí
8380,2025-04-06,408,1,2,13,2,Falta injustificada,8,No
8381,2025-04-07,408,1,2,13,2,Enfermedad,8,Sí
8382,2025-04-27,408,1,2,13,2,Enfermedad,8,Sí
8383,2025-04-09,410,1,1,21,2,Permiso personal,8,Sí
8384,2025-04-04,416,1,1,8,3,Enfermedad,8,Sí
8385,2025-04-25,416,1,1,8,3,Permiso personal,4,Sí
8386,2025-04-27,416,1,1,8,3,Enfermedad,4,Sí
8387,2025-04-10,417,1,1,19,2,Enfermedad,8,Sí
8388,2025-04-24,417,1,1,19,2,Enfermedad,4,Sí
8389,2025-04-24,424,1,1,24,2,Falta injustificada,8,No
8390,2025-04-08,425,1,1,7,2,Permiso personal,8,Sí
8391,2025-04-09,425,1,1,7,2,Permiso personal,8,Sí
8392,2025-04-18,425,1,1,7,2,Permiso personal,8,Sí
8393,2025-04-12,428,1,2,15,3,Enfermedad,8,Sí
8394,2025-04-22,429,1,1,13,2,Falta injustificada,8,No
8395,2025-04-22,434,1,1,15,2,Enfermedad,8,Sí
8396,2025-04-15,435,1,4,7,3,Enfermedad,8,Sí
8397,2025-04-24,445,1,2,16,1,Enfermedad,8,Sí
8398,2025-04-25,445,1,2,16,1,Enfermedad,8,Sí
8399,2025-04-24,446,1,4,2,3,Enfermedad,8,Sí
8400,2025-04-05,449,1,3,24,3,Enfermedad,8,Sí
8401,2025-04-26,452,1,3,21,3,Enfermedad,8,Sí
8402,2025-04-20,456,1,2,15,2,Permiso personal,8,Sí
8403,2025-04-02,461,1,3,17,2,Permiso personal,8,Sí
8404,2025-04-10,461,1,3,17,2,Enfermedad,4,Sí
8405,2025-04-18,461,1,3,17,2,Enfermedad,8,Sí
8406,2025-04-16,462,3,10,27,2,Permiso personal,4,Sí
8407,2025-04-23,462,3,10,27,2,Enfermedad,8,Sí
8408,2025-04-29,468,2,6,26,3,Permiso personal,8,Sí
8409,2025-04-30,468,2,6,26,3,Enfermedad,4,Sí
8410,2025-04-04,471,1,2,2,3,Enfermedad,8,Sí
8411,2025-04-22,471,1,2,2,3,Permiso personal,8,Sí
8412,2025-04-03,476,6,15,27,2,Permiso personal,8,Sí
8413,2025-04-26,484,2,8,25,1,Enfermedad,4,Sí
8414,2025-04-14,496,1,5,5,3,Enfermedad,4,Sí
8415,2025-04-21,503,1,3,16,3,Enfermedad,8,Sí
8416,2025-04-05,506,2,6,25,1,Enfermedad,8,Sí
8417,2025-04-17,508,1,4,14,2,Enfermedad,8,Sí
8418,2025-04-17,510,5,14,27,3,Falta injustificada,4,No
8419,2025-04-22,518,5,14,27,1,Permiso personal,8,Sí
8420,2025-04-24,518,5,14,27,1,Enfermedad,4,Sí
8421,2025-04-11,521,1,4,13,2,Permiso personal,8,Sí
8422,2025-04-11,523,1,1,9,3,Enfermedad,8,Sí
8423,2025-04-24,523,1,1,9,3,Permiso personal,4,Sí
8424,2025-04-11,524,6,15,27,3,Enfermedad,8,Sí
8425,2025-04-29,524,6,15,27,3,Enfermedad,8,Sí
8426,2025-04-08,533,1,3,15,1,Enfermedad,4,Sí
8427,2025-04-28,533,1,3,15,1,Falta injustificada,4,No
8428,2025-04-11,534,1,2,22,3,Permiso personal,8,Sí
8429,2025-04-09,536,1,1,21,3,Enfermedad,8,Sí
8430,2025-04-19,537,2,8,25,2,Enfermedad,8,Sí
8431,2025-04-06,540,1,3,14,3,Permiso personal,8,Sí
8432,2025-04-22,540,1,3,14,3,Enfermedad,8,Sí
8433,2025-04-20,543,1,1,7,3,Enfermedad,4,Sí
8434,2025-04-25,543,1,1,7,3,Permiso personal,8,Sí
8435,2025-04-14,553,1,4,3,3,Permiso personal,8,Sí
8436,2025-04-04,556,1,1,7,2,Enfermedad,8,Sí
8437,2025-04-01,561,1,1,15,2,Enfermedad,8,Sí
8438,2025-04-05,563,1,3,13,2,Enfermedad,8,Sí
8439,2025-04-11,563,1,3,13,2,Enfermedad,8,Sí
8440,2025-04-01,566,6,15,27,3,Enfermedad,4,Sí
8441,2025-04-30,566,6,15,27,3,Permiso personal,8,Sí
8442,2025-04-13,567,1,3,12,3,Enfermedad,8,Sí
8443,2025-04-13,569,3,10,27,2,Enfermedad,8,Sí
8444,2025-04-14,569,3,10,27,2,Enfermedad,4,Sí
8445,2025-04-19,569,3,10,27,2,Enfermedad,8,Sí
8446,2025-04-17,571,1,3,12,3,Enfermedad,8,Sí
8447,2025-04-15,574,1,3,22,3,Enfermedad,8,Sí
8448,2025-04-23,580,2,8,26,3,Enfermedad,8,Sí
8449,2025-04-25,586,1,1,23,3,Enfermedad,8,Sí
8450,2025-04-02,589,1,1,4,3,Permiso personal,8,Sí
8451,2025-04-22,589,1,1,4,3,Enfermedad,4,Sí
8452,2025-04-07,603,1,1,11,2,Enfermedad,8,Sí
8453,2025-04-12,606,1,1,6,1,Permiso personal,8,Sí
8454,2025-04-07,609,1,3,16,3,Enfermedad,8,Sí
8455,2025-04-21,609,1,3,16,3,Falta injustificada,8,No
8456,2025-04-14,612,1,1,18,2,Enfermedad,8,Sí
8457,2025-04-11,615,1,2,3,1,Enfermedad,8,Sí
8458,2025-04-24,615,1,2,3,1,Enfermedad,8,Sí
8459,2025-04-07,616,1,4,23,2,Permiso personal,4,Sí
8460,2025-04-06,617,1,1,24,3,Enfermedad,4,Sí
8461,2025-04-07,624,1,3,4,2,Enfermedad,8,Sí
8462,2025-04-05,626,2,6,25,3,Enfermedad,8,Sí
8463,2025-04-29,636,1,5,4,1,Enfermedad,8,Sí
8464,2025-04-01,638,1,5,24,3,Enfermedad,8,Sí
8465,2025-04-25,647,1,1,5,3,Enfermedad,8,Sí
8466,2025-04-13,651,1,4,10,3,Permiso personal,8,Sí
8467,2025-04-19,652,1,1,10,2,Permiso personal,8,Sí
8468,2025-04-06,653,1,1,3,2,Falta injustificada,8,No
8469,2025-04-08,653,1,1,3,2,Enfermedad,8,Sí
8470,2025-04-21,653,1,1,3,2,Falta injustificada,8,No
8471,2025-04-29,653,1,1,3,2,Enfermedad,4,Sí
8472,2025-04-17,661,1,2,16,2,Enfermedad,8,Sí
8473,2025-04-11,664,1,1,7,1,Permiso personal,8,Sí
8474,2025-04-14,664,1,1,7,1,Enfermedad,8,Sí
8475,2025-04-30,664,1,1,7,1,Permiso personal,8,Sí
8476,2025-04-19,674,1,2,16,1,Enfermedad,8,Sí
8477,2025-04-25,674,1,2,16,1,Permiso personal,8,Sí
8478,2025-04-28,699,1,4,11,3,Enfermedad,4,Sí
8479,2025-04-09,701,1,4,7,2,Enfermedad,8,Sí
8480,2025-04-13,702,1,1,14,1,Enfermedad,4,Sí
8481,2025-04-27,702,1,1,14,1,Enfermedad,8,Sí
8482,2025-04-28,708,4,12,27,3,Enfermedad,8,Sí
8483,2025-04-01,709,1,3,4,1,Enfermedad,8,Sí
8484,2025-04-22,709,1,3,4,1,Permiso personal,8,Sí
8485,2025-04-10,711,4,12,27,2,Enfermedad,8,Sí
8486,2025-04-27,716,1,4,8,3,Enfermedad,4,Sí
8487,2025-04-28,716,1,4,8,3,Enfermedad,4,Sí
8488,2025-04-24,721,1,3,24,3,Enfermedad,8,Sí
8489,2025-04-03,727,2,6,26,2,Enfermedad,4,Sí
8490,2025-04-24,727,2,6,26,2,Enfermedad,8,Sí
8491,2025-04-02,729,1,1,8,1,Falta injustificada,8,No
8492,2025-04-12,729,1,1,8,1,Enfermedad,4,Sí
8493,2025-04-21,729,1,1,8,1,Enfermedad,4,Sí
8494,2025-04-10,733,1,3,20,3,Permiso personal,8,Sí
8495,2025-04-17,734,1,2,24,3,Enfermedad,8,Sí
8496,2025-04-02,747,1,1,5,2,Permiso personal,8,Sí
8497,2025-04-17,747,1,1,5,2,Enfermedad,8,Sí
8498,2025-04-23,747,1,1,5,2,Enfermedad,8,Sí
8499,2025-04-22,750,1,2,17,2,Enfermedad,8,Sí
8500,2025-04-17,756,1,3,22,3,Enfermedad,8,Sí
8501,2025-04-30,767,2,6,25,3,Permiso personal,8,Sí
8502,2025-04-08,778,5,13,27,2,Permiso personal,8,Sí
8503,2025-04-22,778,5,13,27,2,Enfermedad,8,Sí
8504,2025-04-30,778,5,13,27,2,Permiso personal,8,Sí
8505,2025-04-02,782,1,1,10,3,Falta injustificada,8,No
8506,2025-04-14,783,1,4,8,1,Enfermedad,8,Sí
8507,2025-04-07,784,1,5,9,3,Falta injustificada,4,No
8508,2025-04-23,785,1,2,15,3,Enfermedad,8,Sí
8509,2025-04-18,801,1,2,9,3,Enfermedad,4,Sí
8510,2025-04-02,805,1,1,3,3,Permiso personal,8,Sí
8511,2025-04-09,805,1,1,3,3,Enfermedad,8,Sí
8512,2025-04-20,805,1,1,3,3,Enfermedad,4,Sí
8513,2025-04-07,812,1,4,4,3,Enfermedad,4,Sí
8514,2025-04-06,820,1,5,6,2,Enfermedad,4,Sí
8515,2025-04-05,821,2,7,26,3,Enfermedad,4,Sí
8516,2025-04-22,821,2,7,26,3,Enfermedad,8,Sí
8517,2025-04-16,823,1,3,5,3,Enfermedad,8,Sí
8518,2025-04-15,826,1,1,15,3,Enfermedad,8,Sí
8519,2025-04-18,830,1,1,24,1,Enfermedad,8,Sí
8520,2025-04-20,830,1,1,24,1,Enfermedad,8,Sí
8521,2025-04-01,838,1,1,6,3,Falta injustificada,8,No
8522,2025-04-02,838,1,1,6,3,Enfermedad,4,Sí
8523,2025-04-26,838,1,1,6,3,Permiso personal,4,Sí
8524,2025-04-08,849,1,5,2,3,Falta injustificada,8,No
8525,2025-04-19,849,1,5,2,3,Permiso personal,4,Sí
8526,2025-04-26,850,1,3,22,2,Enfermedad,8,Sí
8527,2025-04-27,851,1,1,14,2,Falta injustificada,8,No
8528,2025-04-09,852,1,2,18,3,Enfermedad,4,Sí
8529,2025-04-11,858,1,4,14,3,Enfermedad,8,Sí
8530,2025-04-09,860,1,5,7,2,Enfermedad,4,Sí
8531,2025-04-28,860,1,5,7,2,Enfermedad,4,Sí
8532,2025-04-07,862,1,2,4,3,Enfermedad,8,Sí
8533,2025-04-07,874,1,3,11,3,Permiso personal,4,Sí
8534,2025-04-14,874,1,3,11,3,Enfermedad,8,Sí
8535,2025-04-27,879,1,1,21,1,Permiso personal,8,Sí
8536,2025-04-09,887,1,2,10,3,Enfermedad,8,Sí
8537,2025-04-08,889,1,1,21,2,Falta injustificada,8,No
8538,2025-04-17,889,1,1,21,2,Permiso personal,8,Sí
8539,2025-04-10,895,1,3,15,3,Enfermedad,4,Sí
8540,2025-04-14,895,1,3,15,3,Falta injustificada,8,No
8541,2025-04-07,897,1,4,10,2,Enfermedad,8,Sí
8542,2025-04-29,897,1,4,10,2,Falta injustificada,4,No
8543,2025-04-04,898,1,1,7,2,Permiso personal,4,Sí
8544,2025-05-06,2,2,7,25,4,Enfermedad,4,Sí
8545,2025-05-07,6,1,5,7,4,Enfermedad,8,Sí
8546,2025-05-30,6,1,5,7,4,Enfermedad,8,Sí
8547,2025-05-12,9,1,1,11,4,Falta injustificada,8,No
8548,2025-05-30,13,1,5,8,3,Enfermedad,8,Sí
8549,2025-05-19,14,1,4,19,4,Falta injustificada,8,No
8550,2025-05-24,17,6,15,27,4,Enfermedad,8,Sí
8551,2025-05-05,22,1,5,18,4,Permiso personal,8,Sí
8552,2025-05-28,22,1,5,18,4,Enfermedad,8,Sí
8553,2025-05-18,25,1,3,11,4,Enfermedad,4,Sí
8554,2025-05-13,26,1,1,14,4,Enfermedad,8,Sí
8555,2025-05-12,27,1,4,22,4,Permiso personal,8,Sí
8556,2025-05-23,27,1,4,22,4,Enfermedad,8,Sí
8557,2025-05-30,27,1,4,22,4,Falta injustificada,8,No
8558,2025-05-21,35,1,1,11,4,Enfermedad,8,Sí
8559,2025-05-20,36,1,3,20,4,Enfermedad,4,Sí
8560,2025-05-22,38,1,3,22,4,Permiso personal,8,Sí
8561,2025-05-24,38,1,3,22,4,Permiso personal,8,Sí
8562,2025-05-01,40,1,1,3,4,Enfermedad,8,Sí
8563,2025-05-21,40,1,1,3,4,Enfermedad,4,Sí
8564,2025-05-07,41,1,2,17,4,Permiso personal,4,Sí
8565,2025-05-18,46,1,4,14,3,Enfermedad,4,Sí
8566,2025-05-22,48,1,5,12,4,Enfermedad,8,Sí
8567,2025-05-27,48,1,5,12,4,Permiso personal,4,Sí
8568,2025-05-10,50,2,7,26,4,Permiso personal,8,Sí
8569,2025-05-30,51,1,2,11,4,Falta injustificada,8,No
8570,2025-05-02,54,1,4,19,4,Enfermedad,8,Sí
8571,2025-05-15,56,1,3,17,4,Permiso personal,8,Sí
8572,2025-05-25,56,1,3,17,4,Permiso personal,8,Sí
8573,2025-05-09,59,1,4,7,4,Falta injustificada,8,No
8574,2025-05-18,59,1,4,7,4,Falta injustificada,8,No
8575,2025-05-29,59,1,4,7,4,Enfermedad,8,Sí
8576,2025-05-06,65,1,3,20,4,Permiso personal,4,Sí
8577,2025-05-11,70,2,6,26,4,Falta injustificada,8,No
8578,2025-05-15,75,1,5,18,3,Enfermedad,8,Sí
8579,2025-05-31,78,3,9,27,4,Enfermedad,8,Sí
8580,2025-05-15,83,1,1,21,3,Enfermedad,4,Sí
8581,2025-05-30,83,1,1,21,3,Enfermedad,8,Sí
8582,2025-05-15,88,1,3,19,4,Permiso personal,4,Sí
8583,2025-05-23,89,1,4,19,4,Falta injustificada,4,No
8584,2025-05-28,89,1,4,19,4,Enfermedad,8,Sí
8585,2025-05-09,96,1,1,12,4,Enfermedad,8,Sí
8586,2025-05-27,100,1,4,23,4,Enfermedad,8,Sí
8587,2025-05-02,101,5,13,27,3,Enfermedad,8,Sí
8588,2025-05-28,102,1,1,14,4,Enfermedad,8,Sí
8589,2025-05-20,104,4,11,27,4,Enfermedad,8,Sí
8590,2025-05-05,108,1,2,17,4,Falta injustificada,8,No
8591,2025-05-25,108,1,2,17,4,Enfermedad,4,Sí
8592,2025-05-16,110,1,3,8,4,Permiso personal,8,Sí
8593,2025-05-12,118,1,4,15,3,Permiso personal,8,Sí
8594,2025-05-22,119,1,5,4,3,Enfermedad,4,Sí
8595,2025-05-18,122,1,2,21,4,Enfermedad,8,Sí
8596,2025-05-22,123,1,4,17,4,Enfermedad,8,Sí
8597,2025-05-29,123,1,4,17,4,Enfermedad,8,Sí
8598,2025-05-31,123,1,4,17,4,Enfermedad,8,Sí
8599,2025-05-13,128,1,2,2,4,Enfermedad,8,Sí
8600,2025-05-23,128,1,2,2,4,Enfermedad,8,Sí
8601,2025-05-10,129,1,1,21,4,Permiso personal,8,Sí
8602,2025-05-12,129,1,1,21,4,Enfermedad,8,Sí
8603,2025-05-09,131,1,5,5,3,Enfermedad,8,Sí
8604,2025-05-05,142,1,2,8,3,Permiso personal,8,Sí
8605,2025-05-18,142,1,2,8,3,Enfermedad,4,Sí
8606,2025-05-19,142,1,2,8,3,Permiso personal,8,Sí
8607,2025-05-24,142,1,2,8,3,Enfermedad,8,Sí
8608,2025-05-26,142,1,2,8,3,Enfermedad,8,Sí
8609,2025-05-07,145,1,2,1,4,Enfermedad,8,Sí
8610,2025-05-07,155,2,6,26,4,Falta injustificada,8,No
8611,2025-05-11,155,2,6,26,4,Enfermedad,8,Sí
8612,2025-05-18,155,2,6,26,4,Enfermedad,8,Sí
8613,2025-05-14,158,1,4,23,3,Enfermedad,8,Sí
8614,2025-05-23,158,1,4,23,3,Permiso personal,8,Sí
8615,2025-05-16,160,1,3,19,4,Enfermedad,8,Sí
8616,2025-05-21,160,1,3,19,4,Enfermedad,8,Sí
8617,2025-05-05,161,1,3,22,4,Enfermedad,8,Sí
8618,2025-05-22,161,1,3,22,4,Enfermedad,8,Sí
8619,2025-05-21,165,1,2,3,4,Enfermedad,8,Sí
8620,2025-05-30,167,1,3,22,4,Enfermedad,8,Sí
8621,2025-05-06,169,1,1,7,4,Enfermedad,8,Sí
8622,2025-05-08,171,1,4,4,4,Enfermedad,8,Sí
8623,2025-05-20,176,1,1,6,4,Enfermedad,4,Sí
8624,2025-05-17,186,1,1,11,4,Enfermedad,8,Sí
8625,2025-05-24,187,1,3,20,4,Enfermedad,4,Sí
8626,2025-05-25,190,6,16,27,4,Enfermedad,8,Sí
8627,2025-05-03,193,1,4,21,4,Enfermedad,8,Sí
8628,2025-05-17,199,6,15,27,4,Enfermedad,8,Sí
8629,2025-05-31,199,6,15,27,4,Enfermedad,8,Sí
8630,2025-05-21,203,4,12,27,3,Enfermedad,8,Sí
8631,2025-05-26,203,4,12,27,3,Permiso personal,4,Sí
8632,2025-05-18,205,1,1,12,3,Enfermedad,8,Sí
8633,2025-05-22,207,1,1,3,4,Enfermedad,8,Sí
8634,2025-05-31,207,1,1,3,4,Enfermedad,8,Sí
8635,2025-05-27,208,2,6,25,4,Permiso personal,8,Sí
8636,2025-05-11,213,1,4,14,4,Enfermedad,8,Sí
8637,2025-05-17,222,1,2,4,4,Enfermedad,4,Sí
8638,2025-05-22,227,1,1,9,4,Enfermedad,4,Sí
8639,2025-05-14,230,1,3,17,4,Enfermedad,8,Sí
8640,2025-05-16,235,1,3,17,4,Falta injustificada,8,No
8641,2025-05-09,236,1,1,2,4,Enfermedad,4,Sí
8642,2025-05-31,236,1,1,2,4,Enfermedad,8,Sí
8643,2025-05-29,242,1,1,2,4,Enfermedad,4,Sí
8644,2025-05-13,247,1,5,17,4,Permiso personal,8,Sí
8645,2025-05-19,247,1,5,17,4,Enfermedad,8,Sí
8646,2025-05-25,247,1,5,17,4,Enfermedad,8,Sí
8647,2025-05-17,248,1,4,2,4,Enfermedad,4,Sí
8648,2025-05-08,252,1,2,21,4,Permiso personal,8,Sí
8649,2025-05-11,259,1,3,8,4,Permiso personal,8,Sí
8650,2025-05-29,259,1,3,8,4,Enfermedad,4,Sí
8651,2025-05-25,263,1,3,12,4,Permiso personal,4,Sí
8652,2025-05-24,269,1,1,8,4,Enfermedad,8,Sí
8653,2025-05-01,270,1,3,18,4,Enfermedad,8,Sí
8654,2025-05-17,270,1,3,18,4,Enfermedad,4,Sí
8655,2025-05-13,279,1,4,10,4,Permiso personal,8,Sí
8656,2025-05-08,280,1,4,13,3,Permiso personal,8,Sí
8657,2025-05-21,280,1,4,13,3,Enfermedad,8,Sí
8658,2025-05-12,286,1,2,12,4,Enfermedad,8,Sí
8659,2025-05-15,290,1,3,3,4,Permiso personal,4,Sí
8660,2025-05-01,291,1,2,2,4,Enfermedad,8,Sí
8661,2025-05-02,300,5,13,27,4,Falta injustificada,8,No
8662,2025-05-19,301,1,5,1,4,Enfermedad,8,Sí
8663,2025-05-03,303,1,1,24,3,Enfermedad,4,Sí
8664,2025-05-25,304,1,3,7,4,Enfermedad,8,Sí
8665,2025-05-13,306,1,4,4,4,Falta injustificada,8,No
8666,2025-05-07,307,1,5,2,3,Enfermedad,4,Sí
8667,2025-05-20,320,1,4,10,4,Enfermedad,8,Sí
8668,2025-05-31,324,1,1,15,4,Enfermedad,4,Sí
8669,2025-05-07,326,1,1,15,4,Enfermedad,8,Sí
8670,2025-05-08,327,3,9,27,4,Enfermedad,8,Sí
8671,2025-05-13,331,1,1,4,4,Enfermedad,8,Sí
8672,2025-05-01,333,5,14,27,4,Enfermedad,8,Sí
8673,2025-05-16,333,5,14,27,4,Enfermedad,8,Sí
8674,2025-05-25,340,5,13,27,4,Permiso personal,4,Sí
8675,2025-05-03,341,1,1,7,4,Enfermedad,4,Sí
8676,2025-05-07,341,1,1,7,4,Permiso personal,8,Sí
8677,2025-05-22,341,1,1,7,4,Enfermedad,8,Sí
8678,2025-05-26,345,1,2,7,4,Permiso personal,8,Sí
8679,2025-05-25,350,1,5,23,4,Enfermedad,4,Sí
8680,2025-05-25,351,1,1,11,3,Permiso personal,4,Sí
8681,2025-05-06,355,1,5,2,3,Permiso personal,8,Sí
8682,2025-05-16,355,1,5,2,3,Enfermedad,8,Sí
8683,2025-05-23,355,1,5,2,3,Enfermedad,8,Sí
8684,2025-05-18,357,1,5,8,3,Falta injustificada,4,No
8685,2025-05-14,358,1,2,13,2,Enfermedad,4,Sí
8686,2025-05-09,363,1,4,13,2,Enfermedad,8,Sí
8687,2025-05-27,363,1,4,13,2,Permiso personal,8,Sí
8688,2025-05-01,368,1,5,5,1,Enfermedad,4,Sí
8689,2025-05-04,368,1,5,5,1,Enfermedad,8,Sí
8690,2025-05-19,370,2,6,26,2,Permiso personal,8,Sí
8691,2025-05-22,370,2,6,26,2,Enfermedad,8,Sí
8692,2025-05-09,376,3,10,27,3,Enfermedad,4,Sí
8693,2025-05-30,377,1,5,16,1,Permiso personal,8,Sí
8694,2025-05-25,381,1,2,17,2,Enfermedad,8,Sí
8695,2025-05-18,389,1,3,6,3,Permiso personal,8,Sí
8696,2025-05-27,390,1,4,12,3,Permiso personal,4,Sí
8697,2025-05-12,393,1,4,4,3,Enfermedad,4,Sí
8698,2025-05-10,394,1,3,4,2,Enfermedad,8,Sí
8699,2025-05-16,397,1,3,7,3,Permiso personal,8,Sí
8700,2025-05-05,398,5,14,27,3,Enfermedad,8,Sí
8701,2025-05-06,400,1,1,1,2,Falta injustificada,8,No
8702,2025-05-18,400,1,1,1,2,Enfermedad,8,Sí
8703,2025-05-10,402,1,4,10,2,Enfermedad,8,Sí
8704,2025-05-10,404,1,5,10,3,Enfermedad,8,Sí
8705,2025-05-24,404,1,5,10,3,Enfermedad,8,Sí
8706,2025-05-09,412,3,10,27,3,Enfermedad,4,Sí
8707,2025-05-26,416,1,1,8,3,Enfermedad,8,Sí
8708,2025-05-16,417,1,1,19,2,Permiso personal,8,Sí
8709,2025-05-05,421,1,1,13,3,Permiso personal,8,Sí
8710,2025-05-07,421,1,1,13,3,Permiso personal,8,Sí
8711,2025-05-01,425,1,1,7,2,Enfermedad,8,Sí
8712,2025-05-22,426,1,1,17,2,Enfermedad,8,Sí
8713,2025-05-17,429,1,1,13,2,Enfermedad,4,Sí
8714,2025-05-01,438,2,6,25,1,Enfermedad,8,Sí
8715,2025-05-22,441,1,4,7,3,Enfermedad,8,Sí
8716,2025-05-27,442,1,1,2,1,Enfermedad,8,Sí
8717,2025-05-08,445,1,2,16,2,Enfermedad,8,Sí
8718,2025-05-21,456,1,2,15,2,Enfermedad,8,Sí
8719,2025-05-10,460,1,1,1,2,Enfermedad,8,Sí
8720,2025-05-11,462,3,10,27,2,Enfermedad,8,Sí
8721,2025-05-14,463,1,1,15,3,Enfermedad,8,Sí
8722,2025-05-31,464,1,1,16,1,Enfermedad,8,Sí
8723,2025-05-29,468,2,6,26,3,Enfermedad,8,Sí
8724,2025-05-30,472,1,1,9,3,Enfermedad,4,Sí
8725,2025-05-06,475,3,9,27,3,Permiso personal,8,Sí
8726,2025-05-20,478,6,15,27,2,Enfermedad,8,Sí
8727,2025-05-27,478,6,15,27,2,Permiso personal,8,Sí
8728,2025-05-07,481,1,1,20,3,Enfermedad,8,Sí
8729,2025-05-15,486,1,4,18,3,Enfermedad,8,Sí
8730,2025-05-08,494,1,2,3,3,Enfermedad,8,Sí
8731,2025-05-16,494,1,2,3,3,Permiso personal,8,Sí
8732,2025-05-18,494,1,2,3,3,Permiso personal,8,Sí
8733,2025-05-07,495,1,2,9,2,Enfermedad,4,Sí
8734,2025-05-23,496,1,5,5,3,Falta injustificada,4,No
8735,2025-05-28,496,1,5,5,3,Permiso personal,8,Sí
8736,2025-05-07,502,1,1,4,2,Permiso personal,4,Sí
8737,2025-05-19,503,1,3,16,3,Enfermedad,4,Sí
8738,2025-05-12,506,2,6,25,2,Enfermedad,8,Sí
8739,2025-05-25,507,1,5,23,3,Permiso personal,8,Sí
8740,2025-05-25,518,5,14,27,1,Permiso personal,8,Sí
8741,2025-05-02,521,1,4,13,2,Permiso personal,8,Sí
8742,2025-05-17,522,1,1,7,3,Falta injustificada,8,No
8743,2025-05-21,522,1,1,7,3,Enfermedad,8,Sí
8744,2025-05-02,523,1,1,9,3,Enfermedad,8,Sí
8745,2025-05-09,523,1,1,9,3,Permiso personal,8,Sí
8746,2025-05-27,523,1,1,9,3,Enfermedad,8,Sí
8747,2025-05-13,524,6,15,27,3,Permiso personal,4,Sí
8748,2025-05-28,524,6,15,27,3,Permiso personal,8,Sí
8749,2025-05-03,527,1,5,8,1,Enfermedad,8,Sí
8750,2025-05-11,529,1,3,24,1,Enfermedad,8,Sí
8751,2025-05-18,536,1,1,21,3,Permiso personal,8,Sí
8752,2025-05-21,544,2,6,26,3,Enfermedad,8,Sí
8753,2025-05-18,548,2,6,26,2,Enfermedad,8,Sí
8754,2025-05-05,556,1,1,7,2,Permiso personal,8,Sí
8755,2025-05-15,556,1,1,7,2,Permiso personal,8,Sí
8756,2025-05-17,556,1,1,7,2,Permiso personal,8,Sí
8757,2025-05-19,556,1,1,7,2,Enfermedad,8,Sí
8758,2025-05-15,557,1,3,18,3,Enfermedad,8,Sí
8759,2025-05-11,560,1,1,6,1,Enfermedad,4,Sí
8760,2025-05-27,560,1,1,6,1,Permiso personal,8,Sí
8761,2025-05-01,563,1,3,13,3,Enfermedad,8,Sí
8762,2025-05-16,566,6,15,27,3,Enfermedad,8,Sí
8763,2025-05-22,566,6,15,27,3,Permiso personal,8,Sí
8764,2025-05-23,566,6,15,27,3,Enfermedad,4,Sí
8765,2025-05-18,567,1,3,12,3,Permiso personal,8,Sí
8766,2025-05-08,573,1,3,15,3,Enfermedad,8,Sí
8767,2025-05-28,573,1,3,15,3,Permiso personal,8,Sí
8768,2025-05-26,576,1,1,11,2,Enfermedad,8,Sí
8769,2025-05-13,579,1,1,2,3,Permiso personal,8,Sí
8770,2025-05-06,580,2,8,26,3,Enfermedad,8,Sí
8771,2025-05-07,580,2,8,26,3,Enfermedad,8,Sí
8772,2025-05-12,582,1,4,12,1,Enfermedad,4,Sí
8773,2025-05-11,583,1,3,12,3,Permiso personal,8,Sí
8774,2025-05-26,583,1,3,12,3,Permiso personal,8,Sí
8775,2025-05-17,586,1,1,23,3,Enfermedad,8,Sí
8776,2025-05-12,589,1,1,4,3,Enfermedad,8,Sí
8777,2025-05-17,589,1,1,4,3,Falta injustificada,8,No
8778,2025-05-05,596,2,6,26,2,Enfermedad,4,Sí
8779,2025-05-18,596,2,6,26,2,Permiso personal,8,Sí
8780,2025-05-31,596,2,6,26,2,Permiso personal,8,Sí
8781,2025-05-05,605,1,4,16,3,Enfermedad,4,Sí
8782,2025-05-31,606,1,1,6,1,Enfermedad,4,Sí
8783,2025-05-07,607,1,1,8,2,Enfermedad,8,Sí
8784,2025-05-14,607,1,1,8,2,Enfermedad,8,Sí
8785,2025-05-21,607,1,1,8,2,Falta injustificada,8,No
8786,2025-05-26,611,1,1,10,3,Permiso personal,8,Sí
8787,2025-05-04,612,1,1,18,3,Permiso personal,8,Sí
8788,2025-05-27,616,1,4,23,3,Enfermedad,8,Sí
8789,2025-05-18,619,1,1,7,2,Enfermedad,8,Sí
8790,2025-05-26,619,1,1,7,2,Enfermedad,4,Sí
8791,2025-05-04,624,1,3,4,2,Enfermedad,8,Sí
8792,2025-05-14,631,1,2,8,2,Enfermedad,4,Sí
8793,2025-05-19,631,1,2,8,2,Falta injustificada,8,No
8794,2025-05-11,637,1,1,22,2,Permiso personal,8,Sí
8795,2025-05-06,643,1,5,21,3,Enfermedad,8,Sí
8796,2025-05-08,643,1,5,21,3,Enfermedad,8,Sí
8797,2025-05-09,643,1,5,21,3,Falta injustificada,8,No
8798,2025-05-11,645,1,5,2,3,Enfermedad,8,Sí
8799,2025-05-26,650,1,3,9,1,Permiso personal,8,Sí
8800,2025-05-20,656,4,12,27,3,Enfermedad,8,Sí
8801,2025-05-28,656,4,12,27,3,Enfermedad,8,Sí
8802,2025-05-15,665,1,4,16,3,Enfermedad,8,Sí
8803,2025-05-20,665,1,4,16,3,Enfermedad,8,Sí
8804,2025-05-17,667,2,6,25,2,Permiso personal,8,Sí
8805,2025-05-07,673,1,5,20,2,Permiso personal,8,Sí
8806,2025-05-09,674,1,2,16,1,Permiso personal,8,Sí
8807,2025-05-02,678,1,2,2,3,Enfermedad,8,Sí
8808,2025-05-27,678,1,2,2,3,Falta injustificada,4,No
8809,2025-05-06,698,1,1,5,2,Permiso personal,8,Sí
8810,2025-05-13,698,1,1,5,2,Enfermedad,8,Sí
8811,2025-05-26,702,1,1,14,1,Enfermedad,8,Sí
8812,2025-05-16,704,1,1,2,3,Permiso personal,8,Sí
8813,2025-05-21,708,4,12,27,3,Enfermedad,8,Sí
8814,2025-05-06,709,1,3,4,2,Enfermedad,8,Sí
8815,2025-05-20,709,1,3,4,2,Enfermedad,8,Sí
8816,2025-05-24,709,1,3,4,2,Enfermedad,8,Sí
8817,2025-05-26,709,1,3,4,2,Enfermedad,4,Sí
8818,2025-05-13,716,1,4,8,3,Enfermedad,8,Sí
8819,2025-05-17,716,1,4,8,3,Permiso personal,8,Sí
8820,2025-05-23,723,1,1,24,3,Enfermedad,8,Sí
8821,2025-05-24,723,1,1,24,3,Enfermedad,8,Sí
8822,2025-05-25,729,1,1,8,2,Enfermedad,4,Sí
8823,2025-05-14,732,1,1,21,2,Enfermedad,8,Sí
8824,2025-05-24,733,1,3,20,3,Enfermedad,8,Sí
8825,2025-05-29,735,4,12,27,3,Permiso personal,8,Sí
8826,2025-05-17,747,1,1,5,2,Enfermedad,8,Sí
8827,2025-05-01,755,1,1,4,2,Enfermedad,8,Sí
8828,2025-05-08,756,1,3,22,3,Enfermedad,8,Sí
8829,2025-05-14,756,1,3,22,3,Enfermedad,4,Sí
8830,2025-05-21,756,1,3,22,3,Enfermedad,8,Sí
8831,2025-05-24,760,1,5,1,2,Enfermedad,4,Sí
8832,2025-05-06,778,5,13,27,2,Falta injustificada,8,No
8833,2025-05-05,780,1,1,8,3,Enfermedad,8,Sí
8834,2025-05-16,781,1,3,21,1,Permiso personal,8,Sí
8835,2025-05-19,784,1,5,9,3,Falta injustificada,8,No
8836,2025-05-26,784,1,5,9,3,Enfermedad,8,Sí
8837,2025-05-15,788,1,1,19,2,Enfermedad,8,Sí
8838,2025-05-02,803,1,2,8,2,Enfermedad,8,Sí
8839,2025-05-28,806,1,1,14,2,Enfermedad,8,Sí
8840,2025-05-11,809,1,2,1,3,Permiso personal,8,Sí
8841,2025-05-04,816,4,12,27,3,Permiso personal,8,Sí
8842,2025-05-22,823,1,3,5,3,Enfermedad,8,Sí
8843,2025-05-29,829,1,1,17,3,Permiso personal,8,Sí
8844,2025-05-30,829,1,1,17,3,Enfermedad,8,Sí
8845,2025-05-03,834,1,2,4,1,Enfermedad,8,Sí
8846,2025-05-12,834,1,2,4,1,Permiso personal,8,Sí
8847,2025-05-22,838,1,1,6,3,Enfermedad,8,Sí
8848,2025-05-28,838,1,1,6,3,Permiso personal,8,Sí
8849,2025-05-08,840,1,4,24,3,Permiso personal,8,Sí
8850,2025-05-01,844,1,3,17,2,Permiso personal,4,Sí
8851,2025-05-13,846,1,1,2,3,Enfermedad,4,Sí
8852,2025-05-16,851,1,1,14,2,Enfermedad,8,Sí
8853,2025-05-15,852,1,2,18,3,Enfermedad,8,Sí
8854,2025-05-16,853,1,1,11,3,Permiso personal,8,Sí
8855,2025-05-16,857,2,8,26,1,Falta injustificada,8,No
8856,2025-05-21,858,1,4,14,3,Permiso personal,8,Sí
8857,2025-05-14,862,1,2,4,3,Permiso personal,4,Sí
8858,2025-05-06,869,1,1,20,3,Enfermedad,8,Sí
8859,2025-05-06,870,1,2,5,2,Enfermedad,8,Sí
8860,2025-05-18,871,1,1,23,1,Enfermedad,8,Sí
8861,2025-05-26,871,1,1,23,1,Enfermedad,4,Sí
8862,2025-05-31,879,1,1,21,1,Falta injustificada,8,No
8863,2025-05-17,880,1,2,22,2,Permiso personal,8,Sí
8864,2025-05-05,883,1,2,18,3,Falta injustificada,8,No
8865,2025-05-11,883,1,2,18,3,Enfermedad,8,Sí
8866,2025-05-13,889,1,1,21,2,Enfermedad,8,Sí
8867,2025-05-08,895,1,3,15,3,Enfermedad,4,Sí
8868,2025-05-13,898,1,1,7,2,Enfermedad,4,Sí
8869,2025-06-13,2,2,7,25,4,Enfermedad,4,Sí
8870,2025-06-23,2,2,7,25,4,Enfermedad,4,Sí
8871,2025-06-01,8,2,8,25,3,Enfermedad,4,Sí
8872,2025-06-15,8,2,8,25,3,Permiso personal,8,Sí
8873,2025-06-23,8,2,8,25,3,Enfermedad,8,Sí
8874,2025-06-03,13,1,5,8,3,Enfermedad,8,Sí
8875,2025-06-05,14,1,4,19,4,Enfermedad,4,Sí
8876,2025-06-26,17,6,15,27,4,Permiso personal,8,Sí
8877,2025-06-26,20,1,2,24,4,Enfermedad,8,Sí
8878,2025-06-25,25,1,3,11,4,Falta injustificada,8,No
8879,2025-06-26,25,1,3,11,4,Enfermedad,4,Sí
8880,2025-06-20,26,1,1,14,4,Enfermedad,8,Sí
8881,2025-06-30,27,1,4,22,4,Enfermedad,8,Sí
8882,2025-06-22,28,1,1,21,4,Enfermedad,8,Sí
8883,2025-06-02,29,1,1,9,4,Enfermedad,8,Sí
8884,2025-06-22,29,1,1,9,4,Enfermedad,4,Sí
8885,2025-06-16,30,2,8,25,4,Permiso personal,8,Sí
8886,2025-06-17,30,2,8,25,4,Enfermedad,4,Sí
8887,2025-06-03,35,1,1,11,4,Enfermedad,8,Sí
8888,2025-06-15,36,1,3,20,4,Enfermedad,4,Sí
8889,2025-06-18,40,1,1,3,4,Enfermedad,8,Sí
8890,2025-06-09,41,1,2,17,4,Permiso personal,8,Sí
8891,2025-06-30,41,1,2,17,4,Permiso personal,8,Sí
8892,2025-06-24,44,1,1,23,4,Enfermedad,4,Sí
8893,2025-06-06,46,1,4,14,3,Permiso personal,8,Sí
8894,2025-06-26,48,1,5,12,4,Enfermedad,8,Sí
8895,2025-06-26,49,1,3,19,4,Enfermedad,8,Sí
8896,2025-06-23,50,2,7,26,4,Enfermedad,8,Sí
8897,2025-06-06,51,1,2,11,4,Enfermedad,8,Sí
8898,2025-06-07,52,1,4,19,3,Enfermedad,8,Sí
8899,2025-06-12,52,1,4,19,3,Enfermedad,8,Sí
8900,2025-06-25,53,1,5,11,4,Enfermedad,8,Sí
8901,2025-06-20,54,1,4,19,4,Enfermedad,8,Sí
8902,2025-06-02,56,1,3,17,4,Enfermedad,8,Sí
8903,2025-06-11,56,1,3,17,4,Enfermedad,8,Sí
8904,2025-06-14,58,1,3,10,4,Permiso personal,4,Sí
8905,2025-06-22,58,1,3,10,4,Permiso personal,4,Sí
8906,2025-06-12,59,1,4,7,4,Falta injustificada,8,No
8907,2025-06-15,65,1,3,20,4,Permiso personal,8,Sí
8908,2025-06-21,65,1,3,20,4,Falta injustificada,4,No
8909,2025-06-01,66,1,5,7,4,Permiso personal,8,Sí
8910,2025-06-08,66,1,5,7,4,Enfermedad,8,Sí
8911,2025-06-23,66,1,5,7,4,Permiso personal,8,Sí
8912,2025-06-17,68,1,2,7,4,Enfermedad,8,Sí
8913,2025-06-13,72,1,1,21,4,Enfermedad,8,Sí
8914,2025-06-09,73,1,2,9,4,Permiso personal,8,Sí
8915,2025-06-19,73,1,2,9,4,Enfermedad,4,Sí
8916,2025-06-06,75,1,5,18,3,Falta injustificada,4,No
8917,2025-06-03,78,3,9,27,4,Enfermedad,4,Sí
8918,2025-06-07,78,3,9,27,4,Enfermedad,8,Sí
8919,2025-06-23,83,1,1,21,3,Enfermedad,4,Sí
8920,2025-06-12,84,1,3,9,4,Permiso personal,8,Sí
8921,2025-06-15,84,1,3,9,4,Enfermedad,8,Sí
8922,2025-06-13,88,1,3,19,4,Enfermedad,8,Sí
8923,2025-06-28,88,1,3,19,4,Enfermedad,8,Sí
8924,2025-06-27,89,1,4,19,4,Permiso personal,8,Sí
8925,2025-06-23,90,2,6,26,4,Enfermedad,8,Sí
8926,2025-06-15,98,1,3,18,4,Permiso personal,8,Sí
8927,2025-06-26,101,5,13,27,3,Enfermedad,8,Sí
8928,2025-06-20,102,1,1,14,4,Enfermedad,8,Sí
8929,2025-06-21,106,1,4,6,4,Enfermedad,8,Sí
8930,2025-06-25,106,1,4,6,4,Enfermedad,4,Sí
8931,2025-06-28,106,1,4,6,4,Falta injustificada,8,No
8932,2025-06-17,112,1,1,9,4,Enfermedad,8,Sí
8933,2025-06-03,118,1,4,15,3,Permiso personal,8,Sí
8934,2025-06-09,118,1,4,15,3,Enfermedad,8,Sí
8935,2025-06-13,118,1,4,15,3,Enfermedad,8,Sí
8936,2025-06-27,118,1,4,15,3,Enfermedad,4,Sí
8937,2025-06-23,119,1,5,4,4,Permiso personal,4,Sí
8938,2025-06-10,121,1,3,20,4,Enfermedad,8,Sí
8939,2025-06-20,121,1,3,20,4,Enfermedad,8,Sí
8940,2025-06-15,122,1,2,21,4,Falta injustificada,8,No
8941,2025-06-10,128,1,2,2,4,Permiso personal,8,Sí
8942,2025-06-02,135,1,4,18,4,Enfermedad,8,Sí
8943,2025-06-14,135,1,4,18,4,Enfermedad,4,Sí
8944,2025-06-15,140,1,1,22,4,Enfermedad,8,Sí
8945,2025-06-17,140,1,1,22,4,Enfermedad,8,Sí
8946,2025-06-17,142,1,2,8,3,Permiso personal,8,Sí
8947,2025-06-11,144,1,3,12,4,Permiso personal,4,Sí
8948,2025-06-11,145,1,2,1,4,Enfermedad,8,Sí
8949,2025-06-28,145,1,2,1,4,Permiso personal,8,Sí
8950,2025-06-22,155,2,6,26,4,Enfermedad,8,Sí
8951,2025-06-28,155,2,6,26,4,Permiso personal,8,Sí
8952,2025-06-13,163,1,5,22,4,Permiso personal,8,Sí
8953,2025-06-27,165,1,2,3,4,Falta injustificada,4,No
8954,2025-06-20,167,1,3,22,4,Enfermedad,4,Sí
8955,2025-06-16,168,1,3,6,4,Falta injustificada,8,No
8956,2025-06-25,168,1,3,6,4,Enfermedad,4,Sí
8957,2025-06-28,171,1,4,4,4,Permiso personal,8,Sí
8958,2025-06-11,180,1,3,6,4,Permiso personal,8,Sí
8959,2025-06-16,184,1,1,11,4,Enfermedad,8,Sí
8960,2025-06-19,186,1,1,11,4,Permiso personal,8,Sí
8961,2025-06-26,186,1,1,11,4,Enfermedad,8,Sí
8962,2025-06-28,186,1,1,11,4,Permiso personal,8,Sí
8963,2025-06-03,187,1,3,20,4,Enfermedad,8,Sí
8964,2025-06-16,191,1,3,7,4,Permiso personal,8,Sí
8965,2025-06-13,192,1,1,2,4,Enfermedad,8,Sí
8966,2025-06-15,192,1,1,2,4,Enfermedad,8,Sí
8967,2025-06-21,192,1,1,2,4,Enfermedad,8,Sí
8968,2025-06-19,195,1,2,14,4,Permiso personal,4,Sí
8969,2025-06-20,195,1,2,14,4,Falta injustificada,8,No
8970,2025-06-15,198,1,1,23,4,Permiso personal,8,Sí
8971,2025-06-13,199,6,15,27,4,Falta injustificada,8,No
8972,2025-06-23,199,6,15,27,4,Enfermedad,8,Sí
8973,2025-06-29,207,1,1,3,4,Enfermedad,8,Sí
8974,2025-06-13,213,1,4,14,4,Enfermedad,4,Sí
8975,2025-06-07,214,1,4,4,4,Permiso personal,8,Sí
8976,2025-06-12,214,1,4,4,4,Enfermedad,8,Sí
8977,2025-06-30,224,5,14,27,4,Enfermedad,8,Sí
8978,2025-06-09,226,1,1,23,4,Enfermedad,4,Sí
8979,2025-06-12,230,1,3,17,4,Permiso personal,8,Sí
8980,2025-06-27,230,1,3,17,4,Permiso personal,8,Sí
8981,2025-06-13,233,2,6,25,4,Enfermedad,4,Sí
8982,2025-06-13,235,1,3,17,4,Enfermedad,8,Sí
8983,2025-06-23,239,1,3,8,4,Enfermedad,8,Sí
8984,2025-06-28,242,1,1,2,4,Enfermedad,4,Sí
8985,2025-06-03,245,1,1,5,4,Enfermedad,4,Sí
8986,2025-06-01,247,1,5,17,4,Enfermedad,8,Sí
8987,2025-06-26,248,1,4,2,4,Permiso personal,8,Sí
8988,2025-06-19,252,1,2,21,4,Enfermedad,8,Sí
8989,2025-06-04,256,1,4,21,4,Enfermedad,8,Sí
8990,2025-06-02,261,1,5,23,4,Permiso personal,4,Sí
8991,2025-06-13,261,1,5,23,4,Enfermedad,4,Sí
8992,2025-06-22,261,1,5,23,4,Permiso personal,8,Sí
8993,2025-06-29,263,1,3,12,4,Permiso personal,4,Sí
8994,2025-06-03,266,1,2,18,4,Enfermedad,8,Sí
8995,2025-06-07,269,1,1,8,4,Permiso personal,4,Sí
8996,2025-06-16,269,1,1,8,4,Falta injustificada,4,No
8997,2025-06-07,270,1,3,18,4,Permiso personal,8,Sí
8998,2025-06-11,270,1,3,18,4,Falta injustificada,8,No
8999,2025-06-14,270,1,3,18,4,Enfermedad,4,Sí
9000,2025-06-07,278,1,1,5,4,Falta injustificada,8,No
9001,2025-06-27,278,1,1,5,4,Permiso personal,4,Sí
9002,2025-06-16,279,1,4,10,4,Enfermedad,8,Sí
9003,2025-06-27,283,1,5,12,4,Permiso personal,8,Sí
9004,2025-06-10,286,1,2,12,4,Falta injustificada,8,No
9005,2025-06-26,286,1,2,12,4,Enfermedad,8,Sí
9006,2025-06-21,289,1,3,1,4,Falta injustificada,4,No
9007,2025-06-22,290,1,3,3,4,Enfermedad,8,Sí
9008,2025-06-13,291,1,2,2,4,Enfermedad,8,Sí
9009,2025-06-04,295,1,5,18,4,Permiso personal,8,Sí
9010,2025-06-25,295,1,5,18,4,Permiso personal,4,Sí
9011,2025-06-20,299,2,6,25,4,Enfermedad,8,Sí
9012,2025-06-25,299,2,6,25,4,Enfermedad,8,Sí
9013,2025-06-03,300,5,13,27,4,Permiso personal,4,Sí
9014,2025-06-18,301,1,5,1,4,Enfermedad,4,Sí
9015,2025-06-29,301,1,5,1,4,Enfermedad,4,Sí
9016,2025-06-10,303,1,1,24,3,Enfermedad,8,Sí
9017,2025-06-05,304,1,3,7,4,Permiso personal,8,Sí
9018,2025-06-04,306,1,4,4,4,Permiso personal,8,Sí
9019,2025-06-13,307,1,5,2,4,Enfermedad,4,Sí
9020,2025-06-15,309,1,4,9,4,Permiso personal,4,Sí
9021,2025-06-17,314,2,7,25,4,Enfermedad,4,Sí
9022,2025-06-25,320,1,4,10,4,Permiso personal,8,Sí
9023,2025-06-01,322,6,16,27,3,Enfermedad,8,Sí
9024,2025-06-04,322,6,16,27,3,Falta injustificada,4,No
9025,2025-06-22,322,6,16,27,3,Enfermedad,8,Sí
9026,2025-06-15,324,1,1,15,4,Enfermedad,4,Sí
9027,2025-06-15,329,2,6,26,4,Enfermedad,8,Sí
9028,2025-06-30,331,1,1,4,4,Enfermedad,8,Sí
9029,2025-06-29,332,1,5,23,4,Enfermedad,4,Sí
9030,2025-06-28,333,5,14,27,4,Enfermedad,4,Sí
9031,2025-06-05,335,1,5,23,4,Permiso personal,4,Sí
9032,2025-06-11,335,1,5,23,4,Permiso personal,4,Sí
9033,2025-06-17,335,1,5,23,4,Enfermedad,4,Sí
9034,2025-06-06,340,5,13,27,4,Enfermedad,8,Sí
9035,2025-06-27,340,5,13,27,4,Permiso personal,8,Sí
9036,2025-06-21,341,1,1,7,4,Permiso personal,8,Sí
9037,2025-06-25,341,1,1,7,4,Permiso personal,4,Sí
9038,2025-06-26,341,1,1,7,4,Enfermedad,8,Sí
9039,2025-06-18,343,1,1,15,4,Enfermedad,8,Sí
9040,2025-06-18,344,1,1,24,4,Permiso personal,8,Sí
9041,2025-06-15,345,1,2,7,4,Enfermedad,8,Sí
9042,2025-06-11,349,6,15,27,4,Enfermedad,8,Sí
9043,2025-06-29,350,1,5,23,4,Enfermedad,4,Sí
9044,2025-06-01,351,1,1,11,3,Enfermedad,4,Sí
9045,2025-06-21,351,1,1,11,3,Permiso personal,8,Sí
9046,2025-06-01,354,1,1,1,3,Permiso personal,8,Sí
9047,2025-06-13,354,1,1,1,3,Falta injustificada,8,No
9048,2025-06-10,355,1,5,2,3,Enfermedad,4,Sí
9049,2025-06-15,357,1,5,8,3,Enfermedad,8,Sí
9050,2025-06-28,358,1,2,13,2,Enfermedad,8,Sí
9051,2025-06-01,360,1,2,23,3,Permiso personal,8,Sí
9052,2025-06-22,360,1,2,23,3,Enfermedad,8,Sí
9053,2025-06-23,360,1,2,23,3,Enfermedad,8,Sí
9054,2025-06-06,361,1,1,4,2,Permiso personal,4,Sí
9055,2025-06-20,361,1,1,4,2,Enfermedad,4,Sí
9056,2025-06-02,363,1,4,13,2,Enfermedad,8,Sí
9057,2025-06-13,370,2,6,26,2,Enfermedad,8,Sí
9058,2025-06-17,371,1,5,8,1,Enfermedad,8,Sí
9059,2025-06-25,371,1,5,8,1,Permiso personal,8,Sí
9060,2025-06-06,376,3,10,27,3,Enfermedad,8,Sí
9061,2025-06-16,377,1,5,16,2,Permiso personal,8,Sí
9062,2025-06-19,378,1,1,17,3,Permiso personal,8,Sí
9063,2025-06-20,384,2,6,25,3,Enfermedad,8,Sí
9064,2025-06-08,389,1,3,6,3,Enfermedad,8,Sí
9065,2025-06-19,389,1,3,6,3,Enfermedad,8,Sí
9066,2025-06-26,389,1,3,6,3,Permiso personal,8,Sí
9067,2025-06-05,390,1,4,12,3,Enfermedad,8,Sí
9068,2025-06-28,390,1,4,12,3,Enfermedad,8,Sí
9069,2025-06-17,393,1,4,4,3,Permiso personal,8,Sí
9070,2025-06-21,393,1,4,4,3,Falta injustificada,4,No
9071,2025-06-23,393,1,4,4,3,Enfermedad,8,Sí
9072,2025-06-28,393,1,4,4,3,Enfermedad,8,Sí
9073,2025-06-15,394,1,3,4,2,Enfermedad,4,Sí
9074,2025-06-08,395,1,3,2,1,Enfermedad,8,Sí
9075,2025-06-11,397,1,3,7,3,Permiso personal,8,Sí
9076,2025-06-18,397,1,3,7,3,Enfermedad,8,Sí
9077,2025-06-16,400,1,1,1,3,Enfermedad,8,Sí
9078,2025-06-29,400,1,1,1,3,Enfermedad,8,Sí
9079,2025-06-07,404,1,5,10,3,Falta injustificada,8,No
9080,2025-06-03,406,1,3,4,2,Enfermedad,8,Sí
9081,2025-06-28,410,1,1,21,2,Enfermedad,4,Sí
9082,2025-06-02,416,1,1,8,3,Enfermedad,8,Sí
9083,2025-06-05,416,1,1,8,3,Permiso personal,8,Sí
9084,2025-06-28,416,1,1,8,3,Enfermedad,8,Sí
9085,2025-06-19,425,1,1,7,2,Enfermedad,8,Sí
9086,2025-06-28,425,1,1,7,2,Enfermedad,8,Sí
9087,2025-06-02,426,1,1,17,2,Enfermedad,8,Sí
9088,2025-06-17,426,1,1,17,2,Permiso personal,4,Sí
9089,2025-06-25,428,1,2,15,3,Falta injustificada,4,No
9090,2025-06-18,435,1,4,7,3,Permiso personal,8,Sí
9091,2025-06-05,438,2,6,25,2,Enfermedad,4,Sí
9092,2025-06-15,438,2,6,25,2,Enfermedad,8,Sí
9093,2025-06-28,442,1,1,2,2,Enfermedad,8,Sí
9094,2025-06-18,446,1,4,2,3,Permiso personal,8,Sí
9095,2025-06-09,449,1,3,24,3,Permiso personal,8,Sí
9096,2025-06-14,449,1,3,24,3,Enfermedad,8,Sí
9097,2025-06-06,452,1,3,21,3,Enfermedad,8,Sí
9098,2025-06-11,452,1,3,21,3,Enfermedad,4,Sí
9099,2025-06-10,456,1,2,15,2,Permiso personal,8,Sí
9100,2025-06-08,457,1,5,9,3,Enfermedad,8,Sí
9101,2025-06-09,462,3,10,27,2,Permiso personal,8,Sí
9102,2025-06-06,464,1,1,16,1,Enfermedad,4,Sí
9103,2025-06-05,468,2,6,26,3,Enfermedad,4,Sí
9104,2025-06-22,471,1,2,2,3,Permiso personal,8,Sí
9105,2025-06-15,479,1,1,5,3,Enfermedad,4,Sí
9106,2025-06-07,484,2,8,25,2,Enfermedad,8,Sí
9107,2025-06-23,486,1,4,18,3,Enfermedad,8,Sí
9108,2025-06-25,496,1,5,5,3,Enfermedad,8,Sí
9109,2025-06-02,498,1,1,18,3,Permiso personal,8,Sí
9110,2025-06-25,498,1,1,18,3,Permiso personal,8,Sí
9111,2025-06-13,502,1,1,4,2,Enfermedad,8,Sí
9112,2025-06-13,503,1,3,16,3,Enfermedad,8,Sí
9113,2025-06-26,503,1,3,16,3,Enfermedad,8,Sí
9114,2025-06-25,508,1,4,14,2,Enfermedad,8,Sí
9115,2025-06-13,510,5,14,27,3,Enfermedad,8,Sí
9116,2025-06-02,521,1,4,13,2,Enfermedad,8,Sí
9117,2025-06-07,521,1,4,13,2,Permiso personal,8,Sí
9118,2025-06-15,521,1,4,13,2,Enfermedad,8,Sí
9119,2025-06-19,521,1,4,13,2,Falta injustificada,8,No
9120,2025-06-03,524,6,15,27,3,Permiso personal,8,Sí
9121,2025-06-09,524,6,15,27,3,Permiso personal,8,Sí
9122,2025-06-25,529,1,3,24,2,Enfermedad,8,Sí
9123,2025-06-25,532,1,5,11,3,Enfermedad,8,Sí
9124,2025-06-19,536,1,1,21,3,Enfermedad,4,Sí
9125,2025-06-05,537,2,8,25,2,Enfermedad,4,Sí
9126,2025-06-12,537,2,8,25,2,Enfermedad,4,Sí
9127,2025-06-08,543,1,1,7,3,Falta injustificada,8,No
9128,2025-06-21,543,1,1,7,3,Enfermedad,4,Sí
9129,2025-06-13,544,2,6,26,3,Falta injustificada,4,No
9130,2025-06-08,548,2,6,26,2,Enfermedad,8,Sí
9131,2025-06-03,553,1,4,3,3,Enfermedad,8,Sí
9132,2025-06-09,556,1,1,7,2,Enfermedad,8,Sí
9133,2025-06-19,556,1,1,7,2,Permiso personal,8,Sí
9134,2025-06-20,556,1,1,7,2,Enfermedad,4,Sí
9135,2025-06-28,557,1,3,18,3,Enfermedad,8,Sí
9136,2025-06-09,560,1,1,6,1,Enfermedad,8,Sí
9137,2025-06-26,563,1,3,13,3,Enfermedad,4,Sí
9138,2025-06-05,564,2,6,26,2,Enfermedad,4,Sí
9139,2025-06-19,567,1,3,12,3,Enfermedad,8,Sí
9140,2025-06-17,569,3,10,27,2,Enfermedad,4,Sí
9141,2025-06-29,569,3,10,27,2,Enfermedad,8,Sí
9142,2025-06-30,573,1,3,15,3,Enfermedad,4,Sí
9143,2025-06-11,574,1,3,22,3,Permiso personal,4,Sí
9144,2025-06-01,576,1,1,11,2,Permiso personal,8,Sí
9145,2025-06-28,576,1,1,11,2,Enfermedad,4,Sí
9146,2025-06-05,580,2,8,26,3,Enfermedad,8,Sí
9147,2025-06-25,580,2,8,26,3,Permiso personal,8,Sí
9148,2025-06-17,582,1,4,12,2,Permiso personal,8,Sí
9149,2025-06-15,583,1,3,12,3,Enfermedad,8,Sí
9150,2025-06-11,603,1,1,11,2,Permiso personal,4,Sí
9151,2025-06-30,603,1,1,11,2,Permiso personal,8,Sí
9152,2025-06-13,605,1,4,16,3,Permiso personal,4,Sí
9153,2025-06-20,605,1,4,16,3,Enfermedad,8,Sí
9154,2025-06-04,606,1,1,6,2,Falta injustificada,8,No
9155,2025-06-02,610,1,5,19,2,Permiso personal,8,Sí
9156,2025-06-08,610,1,5,19,2,Enfermedad,8,Sí
9157,2025-06-01,612,1,1,18,3,Enfermedad,8,Sí
9158,2025-06-07,612,1,1,18,3,Enfermedad,8,Sí
9159,2025-06-02,615,1,2,3,2,Enfermedad,8,Sí
9160,2025-06-10,615,1,2,3,2,Enfermedad,8,Sí
9161,2025-06-25,615,1,2,3,2,Enfermedad,4,Sí
9162,2025-06-06,618,2,6,26,1,Falta injustificada,8,No
9163,2025-06-01,619,1,1,7,2,Enfermedad,8,Sí
9164,2025-06-29,624,1,3,4,2,Enfermedad,8,Sí
9165,2025-06-02,626,2,6,25,3,Enfermedad,8,Sí
9166,2025-06-20,626,2,6,25,3,Enfermedad,8,Sí
9167,2025-06-26,626,2,6,25,3,Enfermedad,8,Sí
9168,2025-06-28,626,2,6,25,3,Permiso personal,8,Sí
9169,2025-06-10,631,1,2,8,2,Enfermedad,4,Sí
9170,2025-06-14,631,1,2,8,2,Enfermedad,8,Sí
9171,2025-06-16,631,1,2,8,2,Permiso personal,4,Sí
9172,2025-06-06,636,1,5,4,1,Permiso personal,8,Sí
9173,2025-06-19,636,1,5,4,1,Enfermedad,8,Sí
9174,2025-06-26,636,1,5,4,1,Falta injustificada,8,No
9175,2025-06-22,637,1,1,22,2,Enfermedad,8,Sí
9176,2025-06-01,638,1,5,24,3,Enfermedad,8,Sí
9177,2025-06-16,638,1,5,24,3,Enfermedad,4,Sí
9178,2025-06-01,639,2,6,25,2,Permiso personal,8,Sí
9179,2025-06-06,639,2,6,25,2,Enfermedad,8,Sí
9180,2025-06-08,639,2,6,25,2,Enfermedad,8,Sí
9181,2025-06-29,639,2,6,25,2,Enfermedad,8,Sí
9182,2025-06-02,640,1,1,3,2,Enfermedad,4,Sí
9183,2025-06-13,640,1,1,3,2,Permiso personal,8,Sí
9184,2025-06-16,640,1,1,3,2,Enfermedad,8,Sí
9185,2025-06-30,640,1,1,3,2,Enfermedad,8,Sí
9186,2025-06-27,647,1,1,5,3,Enfermedad,8,Sí
9187,2025-06-03,649,1,2,6,3,Enfermedad,8,Sí
9188,2025-06-24,650,1,3,9,2,Falta injustificada,8,No
9189,2025-06-08,651,1,4,10,3,Enfermedad,8,Sí
9190,2025-06-28,652,1,1,10,2,Permiso personal,8,Sí
9191,2025-06-24,664,1,1,7,2,Enfermedad,4,Sí
9192,2025-06-25,664,1,1,7,2,Permiso personal,4,Sí
9193,2025-06-09,678,1,2,2,3,Enfermedad,4,Sí
9194,2025-06-08,688,1,4,17,1,Falta injustificada,8,No
9195,2025-06-10,699,1,4,11,3,Enfermedad,8,Sí
9196,2025-06-08,701,1,4,7,2,Permiso personal,8,Sí
9197,2025-06-30,701,1,4,7,2,Enfermedad,4,Sí
9198,2025-06-09,702,1,1,14,2,Enfermedad,8,Sí
9199,2025-06-27,702,1,1,14,2,Enfermedad,8,Sí
9200,2025-06-08,708,4,12,27,3,Enfermedad,8,Sí
9201,2025-06-08,711,4,12,27,2,Enfermedad,8,Sí
9202,2025-06-05,713,1,1,5,2,Enfermedad,8,Sí
9203,2025-06-07,716,1,4,8,3,Enfermedad,8,Sí
9204,2025-06-08,716,1,4,8,3,Enfermedad,8,Sí
9205,2025-06-10,716,1,4,8,3,Falta injustificada,4,No
9206,2025-06-07,717,2,7,25,3,Enfermedad,4,Sí
9207,2025-06-30,727,2,6,26,2,Permiso personal,4,Sí
9208,2025-06-15,729,1,1,8,2,Enfermedad,4,Sí
9209,2025-06-16,729,1,1,8,2,Enfermedad,8,Sí
9210,2025-06-18,729,1,1,8,2,Permiso personal,8,Sí
9211,2025-06-05,732,1,1,21,2,Falta injustificada,8,No
9212,2025-06-16,735,4,12,27,3,Enfermedad,8,Sí
9213,2025-06-26,735,4,12,27,3,Enfermedad,8,Sí
9214,2025-06-16,742,1,2,14,1,Enfermedad,8,Sí
9215,2025-06-20,747,1,1,5,3,Enfermedad,8,Sí
9216,2025-06-04,749,1,1,8,2,Enfermedad,8,Sí
9217,2025-06-07,750,1,2,17,2,Enfermedad,4,Sí
9218,2025-06-22,753,1,5,17,1,Enfermedad,8,Sí
9219,2025-06-13,760,1,5,1,2,Enfermedad,4,Sí
9220,2025-06-21,760,1,5,1,2,Enfermedad,8,Sí
9221,2025-06-01,771,1,1,7,2,Enfermedad,8,Sí
9222,2025-06-30,771,1,1,7,2,Enfermedad,8,Sí
9223,2025-06-04,778,5,13,27,2,Falta injustificada,4,No
9224,2025-06-09,778,5,13,27,2,Permiso personal,8,Sí
9225,2025-06-24,778,5,13,27,2,Enfermedad,8,Sí
9226,2025-06-17,782,1,1,10,3,Enfermedad,4,Sí
9227,2025-06-25,782,1,1,10,3,Enfermedad,4,Sí
9228,2025-06-16,783,1,4,8,2,Enfermedad,8,Sí
9229,2025-06-27,783,1,4,8,2,Enfermedad,8,Sí
9230,2025-06-04,785,1,2,15,3,Enfermedad,8,Sí
9231,2025-06-14,785,1,2,15,3,Enfermedad,8,Sí
9232,2025-06-19,788,1,1,19,2,Permiso personal,8,Sí
9233,2025-06-24,796,1,4,8,1,Enfermedad,8,Sí
9234,2025-06-30,801,1,2,9,3,Enfermedad,4,Sí
9235,2025-06-25,803,1,2,8,3,Enfermedad,8,Sí
9236,2025-06-26,803,1,2,8,3,Permiso personal,8,Sí
9237,2025-06-27,803,1,2,8,3,Enfermedad,8,Sí
9238,2025-06-22,805,1,1,3,3,Enfermedad,4,Sí
9239,2025-06-11,806,1,1,14,2,Enfermedad,8,Sí
9240,2025-06-02,807,5,13,27,3,Enfermedad,8,Sí
9241,2025-06-28,807,5,13,27,3,Falta injustificada,8,No
9242,2025-06-09,812,1,4,4,3,Enfermedad,8,Sí
9243,2025-06-16,812,1,4,4,3,Enfermedad,8,Sí
9244,2025-06-22,812,1,4,4,3,Enfermedad,4,Sí
9245,2025-06-29,812,1,4,4,3,Permiso personal,8,Sí
9246,2025-06-14,816,4,12,27,3,Enfermedad,8,Sí
9247,2025-06-28,816,4,12,27,3,Enfermedad,4,Sí
9248,2025-06-27,822,1,1,18,2,Enfermedad,8,Sí
9249,2025-06-08,823,1,3,5,3,Enfermedad,8,Sí
9250,2025-06-11,823,1,3,5,3,Permiso personal,8,Sí
9251,2025-06-20,823,1,3,5,3,Enfermedad,8,Sí
9252,2025-06-01,826,1,1,15,3,Permiso personal,4,Sí
9253,2025-06-10,826,1,1,15,3,Permiso personal,8,Sí
9254,2025-06-19,826,1,1,15,3,Enfermedad,8,Sí
9255,2025-06-10,828,1,2,8,1,Enfermedad,8,Sí
9256,2025-06-25,834,1,2,4,1,Permiso personal,8,Sí
9257,2025-06-29,834,1,2,4,1,Enfermedad,4,Sí
9258,2025-06-05,836,5,13,27,3,Enfermedad,8,Sí
9259,2025-06-24,838,1,1,6,3,Falta injustificada,4,No
9260,2025-06-08,840,1,4,24,3,Falta injustificada,8,No
9261,2025-06-26,840,1,4,24,3,Permiso personal,8,Sí
9262,2025-06-07,843,3,10,27,2,Falta injustificada,8,No
9263,2025-06-25,844,1,3,17,2,Enfermedad,8,Sí
9264,2025-06-16,846,1,1,2,3,Enfermedad,8,Sí
9265,2025-06-06,849,1,5,2,3,Enfermedad,4,Sí
9266,2025-06-19,850,1,3,22,2,Permiso personal,8,Sí
9267,2025-06-23,850,1,3,22,2,Enfermedad,8,Sí
9268,2025-06-11,851,1,1,14,2,Enfermedad,8,Sí
9269,2025-06-06,852,1,2,18,3,Enfermedad,4,Sí
9270,2025-06-10,852,1,2,18,3,Permiso personal,8,Sí
9271,2025-06-13,852,1,2,18,3,Enfermedad,4,Sí
9272,2025-06-02,853,1,1,11,3,Enfermedad,8,Sí
9273,2025-06-02,857,2,8,26,1,Enfermedad,8,Sí
9274,2025-06-14,857,2,8,26,1,Enfermedad,8,Sí
9275,2025-06-20,858,1,4,14,3,Falta injustificada,8,No
9276,2025-06-19,860,1,5,7,2,Enfermedad,8,Sí
9277,2025-06-08,870,1,2,5,2,Permiso personal,8,Sí
9278,2025-06-08,871,1,1,23,1,Enfermedad,8,Sí
9279,2025-06-16,871,1,1,23,1,Permiso personal,8,Sí
9280,2025-06-01,879,1,1,21,2,Enfermedad,8,Sí
9281,2025-06-19,879,1,1,21,2,Enfermedad,8,Sí
9282,2025-06-25,880,1,2,22,3,Enfermedad,8,Sí
9283,2025-06-02,883,1,2,18,3,Falta injustificada,8,No
9284,2025-06-23,884,1,5,24,3,Enfermedad,8,Sí
9285,2025-06-13,886,5,13,27,2,Enfermedad,8,Sí
9286,2025-06-07,887,1,2,10,3,Falta injustificada,4,No
9287,2025-06-02,889,1,1,21,3,Enfermedad,8,Sí
9288,2025-06-05,889,1,1,21,3,Permiso personal,4,Sí
9289,2025-06-25,890,1,4,22,3,Enfermedad,8,Sí
9290,2025-06-07,891,1,1,10,1,Permiso personal,8,Sí
9291,2025-06-17,894,4,12,27,2,Enfermedad,4,Sí
9292,2025-06-24,895,1,3,15,3,Enfermedad,8,Sí
9293,2025-06-15,897,1,4,10,2,Permiso personal,8,Sí
9294,2025-06-14,898,1,1,7,2,Enfermedad,8,Sí
9295,2025-06-17,898,1,1,7,2,Enfermedad,4,Sí
9296,2025-06-22,898,1,1,7,2,Permiso personal,8,Sí
9297,2025-06-24,898,1,1,7,2,Permiso personal,8,Sí
9298,2025-07-01,2,2,7,25,4,Enfermedad,4,Sí
9299,2025-07-27,2,2,7,25,4,Enfermedad,8,Sí
9300,2025-07-24,6,1,5,7,4,Permiso personal,8,Sí
9301,2025-07-15,9,1,1,11,4,Enfermedad,8,Sí
9302,2025-07-14,13,1,5,8,3,Enfermedad,8,Sí
9303,2025-07-18,13,1,5,8,3,Permiso personal,4,Sí
9304,2025-07-22,13,1,5,8,3,Enfermedad,8,Sí
9305,2025-07-14,14,1,4,19,4,Enfermedad,8,Sí
9306,2025-07-23,14,1,4,19,4,Enfermedad,8,Sí
9307,2025-07-04,17,6,15,27,4,Enfermedad,8,Sí
9308,2025-07-31,17,6,15,27,4,Falta injustificada,8,No
9309,2025-07-01,20,1,2,24,4,Permiso personal,8,Sí
9310,2025-07-31,20,1,2,24,4,Enfermedad,8,Sí
9311,2025-07-10,21,1,3,21,4,Permiso personal,4,Sí
9312,2025-07-21,27,1,4,22,4,Enfermedad,8,Sí
9313,2025-07-28,28,1,1,21,4,Permiso personal,8,Sí
9314,2025-07-02,35,1,1,11,4,Enfermedad,8,Sí
9315,2025-07-25,37,3,9,27,4,Enfermedad,8,Sí
9316,2025-07-28,38,1,3,22,4,Permiso personal,8,Sí
9317,2025-07-16,40,1,1,3,4,Enfermedad,4,Sí
9318,2025-07-14,44,1,1,23,4,Enfermedad,8,Sí
9319,2025-07-15,44,1,1,23,4,Enfermedad,8,Sí
9320,2025-07-18,48,1,5,12,4,Enfermedad,8,Sí
9321,2025-07-21,48,1,5,12,4,Enfermedad,8,Sí
9322,2025-07-25,48,1,5,12,4,Enfermedad,8,Sí
9323,2025-07-30,49,1,3,19,4,Falta injustificada,8,No
9324,2025-07-08,51,1,2,11,4,Enfermedad,8,Sí
9325,2025-07-20,51,1,2,11,4,Enfermedad,8,Sí
9326,2025-07-08,54,1,4,19,4,Enfermedad,4,Sí
9327,2025-07-09,56,1,3,17,4,Enfermedad,4,Sí
9328,2025-07-15,56,1,3,17,4,Falta injustificada,8,No
9329,2025-07-27,56,1,3,17,4,Enfermedad,8,Sí
9330,2025-07-28,56,1,3,17,4,Enfermedad,8,Sí
9331,2025-07-06,59,1,4,7,4,Enfermedad,8,Sí
9332,2025-07-26,59,1,4,7,4,Permiso personal,8,Sí
9333,2025-07-19,65,1,3,20,4,Enfermedad,8,Sí
9334,2025-07-19,66,1,5,7,4,Enfermedad,8,Sí
9335,2025-07-21,66,1,5,7,4,Enfermedad,4,Sí
9336,2025-07-04,68,1,2,7,4,Falta injustificada,8,No
9337,2025-07-29,68,1,2,7,4,Permiso personal,4,Sí
9338,2025-07-21,72,1,1,21,4,Permiso personal,4,Sí
9339,2025-07-09,75,1,5,18,4,Enfermedad,8,Sí
9340,2025-07-29,75,1,5,18,4,Enfermedad,8,Sí
9341,2025-07-10,77,2,6,25,4,Permiso personal,8,Sí
9342,2025-07-20,77,2,6,25,4,Permiso personal,8,Sí
9343,2025-07-01,78,3,9,27,4,Falta injustificada,8,No
9344,2025-07-14,78,3,9,27,4,Permiso personal,8,Sí
9345,2025-07-18,80,1,3,12,4,Enfermedad,8,Sí
9346,2025-07-15,83,1,1,21,3,Permiso personal,8,Sí
9347,2025-07-28,83,1,1,21,3,Enfermedad,8,Sí
9348,2025-07-20,88,1,3,19,4,Enfermedad,8,Sí
9349,2025-07-19,89,1,4,19,4,Enfermedad,8,Sí
9350,2025-07-23,89,1,4,19,4,Permiso personal,8,Sí
9351,2025-07-24,89,1,4,19,4,Enfermedad,8,Sí
9352,2025-07-25,89,1,4,19,4,Permiso personal,4,Sí
9353,2025-07-25,96,1,1,12,4,Enfermedad,8,Sí
9354,2025-07-11,97,1,3,3,4,Permiso personal,8,Sí
9355,2025-07-28,97,1,3,3,4,Enfermedad,4,Sí
9356,2025-07-19,99,1,2,5,4,Permiso personal,4,Sí
9357,2025-07-29,100,1,4,23,4,Permiso personal,8,Sí
9358,2025-07-23,103,1,2,23,4,Enfermedad,8,Sí
9359,2025-07-24,103,1,2,23,4,Enfermedad,4,Sí
9360,2025-07-16,104,4,11,27,4,Permiso personal,8,Sí
9361,2025-07-17,104,4,11,27,4,Permiso personal,8,Sí
9362,2025-07-29,104,4,11,27,4,Enfermedad,8,Sí
9363,2025-07-14,106,1,4,6,4,Permiso personal,8,Sí
9364,2025-07-26,106,1,4,6,4,Enfermedad,8,Sí
9365,2025-07-07,108,1,2,17,4,Permiso personal,8,Sí
9366,2025-07-26,108,1,2,17,4,Enfermedad,4,Sí
9367,2025-07-09,110,1,3,8,4,Permiso personal,4,Sí
9368,2025-07-22,110,1,3,8,4,Enfermedad,8,Sí
9369,2025-07-08,112,1,1,9,4,Enfermedad,8,Sí
9370,2025-07-28,112,1,1,9,4,Permiso personal,8,Sí
9371,2025-07-22,118,1,4,15,3,Falta injustificada,4,No
9372,2025-07-25,118,1,4,15,3,Permiso personal,8,Sí
9373,2025-07-11,121,1,3,20,4,Falta injustificada,4,No
9374,2025-07-11,128,1,2,2,4,Enfermedad,8,Sí
9375,2025-07-07,129,1,1,21,4,Enfermedad,8,Sí
9376,2025-07-19,129,1,1,21,4,Enfermedad,8,Sí
9377,2025-07-24,129,1,1,21,4,Falta injustificada,8,No
9378,2025-07-09,130,1,5,5,4,Enfermedad,4,Sí
9379,2025-07-16,130,1,5,5,4,Falta injustificada,4,No
9380,2025-07-08,135,1,4,18,4,Enfermedad,8,Sí
9381,2025-07-02,137,1,1,8,4,Enfermedad,8,Sí
9382,2025-07-26,138,1,4,7,4,Falta injustificada,8,No
9383,2025-07-31,139,1,5,11,4,Enfermedad,8,Sí
9384,2025-07-13,140,1,1,22,4,Enfermedad,8,Sí
9385,2025-07-10,158,1,4,23,3,Permiso personal,8,Sí
9386,2025-07-28,160,1,3,19,4,Falta injustificada,8,No
9387,2025-07-31,160,1,3,19,4,Enfermedad,8,Sí
9388,2025-07-22,167,1,3,22,4,Permiso personal,4,Sí
9389,2025-07-30,169,1,1,7,4,Enfermedad,8,Sí
9390,2025-07-05,176,1,1,6,4,Enfermedad,4,Sí
9391,2025-07-30,181,1,1,9,4,Enfermedad,4,Sí
9392,2025-07-14,184,1,1,11,4,Falta injustificada,4,No
9393,2025-07-18,184,1,1,11,4,Enfermedad,8,Sí
9394,2025-07-20,184,1,1,11,4,Enfermedad,4,Sí
9395,2025-07-13,190,6,16,27,4,Permiso personal,8,Sí
9396,2025-07-01,191,1,3,7,4,Falta injustificada,8,No
9397,2025-07-06,191,1,3,7,4,Permiso personal,8,Sí
9398,2025-07-12,191,1,3,7,4,Enfermedad,8,Sí
9399,2025-07-25,192,1,1,2,4,Permiso personal,8,Sí
9400,2025-07-26,192,1,1,2,4,Enfermedad,8,Sí
9401,2025-07-27,192,1,1,2,4,Permiso personal,4,Sí
9402,2025-07-29,195,1,2,14,4,Permiso personal,8,Sí
9403,2025-07-06,199,6,15,27,4,Enfermedad,8,Sí
9404,2025-07-17,203,4,12,27,3,Falta injustificada,8,No
9405,2025-07-29,203,4,12,27,3,Permiso personal,8,Sí
9406,2025-07-16,208,2,6,25,4,Enfermedad,8,Sí
9407,2025-07-24,214,1,4,4,4,Enfermedad,4,Sí
9408,2025-07-22,222,1,2,4,4,Enfermedad,8,Sí
9409,2025-07-14,230,1,3,17,4,Enfermedad,4,Sí
9410,2025-07-28,233,2,6,25,4,Falta injustificada,4,No
9411,2025-07-30,236,1,1,2,4,Permiso personal,4,Sí
9412,2025-07-31,242,1,1,2,4,Falta injustificada,8,No
9413,2025-07-04,243,1,5,12,4,Enfermedad,8,Sí
9414,2025-07-15,247,1,5,17,4,Permiso personal,8,Sí
9415,2025-07-03,252,1,2,21,4,Enfermedad,8,Sí
9416,2025-07-31,259,1,3,8,4,Enfermedad,8,Sí
9417,2025-07-06,261,1,5,23,4,Permiso personal,8,Sí
9418,2025-07-18,261,1,5,23,4,Enfermedad,4,Sí
9419,2025-07-17,266,1,2,18,4,Permiso personal,8,Sí
9420,2025-07-20,266,1,2,18,4,Enfermedad,4,Sí
9421,2025-07-27,266,1,2,18,4,Permiso personal,8,Sí
9422,2025-07-18,268,1,5,10,4,Enfermedad,8,Sí
9423,2025-07-27,268,1,5,10,4,Permiso personal,8,Sí
9424,2025-07-03,269,1,1,8,4,Enfermedad,8,Sí
9425,2025-07-19,269,1,1,8,4,Permiso personal,8,Sí
9426,2025-07-02,278,1,1,5,4,Enfermedad,8,Sí
9427,2025-07-09,278,1,1,5,4,Permiso personal,4,Sí
9428,2025-07-18,278,1,1,5,4,Permiso personal,4,Sí
9429,2025-07-20,280,1,4,13,3,Enfermedad,8,Sí
9430,2025-07-23,286,1,2,12,4,Enfermedad,8,Sí
9431,2025-07-28,290,1,3,3,4,Permiso personal,4,Sí
9432,2025-07-31,290,1,3,3,4,Falta injustificada,8,No
9433,2025-07-02,294,1,1,1,3,Permiso personal,4,Sí
9434,2025-07-03,294,1,1,1,3,Enfermedad,8,Sí
9435,2025-07-01,295,1,5,18,4,Enfermedad,8,Sí
9436,2025-07-01,299,2,6,25,4,Enfermedad,8,Sí
9437,2025-07-22,299,2,6,25,4,Permiso personal,8,Sí
9438,2025-07-05,303,1,1,24,3,Enfermedad,8,Sí
9439,2025-07-10,304,1,3,7,4,Enfermedad,8,Sí
9440,2025-07-11,304,1,3,7,4,Enfermedad,8,Sí
9441,2025-07-17,304,1,3,7,4,Enfermedad,4,Sí
9442,2025-07-02,306,1,4,4,4,Falta injustificada,8,No
9443,2025-07-02,320,1,4,10,4,Enfermedad,8,Sí
9444,2025-07-02,321,6,16,27,4,Enfermedad,4,Sí
9445,2025-07-09,322,6,16,27,3,Enfermedad,8,Sí
9446,2025-07-24,322,6,16,27,3,Enfermedad,8,Sí
9447,2025-07-19,324,1,1,15,4,Enfermedad,4,Sí
9448,2025-07-21,324,1,1,15,4,Permiso personal,4,Sí
9449,2025-07-05,326,1,1,15,4,Enfermedad,8,Sí
9450,2025-07-10,326,1,1,15,4,Permiso personal,8,Sí
9451,2025-07-10,327,3,9,27,4,Enfermedad,4,Sí
9452,2025-07-24,327,3,9,27,4,Permiso personal,8,Sí
9453,2025-07-28,329,2,6,26,4,Enfermedad,8,Sí
9454,2025-07-22,331,1,1,4,4,Enfermedad,8,Sí
9455,2025-07-28,331,1,1,4,4,Permiso personal,8,Sí
9456,2025-07-03,332,1,5,23,4,Enfermedad,8,Sí
9457,2025-07-12,333,5,14,27,4,Enfermedad,8,Sí
9458,2025-07-11,341,1,1,7,4,Permiso personal,8,Sí
9459,2025-07-06,343,1,1,15,4,Permiso personal,8,Sí
9460,2025-07-31,343,1,1,15,4,Enfermedad,8,Sí
9461,2025-07-02,344,1,1,24,4,Enfermedad,4,Sí
9462,2025-07-13,345,1,2,7,4,Enfermedad,8,Sí
9463,2025-07-12,348,1,4,13,4,Enfermedad,8,Sí
9464,2025-07-17,348,1,4,13,4,Enfermedad,8,Sí
9465,2025-07-19,348,1,4,13,4,Enfermedad,8,Sí
9466,2025-07-22,348,1,4,13,4,Permiso personal,4,Sí
9467,2025-07-13,350,1,5,23,4,Enfermedad,8,Sí
9468,2025-07-08,351,1,1,11,3,Enfermedad,8,Sí
9469,2025-07-31,355,1,5,2,3,Enfermedad,8,Sí
9470,2025-07-08,358,1,2,13,2,Permiso personal,8,Sí
9471,2025-07-05,360,1,2,23,3,Enfermedad,8,Sí
9472,2025-07-03,363,1,4,13,2,Enfermedad,8,Sí
9473,2025-07-08,363,1,4,13,2,Permiso personal,4,Sí
9474,2025-07-10,368,1,5,5,2,Enfermedad,4,Sí
9475,2025-07-04,377,1,5,16,2,Permiso personal,8,Sí
9476,2025-07-17,377,1,5,16,2,Enfermedad,8,Sí
9477,2025-07-09,384,2,6,25,3,Permiso personal,8,Sí
9478,2025-07-21,384,2,6,25,3,Enfermedad,8,Sí
9479,2025-07-30,389,1,3,6,3,Permiso personal,8,Sí
9480,2025-07-25,390,1,4,12,3,Permiso personal,8,Sí
9481,2025-07-28,393,1,4,4,3,Enfermedad,8,Sí
9482,2025-07-06,394,1,3,4,3,Enfermedad,8,Sí
9483,2025-07-18,394,1,3,4,3,Enfermedad,8,Sí
9484,2025-07-17,395,1,3,2,1,Enfermedad,8,Sí
9485,2025-07-10,398,5,14,27,3,Enfermedad,8,Sí
9486,2025-07-28,400,1,1,1,3,Enfermedad,8,Sí
9487,2025-07-18,402,1,4,10,3,Permiso personal,8,Sí
9488,2025-07-19,402,1,4,10,3,Permiso personal,4,Sí
9489,2025-07-31,404,1,5,10,3,Enfermedad,4,Sí
9490,2025-07-17,406,1,3,4,2,Enfermedad,8,Sí
9491,2025-07-22,408,1,2,13,2,Enfermedad,8,Sí
9492,2025-07-04,410,1,1,21,2,Falta injustificada,4,No
9493,2025-07-18,410,1,1,21,2,Enfermedad,8,Sí
9494,2025-07-19,410,1,1,21,2,Enfermedad,8,Sí
9495,2025-07-23,412,3,10,27,3,Permiso personal,8,Sí
9496,2025-07-08,414,1,2,19,2,Falta injustificada,8,No
9497,2025-07-11,416,1,1,8,3,Permiso personal,8,Sí
9498,2025-07-18,416,1,1,8,3,Enfermedad,8,Sí
9499,2025-07-20,417,1,1,19,2,Permiso personal,8,Sí
9500,2025-07-14,421,1,1,13,3,Permiso personal,8,Sí
9501,2025-07-05,425,1,1,7,2,Permiso personal,4,Sí
9502,2025-07-16,425,1,1,7,2,Enfermedad,8,Sí
9503,2025-07-31,426,1,1,17,2,Enfermedad,8,Sí
9504,2025-07-19,428,1,2,15,3,Permiso personal,8,Sí
9505,2025-07-22,428,1,2,15,3,Enfermedad,8,Sí
9506,2025-07-14,429,1,1,13,2,Enfermedad,4,Sí
9507,2025-07-18,429,1,1,13,2,Enfermedad,8,Sí
9508,2025-07-21,434,1,1,15,3,Enfermedad,8,Sí
9509,2025-07-20,435,1,4,7,3,Permiso personal,4,Sí
9510,2025-07-27,437,1,5,12,1,Permiso personal,8,Sí
9511,2025-07-13,441,1,4,7,3,Enfermedad,8,Sí
9512,2025-07-02,442,1,1,2,2,Enfermedad,4,Sí
9513,2025-07-28,442,1,1,2,2,Permiso personal,8,Sí
9514,2025-07-25,445,1,2,16,2,Enfermedad,8,Sí
9515,2025-07-09,446,1,4,2,3,Enfermedad,8,Sí
9516,2025-07-10,446,1,4,2,3,Falta injustificada,8,No
9517,2025-07-02,449,1,3,24,3,Enfermedad,8,Sí
9518,2025-07-05,452,1,3,21,3,Enfermedad,8,Sí
9519,2025-07-17,452,1,3,21,3,Permiso personal,8,Sí
9520,2025-07-26,452,1,3,21,3,Enfermedad,8,Sí
9521,2025-07-16,456,1,2,15,2,Permiso personal,4,Sí
9522,2025-07-22,456,1,2,15,2,Enfermedad,4,Sí
9523,2025-07-29,456,1,2,15,2,Enfermedad,8,Sí
9524,2025-07-04,458,1,1,19,1,Enfermedad,4,Sí
9525,2025-07-06,463,1,1,15,3,Enfermedad,4,Sí
9526,2025-07-13,463,1,1,15,3,Enfermedad,8,Sí
9527,2025-07-13,464,1,1,16,1,Permiso personal,8,Sí
9528,2025-07-14,464,1,1,16,1,Enfermedad,4,Sí
9529,2025-07-22,464,1,1,16,1,Enfermedad,4,Sí
9530,2025-07-28,464,1,1,16,1,Enfermedad,8,Sí
9531,2025-07-17,466,2,7,26,1,Enfermedad,8,Sí
9532,2025-07-02,468,2,6,26,3,Enfermedad,8,Sí
9533,2025-07-17,468,2,6,26,3,Enfermedad,8,Sí
9534,2025-07-18,471,1,2,2,3,Falta injustificada,8,No
9535,2025-07-21,472,1,1,9,3,Enfermedad,8,Sí
9536,2025-07-23,475,3,9,27,3,Enfermedad,8,Sí
9537,2025-07-24,475,3,9,27,3,Enfermedad,8,Sí
9538,2025-07-30,475,3,9,27,3,Enfermedad,4,Sí
9539,2025-07-11,478,6,15,27,2,Enfermedad,4,Sí
9540,2025-07-13,478,6,15,27,2,Enfermedad,8,Sí
9541,2025-07-29,478,6,15,27,2,Enfermedad,8,Sí
9542,2025-07-11,479,1,1,5,3,Falta injustificada,4,No
9543,2025-07-17,479,1,1,5,3,Permiso personal,8,Sí
9544,2025-07-28,484,2,8,25,2,Permiso personal,8,Sí
9545,2025-07-05,494,1,2,3,3,Enfermedad,4,Sí
9546,2025-07-06,494,1,2,3,3,Enfermedad,8,Sí
9547,2025-07-20,494,1,2,3,3,Enfermedad,8,Sí
9548,2025-07-31,496,1,5,5,3,Enfermedad,8,Sí
9549,2025-07-19,502,1,1,4,2,Enfermedad,8,Sí
9550,2025-07-24,502,1,1,4,2,Enfermedad,8,Sí
9551,2025-07-25,502,1,1,4,2,Enfermedad,8,Sí
9552,2025-07-26,506,2,6,25,2,Enfermedad,8,Sí
9553,2025-07-10,507,1,5,23,3,Enfermedad,8,Sí
9554,2025-07-21,510,5,14,27,3,Enfermedad,8,Sí
9555,2025-07-23,510,5,14,27,3,Falta injustificada,4,No
9556,2025-07-21,513,1,1,23,3,Enfermedad,4,Sí
9557,2025-07-25,513,1,1,23,3,Permiso personal,8,Sí
9558,2025-07-08,518,5,14,27,2,Enfermedad,4,Sí
9559,2025-07-28,521,1,4,13,2,Permiso personal,8,Sí
9560,2025-07-24,522,1,1,7,3,Enfermedad,8,Sí
9561,2025-07-01,523,1,1,9,3,Enfermedad,4,Sí
9562,2025-07-10,523,1,1,9,3,Enfermedad,8,Sí
9563,2025-07-17,523,1,1,9,3,Enfermedad,8,Sí
9564,2025-07-22,523,1,1,9,3,Enfermedad,4,Sí
9565,2025-07-18,524,6,15,27,3,Enfermedad,4,Sí
9566,2025-07-09,529,1,3,24,2,Permiso personal,8,Sí
9567,2025-07-27,534,1,2,22,3,Enfermedad,8,Sí
9568,2025-07-02,537,2,8,25,3,Permiso personal,8,Sí
9569,2025-07-06,540,1,3,14,3,Falta injustificada,8,No
9570,2025-07-05,543,1,1,7,3,Enfermedad,8,Sí
9571,2025-07-06,556,1,1,7,2,Enfermedad,8,Sí
9572,2025-07-10,556,1,1,7,2,Falta injustificada,8,No
9573,2025-07-25,557,1,3,18,3,Falta injustificada,8,No
9574,2025-07-25,562,1,2,19,1,Permiso personal,4,Sí
9575,2025-07-18,563,1,3,13,3,Enfermedad,4,Sí
9576,2025-07-28,563,1,3,13,3,Enfermedad,8,Sí
9577,2025-07-06,564,2,6,26,2,Permiso personal,8,Sí
9578,2025-07-14,566,6,15,27,3,Enfermedad,8,Sí
9579,2025-07-15,567,1,3,12,3,Permiso personal,4,Sí
9580,2025-07-18,569,3,10,27,3,Enfermedad,4,Sí
9581,2025-07-16,571,1,3,12,3,Permiso personal,8,Sí
9582,2025-07-24,571,1,3,12,3,Enfermedad,8,Sí
9583,2025-07-09,573,1,3,15,3,Enfermedad,8,Sí
9584,2025-07-23,573,1,3,15,3,Falta injustificada,8,No
9585,2025-07-24,573,1,3,15,3,Enfermedad,4,Sí
9586,2025-07-29,573,1,3,15,3,Enfermedad,8,Sí
9587,2025-07-17,574,1,3,22,3,Enfermedad,4,Sí
9588,2025-07-06,576,1,1,11,2,Enfermedad,4,Sí
9589,2025-07-07,576,1,1,11,2,Permiso personal,8,Sí
9590,2025-07-24,579,1,1,2,3,Enfermedad,8,Sí
9591,2025-07-12,582,1,4,12,2,Enfermedad,8,Sí
9592,2025-07-19,589,1,1,4,3,Enfermedad,4,Sí
9593,2025-07-22,595,2,6,25,2,Enfermedad,4,Sí
9594,2025-07-26,603,1,1,11,2,Permiso personal,8,Sí
9595,2025-07-10,605,1,4,16,3,Enfermedad,8,Sí
9596,2025-07-15,607,1,1,8,2,Enfermedad,8,Sí
9597,2025-07-24,607,1,1,8,2,Enfermedad,4,Sí
9598,2025-07-07,609,1,3,16,3,Enfermedad,8,Sí
9599,2025-07-16,609,1,3,16,3,Permiso personal,8,Sí
9600,2025-07-23,610,1,5,19,2,Falta injustificada,8,No
9601,2025-07-01,617,1,1,24,3,Enfermedad,8,Sí
9602,2025-07-08,617,1,1,24,3,Enfermedad,8,Sí
9603,2025-07-23,617,1,1,24,3,Enfermedad,8,Sí
9604,2025-07-04,618,2,6,26,1,Permiso personal,8,Sí
9605,2025-07-12,618,2,6,26,1,Permiso personal,4,Sí
9606,2025-07-26,619,1,1,7,2,Enfermedad,8,Sí
9607,2025-07-21,624,1,3,4,2,Permiso personal,4,Sí
9608,2025-07-03,626,2,6,25,3,Enfermedad,8,Sí
9609,2025-07-22,628,1,1,10,2,Enfermedad,8,Sí
9610,2025-07-30,630,1,1,20,3,Enfermedad,8,Sí
9611,2025-07-12,631,1,2,8,3,Enfermedad,8,Sí
9612,2025-07-10,636,1,5,4,2,Enfermedad,4,Sí
9613,2025-07-31,637,1,1,22,2,Enfermedad,4,Sí
9614,2025-07-18,639,2,6,25,2,Enfermedad,8,Sí
9615,2025-07-03,643,1,5,21,3,Permiso personal,8,Sí
9616,2025-07-15,643,1,5,21,3,Falta injustificada,8,No
9617,2025-07-01,646,1,1,19,3,Enfermedad,4,Sí
9618,2025-07-06,646,1,1,19,3,Falta injustificada,4,No
9619,2025-07-21,646,1,1,19,3,Enfermedad,8,Sí
9620,2025-07-28,646,1,1,19,3,Permiso personal,8,Sí
9621,2025-07-11,648,1,5,12,3,Enfermedad,8,Sí
9622,2025-07-16,648,1,5,12,3,Permiso personal,8,Sí
9623,2025-07-08,649,1,2,6,3,Enfermedad,8,Sí
9624,2025-07-28,651,1,4,10,3,Enfermedad,8,Sí
9625,2025-07-29,651,1,4,10,3,Enfermedad,8,Sí
9626,2025-07-13,653,1,1,3,2,Enfermedad,4,Sí
9627,2025-07-03,656,4,12,27,3,Permiso personal,8,Sí
9628,2025-07-22,656,4,12,27,3,Enfermedad,8,Sí
9629,2025-07-14,664,1,1,7,2,Enfermedad,4,Sí
9630,2025-07-07,665,1,4,16,3,Enfermedad,8,Sí
9631,2025-07-23,665,1,4,16,3,Permiso personal,8,Sí
9632,2025-07-14,667,2,6,25,2,Permiso personal,8,Sí
9633,2025-07-15,667,2,6,25,2,Permiso personal,8,Sí
9634,2025-07-14,673,1,5,20,2,Enfermedad,4,Sí
9635,2025-07-28,674,1,2,16,2,Enfermedad,4,Sí
9636,2025-07-06,676,1,1,7,1,Enfermedad,4,Sí
9637,2025-07-27,676,1,1,7,1,Permiso personal,4,Sí
9638,2025-07-18,678,1,2,2,3,Enfermedad,4,Sí
9639,2025-07-11,688,1,4,17,2,Permiso personal,8,Sí
9640,2025-07-01,701,1,4,7,2,Permiso personal,4,Sí
9641,2025-07-06,701,1,4,7,2,Enfermedad,8,Sí
9642,2025-07-22,701,1,4,7,2,Enfermedad,8,Sí
9643,2025-07-29,701,1,4,7,2,Permiso personal,4,Sí
9644,2025-07-07,702,1,1,14,2,Permiso personal,8,Sí
9645,2025-07-04,704,1,1,2,3,Enfermedad,4,Sí
9646,2025-07-17,704,1,1,2,3,Permiso personal,8,Sí
9647,2025-07-24,704,1,1,2,3,Enfermedad,4,Sí
9648,2025-07-26,704,1,1,2,3,Falta injustificada,8,No
9649,2025-07-07,709,1,3,4,2,Permiso personal,8,Sí
9650,2025-07-14,709,1,3,4,2,Permiso personal,8,Sí
9651,2025-07-11,716,1,4,8,3,Permiso personal,4,Sí
9652,2025-07-10,717,2,7,25,3,Enfermedad,8,Sí
9653,2025-07-05,723,1,1,24,3,Enfermedad,8,Sí
9654,2025-07-03,725,1,4,18,2,Permiso personal,8,Sí
9655,2025-07-01,727,2,6,26,2,Enfermedad,8,Sí
9656,2025-07-24,733,1,3,20,3,Permiso personal,8,Sí
9657,2025-07-22,734,1,2,24,3,Enfermedad,4,Sí
9658,2025-07-27,735,4,12,27,3,Permiso personal,8,Sí
9659,2025-07-21,748,1,1,9,1,Enfermedad,4,Sí
9660,2025-07-08,749,1,1,8,2,Enfermedad,4,Sí
9661,2025-07-14,749,1,1,8,2,Enfermedad,8,Sí
9662,2025-07-17,749,1,1,8,2,Permiso personal,8,Sí
9663,2025-07-24,749,1,1,8,2,Enfermedad,8,Sí
9664,2025-07-28,749,1,1,8,2,Permiso personal,8,Sí
9665,2025-07-30,749,1,1,8,2,Permiso personal,4,Sí
9666,2025-07-21,750,1,2,17,2,Enfermedad,8,Sí
9667,2025-07-04,767,2,6,25,3,Enfermedad,8,Sí
9668,2025-07-13,767,2,6,25,3,Permiso personal,4,Sí
9669,2025-07-01,778,5,13,27,2,Permiso personal,8,Sí
9670,2025-07-04,780,1,1,8,3,Enfermedad,8,Sí
9671,2025-07-06,780,1,1,8,3,Enfermedad,8,Sí
9672,2025-07-26,780,1,1,8,3,Permiso personal,8,Sí
9673,2025-07-27,780,1,1,8,3,Enfermedad,8,Sí
9674,2025-07-23,781,1,3,21,1,Enfermedad,8,Sí
9675,2025-07-09,782,1,1,10,3,Falta injustificada,8,No
9676,2025-07-22,783,1,4,8,2,Enfermedad,8,Sí
9677,2025-07-10,784,1,5,9,3,Permiso personal,8,Sí
9678,2025-07-06,785,1,2,15,3,Enfermedad,8,Sí
9679,2025-07-21,785,1,2,15,3,Enfermedad,8,Sí
9680,2025-07-26,785,1,2,15,3,Enfermedad,8,Sí
9681,2025-07-30,785,1,2,15,3,Enfermedad,8,Sí
9682,2025-07-21,800,1,3,17,1,Falta injustificada,8,No
9683,2025-07-06,801,1,2,9,3,Enfermedad,8,Sí
9684,2025-07-13,801,1,2,9,3,Enfermedad,8,Sí
9685,2025-07-14,801,1,2,9,3,Permiso personal,8,Sí
9686,2025-07-02,805,1,1,3,3,Falta injustificada,8,No
9687,2025-07-19,806,1,1,14,2,Enfermedad,8,Sí
9688,2025-07-12,807,5,13,27,3,Enfermedad,4,Sí
9689,2025-07-25,807,5,13,27,3,Enfermedad,4,Sí
9690,2025-07-18,808,1,1,5,1,Enfermedad,8,Sí
9691,2025-07-28,808,1,1,5,1,Permiso personal,4,Sí
9692,2025-07-11,809,1,2,1,3,Enfermedad,8,Sí
9693,2025-07-17,809,1,2,1,3,Permiso personal,8,Sí
9694,2025-07-18,809,1,2,1,3,Enfermedad,8,Sí
9695,2025-07-31,809,1,2,1,3,Enfermedad,8,Sí
9696,2025-07-09,812,1,4,4,3,Falta injustificada,4,No
9697,2025-07-08,813,1,4,14,1,Enfermedad,8,Sí
9698,2025-07-05,816,4,12,27,3,Permiso personal,4,Sí
9699,2025-07-05,820,1,5,6,3,Enfermedad,8,Sí
9700,2025-07-06,821,2,7,26,3,Enfermedad,8,Sí
9701,2025-07-20,822,1,1,18,2,Permiso personal,8,Sí
9702,2025-07-24,822,1,1,18,2,Enfermedad,8,Sí
9703,2025-07-28,822,1,1,18,2,Enfermedad,8,Sí
9704,2025-07-17,823,1,3,5,3,Enfermedad,8,Sí
9705,2025-07-10,824,1,1,11,3,Permiso personal,4,Sí
9706,2025-07-23,824,1,1,11,3,Permiso personal,4,Sí
9707,2025-07-09,826,1,1,15,3,Permiso personal,8,Sí
9708,2025-07-24,826,1,1,15,3,Permiso personal,8,Sí
9709,2025-07-20,827,4,11,27,3,Falta injustificada,4,No
9710,2025-07-01,828,1,2,8,1,Falta injustificada,8,No
9711,2025-07-08,828,1,2,8,1,Falta injustificada,8,No
9712,2025-07-13,828,1,2,8,1,Enfermedad,8,Sí
9713,2025-07-25,828,1,2,8,1,Enfermedad,4,Sí
9714,2025-07-26,830,1,1,24,2,Enfermedad,8,Sí
9715,2025-07-21,834,1,2,4,2,Enfermedad,8,Sí
9716,2025-07-03,836,5,13,27,3,Enfermedad,4,Sí
9717,2025-07-31,836,5,13,27,3,Enfermedad,8,Sí
9718,2025-07-03,837,1,3,17,1,Permiso personal,4,Sí
9719,2025-07-30,838,1,1,6,3,Permiso personal,8,Sí
9720,2025-07-30,840,1,4,24,3,Permiso personal,8,Sí
9721,2025-07-20,843,3,10,27,2,Permiso personal,8,Sí
9722,2025-07-25,849,1,5,2,3,Permiso personal,8,Sí
9723,2025-07-07,850,1,3,22,2,Permiso personal,8,Sí
9724,2025-07-17,851,1,1,14,2,Enfermedad,8,Sí
9725,2025-07-11,857,2,8,26,2,Enfermedad,8,Sí
9726,2025-07-31,858,1,4,14,3,Enfermedad,8,Sí
9727,2025-07-01,862,1,2,4,3,Enfermedad,8,Sí
9728,2025-07-14,862,1,2,4,3,Enfermedad,8,Sí
9729,2025-07-16,862,1,2,4,3,Permiso personal,8,Sí
9730,2025-07-10,872,2,6,25,3,Enfermedad,8,Sí
9731,2025-07-16,872,2,6,25,3,Enfermedad,8,Sí
9732,2025-07-23,879,1,1,21,2,Enfermedad,8,Sí
9733,2025-07-20,884,1,5,24,3,Enfermedad,8,Sí
9734,2025-07-09,886,5,13,27,2,Permiso personal,8,Sí
9735,2025-07-25,886,5,13,27,2,Enfermedad,4,Sí
9736,2025-07-01,887,1,2,10,3,Enfermedad,8,Sí
9737,2025-07-22,889,1,1,21,3,Enfermedad,8,Sí
9738,2025-07-19,891,1,1,10,1,Enfermedad,8,Sí
9739,2025-07-22,891,1,1,10,1,Enfermedad,8,Sí
9740,2025-07-01,895,1,3,15,3,Enfermedad,8,Sí
9741,2025-07-11,895,1,3,15,3,Enfermedad,4,Sí
9742,2025-07-18,895,1,3,15,3,Enfermedad,8,Sí
9743,2025-07-07,898,1,1,7,2,Permiso personal,8,Sí
9744,2025-08-09,3,1,4,11,4,Enfermedad,8,Sí
9745,2025-08-10,3,1,4,11,4,Enfermedad,8,Sí
9746,2025-08-10,9,1,1,11,4,Falta injustificada,8,No
9747,2025-08-15,13,1,5,8,3,Enfermedad,8,Sí
9748,2025-08-22,13,1,5,8,3,Enfermedad,8,Sí
9749,2025-08-07,21,1,3,21,4,Permiso personal,8,Sí
9750,2025-08-19,21,1,3,21,4,Enfermedad,8,Sí
9751,2025-08-13,22,1,5,18,4,Falta injustificada,8,No
9752,2025-08-05,27,1,4,22,4,Enfermedad,8,Sí
9753,2025-08-25,27,1,4,22,4,Enfermedad,8,Sí
9754,2025-08-20,28,1,1,21,4,Enfermedad,8,Sí
9755,2025-08-24,29,1,1,9,4,Falta injustificada,8,No
9756,2025-08-03,30,2,8,25,4,Permiso personal,4,Sí
9757,2025-08-03,35,1,1,11,4,Enfermedad,4,Sí
9758,2025-08-20,41,1,2,17,4,Enfermedad,8,Sí
9759,2025-08-24,44,1,1,23,4,Enfermedad,8,Sí
9760,2025-08-26,44,1,1,23,4,Falta injustificada,8,No
9761,2025-08-29,46,1,4,14,4,Falta injustificada,8,No
9762,2025-08-22,47,1,1,5,4,Enfermedad,8,Sí
9763,2025-08-04,48,1,5,12,4,Enfermedad,8,Sí
9764,2025-08-26,49,1,3,19,4,Permiso personal,8,Sí
9765,2025-08-04,51,1,2,11,4,Enfermedad,4,Sí
9766,2025-08-03,53,1,5,11,4,Falta injustificada,8,No
9767,2025-08-21,53,1,5,11,4,Enfermedad,8,Sí
9768,2025-08-07,54,1,4,19,4,Enfermedad,4,Sí
9769,2025-08-18,58,1,3,10,4,Enfermedad,8,Sí
9770,2025-08-26,58,1,3,10,4,Permiso personal,4,Sí
9771,2025-08-15,65,1,3,20,4,Enfermedad,8,Sí
9772,2025-08-07,68,1,2,7,4,Enfermedad,8,Sí
9773,2025-08-06,77,2,6,25,4,Enfermedad,8,Sí
9774,2025-08-19,77,2,6,25,4,Enfermedad,8,Sí
9775,2025-08-27,78,3,9,27,4,Enfermedad,8,Sí
9776,2025-08-12,83,1,1,21,3,Enfermedad,8,Sí
9777,2025-08-21,88,1,3,19,4,Permiso personal,8,Sí
9778,2025-08-01,89,1,4,19,4,Enfermedad,8,Sí
9779,2025-08-27,89,1,4,19,4,Permiso personal,4,Sí
9780,2025-08-26,97,1,3,3,4,Enfermedad,4,Sí
9781,2025-08-27,97,1,3,3,4,Enfermedad,8,Sí
9782,2025-08-06,98,1,3,18,4,Permiso personal,8,Sí
9783,2025-08-31,98,1,3,18,4,Enfermedad,8,Sí
9784,2025-08-28,108,1,2,17,4,Falta injustificada,4,No
9785,2025-08-21,110,1,3,8,4,Permiso personal,8,Sí
9786,2025-08-26,118,1,4,15,3,Enfermedad,8,Sí
9787,2025-08-04,119,1,5,4,4,Enfermedad,8,Sí
9788,2025-08-21,119,1,5,4,4,Enfermedad,4,Sí
9789,2025-08-01,123,1,4,17,4,Enfermedad,8,Sí
9790,2025-08-13,123,1,4,17,4,Enfermedad,8,Sí
9791,2025-08-18,129,1,1,21,4,Permiso personal,8,Sí
9792,2025-08-07,130,1,5,5,4,Permiso personal,8,Sí
9793,2025-08-09,135,1,4,18,4,Permiso personal,8,Sí
9794,2025-08-10,137,1,1,8,4,Permiso personal,8,Sí
9795,2025-08-22,139,1,5,11,4,Enfermedad,8,Sí
9796,2025-08-10,140,1,1,22,4,Enfermedad,8,Sí
9797,2025-08-12,145,1,2,1,4,Enfermedad,8,Sí
9798,2025-08-14,145,1,2,1,4,Enfermedad,4,Sí
9799,2025-08-14,152,1,1,20,4,Enfermedad,8,Sí
9800,2025-08-02,155,2,6,26,4,Enfermedad,8,Sí
9801,2025-08-11,155,2,6,26,4,Enfermedad,4,Sí
9802,2025-08-23,155,2,6,26,4,Enfermedad,8,Sí
9803,2025-08-25,155,2,6,26,4,Permiso personal,4,Sí
9804,2025-08-17,161,1,3,22,4,Enfermedad,4,Sí
9805,2025-08-29,163,1,5,22,4,Permiso personal,4,Sí
9806,2025-08-31,163,1,5,22,4,Enfermedad,8,Sí
9807,2025-08-29,167,1,3,22,4,Falta injustificada,8,No
9808,2025-08-06,169,1,1,7,4,Enfermedad,8,Sí
9809,2025-08-12,169,1,1,7,4,Enfermedad,8,Sí
9810,2025-08-14,171,1,4,4,4,Permiso personal,8,Sí
9811,2025-08-17,184,1,1,11,4,Enfermedad,8,Sí
9812,2025-08-10,186,1,1,11,4,Enfermedad,8,Sí
9813,2025-08-12,188,1,4,1,4,Permiso personal,8,Sí
9814,2025-08-27,188,1,4,1,4,Permiso personal,4,Sí
9815,2025-08-03,190,6,16,27,4,Enfermedad,8,Sí
9816,2025-08-19,191,1,3,7,4,Enfermedad,8,Sí
9817,2025-08-15,192,1,1,2,4,Enfermedad,8,Sí
9818,2025-08-02,193,1,4,21,4,Enfermedad,4,Sí
9819,2025-08-15,198,1,1,23,4,Enfermedad,4,Sí
9820,2025-08-09,199,6,15,27,4,Falta injustificada,4,No
9821,2025-08-14,203,4,12,27,3,Enfermedad,8,Sí
9822,2025-08-15,207,1,1,3,4,Enfermedad,4,Sí
9823,2025-08-23,207,1,1,3,4,Permiso personal,8,Sí
9824,2025-08-25,213,1,4,14,4,Permiso personal,4,Sí
9825,2025-08-01,216,1,4,20,3,Enfermedad,4,Sí
9826,2025-08-26,216,1,4,20,3,Enfermedad,8,Sí
9827,2025-08-28,222,1,2,4,4,Permiso personal,4,Sí
9828,2025-08-19,224,5,14,27,4,Permiso personal,8,Sí
9829,2025-08-03,226,1,1,23,4,Permiso personal,8,Sí
9830,2025-08-19,233,2,6,25,4,Falta injustificada,8,No
9831,2025-08-12,236,1,1,2,4,Enfermedad,8,Sí
9832,2025-08-04,241,1,1,14,3,Enfermedad,4,Sí
9833,2025-08-14,242,1,1,2,4,Permiso personal,8,Sí
9834,2025-08-21,242,1,1,2,4,Enfermedad,8,Sí
9835,2025-08-04,252,1,2,21,4,Permiso personal,8,Sí
9836,2025-08-23,256,1,4,21,4,Permiso personal,8,Sí
9837,2025-08-26,257,1,2,22,4,Enfermedad,8,Sí
9838,2025-08-03,259,1,3,8,4,Enfermedad,4,Sí
9839,2025-08-12,261,1,5,23,4,Enfermedad,8,Sí
9840,2025-08-22,263,1,3,12,4,Permiso personal,8,Sí
9841,2025-08-15,269,1,1,8,4,Enfermedad,4,Sí
9842,2025-08-23,270,1,3,18,4,Falta injustificada,8,No
9843,2025-08-27,270,1,3,18,4,Enfermedad,8,Sí
9844,2025-08-06,279,1,4,10,4,Permiso personal,4,Sí
9845,2025-08-12,279,1,4,10,4,Permiso personal,8,Sí
9846,2025-08-22,283,1,5,12,4,Permiso personal,4,Sí
9847,2025-08-12,285,5,14,27,3,Permiso personal,8,Sí
9848,2025-08-19,285,5,14,27,3,Permiso personal,4,Sí
9849,2025-08-28,285,5,14,27,3,Enfermedad,8,Sí
9850,2025-08-09,289,1,3,1,4,Permiso personal,8,Sí
9851,2025-08-15,290,1,3,3,4,Falta injustificada,8,No
9852,2025-08-29,290,1,3,3,4,Enfermedad,8,Sí
9853,2025-08-12,301,1,5,1,4,Permiso personal,8,Sí
9854,2025-08-01,303,1,1,24,3,Permiso personal,4,Sí
9855,2025-08-05,303,1,1,24,3,Permiso personal,8,Sí
9856,2025-08-09,304,1,3,7,4,Enfermedad,8,Sí
9857,2025-08-28,304,1,3,7,4,Enfermedad,8,Sí
9858,2025-08-01,306,1,4,4,4,Enfermedad,8,Sí
9859,2025-08-22,306,1,4,4,4,Enfermedad,4,Sí
9860,2025-08-12,307,1,5,2,4,Enfermedad,4,Sí
9861,2025-08-13,321,6,16,27,4,Permiso personal,8,Sí
9862,2025-08-24,322,6,16,27,3,Permiso personal,4,Sí
9863,2025-08-26,322,6,16,27,3,Enfermedad,4,Sí
9864,2025-08-11,324,1,1,15,4,Falta injustificada,8,No
9865,2025-08-12,324,1,1,15,4,Enfermedad,8,Sí
9866,2025-08-09,327,3,9,27,4,Enfermedad,8,Sí
9867,2025-08-24,329,2,6,26,4,Permiso personal,8,Sí
9868,2025-08-31,329,2,6,26,4,Enfermedad,8,Sí
9869,2025-08-24,333,5,14,27,4,Enfermedad,8,Sí
9870,2025-08-07,341,1,1,7,4,Enfermedad,8,Sí
9871,2025-08-24,343,1,1,15,4,Permiso personal,8,Sí
9872,2025-08-02,344,1,1,24,4,Enfermedad,4,Sí
9873,2025-08-03,345,1,2,7,4,Enfermedad,8,Sí
9874,2025-08-16,345,1,2,7,4,Permiso personal,8,Sí
9875,2025-08-29,354,1,1,1,3,Permiso personal,8,Sí
9876,2025-08-18,357,1,5,8,3,Falta injustificada,8,No
9877,2025-08-19,357,1,5,8,3,Enfermedad,8,Sí
9878,2025-08-24,357,1,5,8,3,Enfermedad,8,Sí
9879,2025-08-25,360,1,2,23,3,Permiso personal,8,Sí
9880,2025-08-08,361,1,1,4,2,Enfermedad,8,Sí
9881,2025-08-13,361,1,1,4,2,Permiso personal,8,Sí
9882,2025-08-15,361,1,1,4,2,Permiso personal,8,Sí
9883,2025-08-16,361,1,1,4,2,Enfermedad,8,Sí
9884,2025-08-04,364,1,5,2,3,Permiso personal,8,Sí
9885,2025-08-12,364,1,5,2,3,Enfermedad,8,Sí
9886,2025-08-06,377,1,5,16,2,Enfermedad,8,Sí
9887,2025-08-13,377,1,5,16,2,Enfermedad,4,Sí
9888,2025-08-19,378,1,1,17,3,Enfermedad,8,Sí
9889,2025-08-26,378,1,1,17,3,Permiso personal,8,Sí
9890,2025-08-08,381,1,2,17,3,Enfermedad,4,Sí
9891,2025-08-26,385,1,1,22,1,Permiso personal,8,Sí
9892,2025-08-08,390,1,4,12,3,Permiso personal,8,Sí
9893,2025-08-23,393,1,4,4,3,Enfermedad,8,Sí
9894,2025-08-10,395,1,3,2,1,Enfermedad,8,Sí
9895,2025-08-15,395,1,3,2,1,Enfermedad,8,Sí
9896,2025-08-07,397,1,3,7,3,Enfermedad,4,Sí
9897,2025-08-29,398,5,14,27,3,Permiso personal,8,Sí
9898,2025-08-24,406,1,3,4,2,Enfermedad,8,Sí
9899,2025-08-28,410,1,1,21,2,Enfermedad,8,Sí
9900,2025-08-31,414,1,2,19,2,Permiso personal,8,Sí
9901,2025-08-23,415,1,1,23,2,Falta injustificada,8,No
9902,2025-08-04,423,1,5,22,1,Falta injustificada,8,No
9903,2025-08-15,423,1,5,22,1,Enfermedad,8,Sí
9904,2025-08-05,425,1,1,7,2,Falta injustificada,4,No
9905,2025-08-22,429,1,1,13,3,Enfermedad,8,Sí
9906,2025-08-04,434,1,1,15,3,Enfermedad,8,Sí
9907,2025-08-02,435,1,4,7,3,Permiso personal,8,Sí
9908,2025-08-20,435,1,4,7,3,Enfermedad,8,Sí
9909,2025-08-25,437,1,5,12,1,Enfermedad,8,Sí
9910,2025-08-01,438,2,6,25,2,Permiso personal,8,Sí
9911,2025-08-21,441,1,4,7,3,Enfermedad,8,Sí
9912,2025-08-20,442,1,1,2,2,Permiso personal,8,Sí
9913,2025-08-01,444,1,3,16,1,Enfermedad,4,Sí
9914,2025-08-20,445,1,2,16,2,Enfermedad,8,Sí
9915,2025-08-19,446,1,4,2,3,Permiso personal,8,Sí
9916,2025-08-05,456,1,2,15,2,Permiso personal,8,Sí
9917,2025-08-17,456,1,2,15,2,Falta injustificada,8,No
9918,2025-08-18,457,1,5,9,3,Permiso personal,8,Sí
9919,2025-08-03,462,3,10,27,3,Permiso personal,8,Sí
9920,2025-08-10,463,1,1,15,3,Enfermedad,8,Sí
9921,2025-08-23,463,1,1,15,3,Enfermedad,4,Sí
9922,2025-08-13,466,2,7,26,1,Enfermedad,8,Sí
9923,2025-08-22,472,1,1,9,3,Enfermedad,8,Sí
9924,2025-08-30,472,1,1,9,3,Permiso personal,8,Sí
9925,2025-08-16,477,5,13,27,1,Enfermedad,8,Sí
9926,2025-08-11,484,2,8,25,2,Enfermedad,8,Sí
9927,2025-08-14,493,1,5,18,1,Enfermedad,8,Sí
9928,2025-08-13,496,1,5,5,3,Enfermedad,8,Sí
9929,2025-08-27,496,1,5,5,3,Enfermedad,8,Sí
9930,2025-08-17,497,1,1,14,2,Enfermedad,8,Sí
9931,2025-08-18,498,1,1,18,3,Permiso personal,8,Sí
9932,2025-08-01,506,2,6,25,2,Falta injustificada,8,No
9933,2025-08-15,506,2,6,25,2,Enfermedad,8,Sí
9934,2025-08-19,506,2,6,25,2,Enfermedad,4,Sí
9935,2025-08-06,510,5,14,27,3,Enfermedad,8,Sí
9936,2025-08-22,510,5,14,27,3,Permiso personal,4,Sí
9937,2025-08-02,513,1,1,23,3,Enfermedad,4,Sí
9938,2025-08-16,513,1,1,23,3,Falta injustificada,4,No
9939,2025-08-02,522,1,1,7,3,Permiso personal,8,Sí
9940,2025-08-24,522,1,1,7,3,Enfermedad,8,Sí
9941,2025-08-27,523,1,1,9,3,Permiso personal,8,Sí
9942,2025-08-28,523,1,1,9,3,Enfermedad,8,Sí
9943,2025-08-23,527,1,5,8,2,Falta injustificada,8,No
9944,2025-08-03,529,1,3,24,2,Permiso personal,8,Sí
9945,2025-08-13,529,1,3,24,2,Enfermedad,8,Sí
9946,2025-08-17,529,1,3,24,2,Enfermedad,8,Sí
9947,2025-08-24,532,1,5,11,3,Enfermedad,4,Sí
9948,2025-08-26,533,1,3,15,2,Enfermedad,8,Sí
9949,2025-08-03,540,1,3,14,3,Enfermedad,8,Sí
9950,2025-08-30,543,1,1,7,3,Enfermedad,8,Sí
9951,2025-08-06,544,2,6,26,3,Permiso personal,8,Sí
9952,2025-08-21,544,2,6,26,3,Enfermedad,8,Sí
9953,2025-08-26,544,2,6,26,3,Enfermedad,4,Sí
9954,2025-08-01,549,1,1,23,3,Enfermedad,8,Sí
9955,2025-08-21,553,1,4,3,3,Enfermedad,8,Sí
9956,2025-08-16,561,1,1,15,2,Falta injustificada,8,No
9957,2025-08-29,562,1,2,19,2,Enfermedad,8,Sí
9958,2025-08-11,563,1,3,13,3,Enfermedad,8,Sí
9959,2025-08-29,563,1,3,13,3,Enfermedad,8,Sí
9960,2025-08-27,564,2,6,26,2,Permiso personal,8,Sí
9961,2025-08-11,566,6,15,27,3,Enfermedad,4,Sí
9962,2025-08-20,566,6,15,27,3,Enfermedad,8,Sí
9963,2025-08-26,567,1,3,12,3,Enfermedad,8,Sí
9964,2025-08-09,569,3,10,27,3,Falta injustificada,8,No
9965,2025-08-15,569,3,10,27,3,Enfermedad,8,Sí
9966,2025-08-03,571,1,3,12,3,Permiso personal,8,Sí
9967,2025-08-17,571,1,3,12,3,Permiso personal,8,Sí
9968,2025-08-11,573,1,3,15,3,Enfermedad,8,Sí
9969,2025-08-15,573,1,3,15,3,Enfermedad,8,Sí
9970,2025-08-04,576,1,1,11,2,Enfermedad,8,Sí
9971,2025-08-28,579,1,1,2,3,Permiso personal,8,Sí
9972,2025-08-25,582,1,4,12,2,Permiso personal,8,Sí
9973,2025-08-21,585,1,5,1,1,Permiso personal,8,Sí
9974,2025-08-23,585,1,5,1,1,Enfermedad,4,Sí
9975,2025-08-08,586,1,1,23,3,Enfermedad,8,Sí
9976,2025-08-12,595,2,6,25,2,Enfermedad,8,Sí
9977,2025-08-30,596,2,6,26,2,Enfermedad,4,Sí
9978,2025-08-30,603,1,1,11,3,Enfermedad,8,Sí
9979,2025-08-07,605,1,4,16,3,Enfermedad,8,Sí
9980,2025-08-19,609,1,3,16,3,Falta injustificada,4,No
9981,2025-08-03,610,1,5,19,2,Enfermedad,8,Sí
9982,2025-08-23,611,1,1,10,3,Enfermedad,8,Sí
9983,2025-08-21,612,1,1,18,3,Enfermedad,8,Sí
9984,2025-08-19,615,1,2,3,2,Enfermedad,8,Sí
9985,2025-08-22,615,1,2,3,2,Enfermedad,8,Sí
9986,2025-08-25,615,1,2,3,2,Enfermedad,8,Sí
9987,2025-08-29,615,1,2,3,2,Enfermedad,8,Sí
9988,2025-08-18,616,1,4,23,3,Permiso personal,8,Sí
9989,2025-08-26,617,1,1,24,3,Enfermedad,8,Sí
9990,2025-08-21,628,1,1,10,2,Permiso personal,8,Sí
9991,2025-08-27,629,1,5,23,1,Permiso personal,8,Sí
9992,2025-08-10,631,1,2,8,3,Permiso personal,4,Sí
9993,2025-08-20,631,1,2,8,3,Enfermedad,8,Sí
9994,2025-08-13,636,1,5,4,2,Enfermedad,4,Sí
9995,2025-08-25,636,1,5,4,2,Enfermedad,8,Sí
9996,2025-08-27,636,1,5,4,2,Permiso personal,8,Sí
9997,2025-08-04,638,1,5,24,3,Enfermedad,8,Sí
9998,2025-08-05,643,1,5,21,3,Permiso personal,8,Sí
9999,2025-08-03,644,1,1,19,1,Permiso personal,8,Sí
10000,2025-08-21,644,1,1,19,1,Enfermedad,4,Sí
10001,2025-08-25,645,1,5,2,3,Enfermedad,8,Sí
10002,2025-08-15,648,1,5,12,3,Enfermedad,8,Sí
10003,2025-08-17,648,1,5,12,3,Enfermedad,8,Sí
10004,2025-08-07,651,1,4,10,3,Enfermedad,8,Sí
10005,2025-08-09,652,1,1,10,2,Enfermedad,8,Sí
10006,2025-08-10,653,1,1,3,2,Enfermedad,4,Sí
10007,2025-08-15,664,1,1,7,2,Permiso personal,8,Sí
10008,2025-08-19,664,1,1,7,2,Enfermedad,8,Sí
10009,2025-08-05,665,1,4,16,3,Enfermedad,8,Sí
10010,2025-08-01,667,2,6,25,2,Enfermedad,4,Sí
10011,2025-08-01,678,1,2,2,3,Enfermedad,8,Sí
10012,2025-08-17,688,1,4,17,2,Enfermedad,4,Sí
10013,2025-08-30,691,2,8,25,1,Permiso personal,8,Sí
10014,2025-08-30,698,1,1,5,2,Enfermedad,8,Sí
10015,2025-08-23,705,1,1,2,1,Falta injustificada,8,No
10016,2025-08-06,708,4,12,27,3,Enfermedad,4,Sí
10017,2025-08-10,709,1,3,4,2,Permiso personal,8,Sí
10018,2025-08-20,713,1,1,5,3,Permiso personal,8,Sí
10019,2025-08-01,717,2,7,25,3,Falta injustificada,8,No
10020,2025-08-12,723,1,1,24,3,Permiso personal,8,Sí
10021,2025-08-15,727,2,6,26,2,Permiso personal,8,Sí
10022,2025-08-20,732,1,1,21,2,Enfermedad,8,Sí
10023,2025-08-27,732,1,1,21,2,Enfermedad,8,Sí
10024,2025-08-30,732,1,1,21,2,Enfermedad,4,Sí
10025,2025-08-02,733,1,3,20,3,Enfermedad,8,Sí
10026,2025-08-26,735,4,12,27,3,Enfermedad,8,Sí
10027,2025-08-15,746,1,5,18,1,Permiso personal,4,Sí
10028,2025-08-13,750,1,2,17,2,Enfermedad,8,Sí
10029,2025-08-20,760,1,5,1,2,Enfermedad,4,Sí
10030,2025-08-24,760,1,5,1,2,Enfermedad,8,Sí
10031,2025-08-10,767,2,6,25,3,Enfermedad,8,Sí
10032,2025-08-05,779,1,1,2,1,Enfermedad,8,Sí
10033,2025-08-27,782,1,1,10,3,Enfermedad,8,Sí
10034,2025-08-10,801,1,2,9,3,Permiso personal,8,Sí
10035,2025-08-22,801,1,2,9,3,Enfermedad,8,Sí
10036,2025-08-19,803,1,2,8,3,Enfermedad,8,Sí
10037,2025-08-07,805,1,1,3,3,Enfermedad,8,Sí
10038,2025-08-18,805,1,1,3,3,Permiso personal,8,Sí
10039,2025-08-20,805,1,1,3,3,Permiso personal,8,Sí
10040,2025-08-12,806,1,1,14,2,Enfermedad,8,Sí
10041,2025-08-26,806,1,1,14,2,Enfermedad,8,Sí
10042,2025-08-02,808,1,1,5,1,Permiso personal,8,Sí
10043,2025-08-10,812,1,4,4,3,Falta injustificada,4,No
10044,2025-08-14,816,4,12,27,3,Permiso personal,8,Sí
10045,2025-08-24,816,4,12,27,3,Enfermedad,8,Sí
10046,2025-08-24,822,1,1,18,2,Enfermedad,8,Sí
10047,2025-08-05,826,1,1,15,3,Enfermedad,8,Sí
10048,2025-08-06,826,1,1,15,3,Permiso personal,8,Sí
10049,2025-08-03,828,1,2,8,2,Enfermedad,4,Sí
10050,2025-08-21,829,1,1,17,3,Enfermedad,8,Sí
10051,2025-08-31,829,1,1,17,3,Permiso personal,4,Sí
10052,2025-08-07,830,1,1,24,2,Permiso personal,8,Sí
10053,2025-08-04,836,5,13,27,3,Permiso personal,8,Sí
10054,2025-08-07,837,1,3,17,1,Permiso personal,8,Sí
10055,2025-08-13,838,1,1,6,3,Enfermedad,8,Sí
10056,2025-08-21,838,1,1,6,3,Permiso personal,8,Sí
10057,2025-08-13,840,1,4,24,3,Enfermedad,8,Sí
10058,2025-08-17,840,1,4,24,3,Enfermedad,8,Sí
10059,2025-08-15,843,3,10,27,2,Enfermedad,8,Sí
10060,2025-08-10,850,1,3,22,2,Permiso personal,8,Sí
10061,2025-08-17,850,1,3,22,2,Enfermedad,4,Sí
10062,2025-08-18,850,1,3,22,2,Enfermedad,4,Sí
10063,2025-08-30,850,1,3,22,2,Enfermedad,8,Sí
10064,2025-08-22,851,1,1,14,2,Permiso personal,8,Sí
10065,2025-08-03,857,2,8,26,2,Enfermedad,8,Sí
10066,2025-08-14,859,1,1,15,1,Permiso personal,8,Sí
10067,2025-08-26,862,1,2,4,3,Enfermedad,4,Sí
10068,2025-08-04,870,1,2,5,2,Permiso personal,8,Sí
10069,2025-08-15,870,1,2,5,2,Enfermedad,8,Sí
10070,2025-08-31,870,1,2,5,2,Permiso personal,8,Sí
10071,2025-08-28,872,2,6,25,3,Permiso personal,4,Sí
10072,2025-08-17,884,1,5,24,3,Enfermedad,8,Sí
10073,2025-08-09,890,1,4,22,3,Permiso personal,8,Sí
10074,2025-08-24,891,1,1,10,2,Enfermedad,8,Sí
10075,2025-08-26,894,4,12,27,2,Permiso personal,4,Sí
10076,2025-08-12,895,1,3,15,3,Enfermedad,8,Sí
10077,2025-08-22,895,1,3,15,3,Enfermedad,8,Sí
10078,2025-08-27,895,1,3,15,3,Enfermedad,8,Sí
10079,2025-08-16,898,1,1,7,2,Falta injustificada,8,No
10080,2025-09-07,2,2,7,25,4,Enfermedad,4,Sí
10081,2025-09-27,2,2,7,25,4,Enfermedad,8,Sí
10082,2025-09-04,6,1,5,7,4,Permiso personal,4,Sí
10083,2025-09-05,6,1,5,7,4,Enfermedad,8,Sí
10084,2025-09-11,6,1,5,7,4,Permiso personal,8,Sí
10085,2025-09-25,6,1,5,7,4,Enfermedad,8,Sí
10086,2025-09-08,9,1,1,11,4,Enfermedad,8,Sí
10087,2025-09-24,25,1,3,11,4,Permiso personal,4,Sí
10088,2025-09-22,27,1,4,22,4,Enfermedad,8,Sí
10089,2025-09-23,28,1,1,21,4,Permiso personal,8,Sí
10090,2025-09-21,30,2,8,25,4,Enfermedad,4,Sí
10091,2025-09-26,30,2,8,25,4,Enfermedad,8,Sí
10092,2025-09-29,35,1,1,11,4,Enfermedad,8,Sí
10093,2025-09-05,37,3,9,27,4,Permiso personal,8,Sí
10094,2025-09-27,37,3,9,27,4,Enfermedad,8,Sí
10095,2025-09-29,37,3,9,27,4,Permiso personal,8,Sí
10096,2025-09-14,46,1,4,14,4,Enfermedad,8,Sí
10097,2025-09-26,46,1,4,14,4,Enfermedad,8,Sí
10098,2025-09-05,47,1,1,5,4,Permiso personal,8,Sí
10099,2025-09-08,48,1,5,12,4,Enfermedad,4,Sí
10100,2025-09-02,51,1,2,11,4,Permiso personal,8,Sí
10101,2025-09-19,51,1,2,11,4,Falta injustificada,4,No
10102,2025-09-19,53,1,5,11,4,Enfermedad,4,Sí
10103,2025-09-26,54,1,4,19,4,Permiso personal,8,Sí
10104,2025-09-06,59,1,4,7,4,Permiso personal,8,Sí
10105,2025-09-12,65,1,3,20,4,Permiso personal,8,Sí
10106,2025-09-27,72,1,1,21,4,Enfermedad,8,Sí
10107,2025-09-19,80,1,3,12,4,Enfermedad,8,Sí
10108,2025-09-12,83,1,1,21,3,Permiso personal,8,Sí
10109,2025-09-28,88,1,3,19,4,Permiso personal,8,Sí
10110,2025-09-18,96,1,1,12,4,Enfermedad,8,Sí
10111,2025-09-06,101,5,13,27,4,Enfermedad,8,Sí
10112,2025-09-13,101,5,13,27,4,Permiso personal,8,Sí
10113,2025-09-26,101,5,13,27,4,Enfermedad,4,Sí
10114,2025-09-14,102,1,1,14,4,Permiso personal,8,Sí
10115,2025-09-28,102,1,1,14,4,Enfermedad,8,Sí
10116,2025-09-06,108,1,2,17,4,Falta injustificada,8,No
10117,2025-09-06,110,1,3,8,4,Permiso personal,8,Sí
10118,2025-09-22,118,1,4,15,3,Falta injustificada,8,No
10119,2025-09-26,118,1,4,15,3,Falta injustificada,8,No
10120,2025-09-28,122,1,2,21,4,Enfermedad,8,Sí
10121,2025-09-19,124,1,1,15,4,Permiso personal,8,Sí
10122,2025-09-19,129,1,1,21,4,Permiso personal,4,Sí
10123,2025-09-10,130,1,5,5,4,Falta injustificada,8,No
10124,2025-09-09,132,1,1,5,4,Enfermedad,4,Sí
10125,2025-09-22,132,1,1,5,4,Enfermedad,8,Sí
10126,2025-09-25,132,1,1,5,4,Permiso personal,8,Sí
10127,2025-09-06,137,1,1,8,4,Enfermedad,4,Sí
10128,2025-09-17,137,1,1,8,4,Enfermedad,4,Sí
10129,2025-09-17,138,1,4,7,4,Permiso personal,8,Sí
10130,2025-09-16,145,1,2,1,4,Permiso personal,4,Sí
10131,2025-09-27,145,1,2,1,4,Permiso personal,4,Sí
10132,2025-09-11,152,1,1,20,4,Enfermedad,8,Sí
10133,2025-09-14,158,1,4,23,4,Enfermedad,8,Sí
10134,2025-09-02,161,1,3,22,4,Falta injustificada,8,No
10135,2025-09-26,163,1,5,22,4,Enfermedad,8,Sí
10136,2025-09-04,168,1,3,6,4,Permiso personal,8,Sí
10137,2025-09-08,168,1,3,6,4,Permiso personal,4,Sí
10138,2025-09-19,171,1,4,4,4,Enfermedad,8,Sí
10139,2025-09-03,176,1,1,6,4,Enfermedad,8,Sí
10140,2025-09-12,181,1,1,9,4,Permiso personal,4,Sí
10141,2025-09-16,181,1,1,9,4,Permiso personal,8,Sí
10142,2025-09-25,181,1,1,9,4,Enfermedad,8,Sí
10143,2025-09-30,184,1,1,11,4,Falta injustificada,8,No
10144,2025-09-06,191,1,3,7,4,Enfermedad,8,Sí
10145,2025-09-19,193,1,4,21,4,Permiso personal,8,Sí
10146,2025-09-23,198,1,1,23,4,Enfermedad,8,Sí
10147,2025-09-01,199,6,15,27,4,Enfermedad,8,Sí
10148,2025-09-22,199,6,15,27,4,Enfermedad,4,Sí
10149,2025-09-02,203,4,12,27,4,Enfermedad,8,Sí
10150,2025-09-17,203,4,12,27,4,Enfermedad,4,Sí
10151,2025-09-06,207,1,1,3,4,Enfermedad,4,Sí
10152,2025-09-14,207,1,1,3,4,Enfermedad,8,Sí
10153,2025-09-17,207,1,1,3,4,Enfermedad,8,Sí
10154,2025-09-07,213,1,4,14,4,Enfermedad,8,Sí
10155,2025-09-12,222,1,2,4,4,Enfermedad,8,Sí
10156,2025-09-04,224,5,14,27,4,Enfermedad,4,Sí
10157,2025-09-12,229,2,8,25,4,Enfermedad,8,Sí
10158,2025-09-04,236,1,1,2,4,Permiso personal,8,Sí
10159,2025-09-17,236,1,1,2,4,Enfermedad,8,Sí
10160,2025-09-30,236,1,1,2,4,Permiso personal,4,Sí
10161,2025-09-07,239,1,3,8,4,Enfermedad,8,Sí
10162,2025-09-04,242,1,1,2,4,Enfermedad,4,Sí
10163,2025-09-15,245,1,1,5,4,Enfermedad,8,Sí
10164,2025-09-30,245,1,1,5,4,Enfermedad,4,Sí
10165,2025-09-13,256,1,4,21,4,Permiso personal,4,Sí
10166,2025-09-17,256,1,4,21,4,Enfermedad,8,Sí
10167,2025-09-30,257,1,2,22,4,Enfermedad,8,Sí
10168,2025-09-17,259,1,3,8,4,Enfermedad,8,Sí
10169,2025-09-28,263,1,3,12,4,Enfermedad,8,Sí
10170,2025-09-26,268,1,5,10,4,Enfermedad,4,Sí
10171,2025-09-13,270,1,3,18,4,Permiso personal,4,Sí
10172,2025-09-27,270,1,3,18,4,Permiso personal,4,Sí
10173,2025-09-13,283,1,5,12,4,Falta injustificada,8,No
10174,2025-09-18,286,1,2,12,4,Falta injustificada,8,No
10175,2025-09-06,290,1,3,3,4,Enfermedad,8,Sí
10176,2025-09-24,291,1,2,2,4,Enfermedad,8,Sí
10177,2025-09-03,292,2,6,26,4,Enfermedad,8,Sí
10178,2025-09-26,292,2,6,26,4,Enfermedad,8,Sí
10179,2025-09-09,294,1,1,1,3,Falta injustificada,8,No
10180,2025-09-10,294,1,1,1,3,Enfermedad,4,Sí
10181,2025-09-21,295,1,5,18,4,Enfermedad,8,Sí
10182,2025-09-16,300,5,13,27,4,Enfermedad,8,Sí
10183,2025-09-03,301,1,5,1,4,Permiso personal,4,Sí
10184,2025-09-01,303,1,1,24,4,Enfermedad,4,Sí
10185,2025-09-20,303,1,1,24,4,Falta injustificada,8,No
10186,2025-09-04,304,1,3,7,4,Permiso personal,8,Sí
10187,2025-09-20,306,1,4,4,4,Enfermedad,8,Sí
10188,2025-09-07,309,1,4,9,4,Permiso personal,8,Sí
10189,2025-09-09,309,1,4,9,4,Falta injustificada,4,No
10190,2025-09-13,309,1,4,9,4,Permiso personal,8,Sí
10191,2025-09-02,310,1,2,21,4,Enfermedad,8,Sí
10192,2025-09-25,314,2,7,25,4,Permiso personal,8,Sí
10193,2025-09-03,320,1,4,10,4,Falta injustificada,8,No
10194,2025-09-01,322,6,16,27,3,Falta injustificada,4,No
10195,2025-09-30,322,6,16,27,3,Falta injustificada,8,No
10196,2025-09-13,324,1,1,15,4,Enfermedad,8,Sí
10197,2025-09-06,326,1,1,15,4,Enfermedad,8,Sí
10198,2025-09-11,326,1,1,15,4,Enfermedad,8,Sí
10199,2025-09-21,326,1,1,15,4,Falta injustificada,8,No
10200,2025-09-11,329,2,6,26,4,Enfermedad,8,Sí
10201,2025-09-14,331,1,1,4,4,Enfermedad,8,Sí
10202,2025-09-16,345,1,2,7,4,Permiso personal,8,Sí
10203,2025-09-08,350,1,5,23,4,Enfermedad,8,Sí
10204,2025-09-17,350,1,5,23,4,Enfermedad,8,Sí
10205,2025-09-10,351,1,1,11,3,Enfermedad,8,Sí
10206,2025-09-04,354,1,1,1,3,Enfermedad,8,Sí
10207,2025-09-19,354,1,1,1,3,Permiso personal,8,Sí
10208,2025-09-20,355,1,5,2,3,Permiso personal,8,Sí
10209,2025-09-03,357,1,5,8,3,Permiso personal,8,Sí
10210,2025-09-11,357,1,5,8,3,Enfermedad,8,Sí
10211,2025-09-22,357,1,5,8,3,Enfermedad,8,Sí
10212,2025-09-28,357,1,5,8,3,Enfermedad,8,Sí
10213,2025-09-21,371,1,5,8,2,Enfermedad,4,Sí
10214,2025-09-17,376,3,10,27,3,Enfermedad,8,Sí
10215,2025-09-02,377,1,5,16,2,Enfermedad,8,Sí
10216,2025-09-10,377,1,5,16,2,Enfermedad,8,Sí
10217,2025-09-15,381,1,2,17,3,Enfermedad,8,Sí
10218,2025-09-22,381,1,2,17,3,Permiso personal,8,Sí
10219,2025-09-29,381,1,2,17,3,Enfermedad,4,Sí
10220,2025-09-18,390,1,4,12,3,Permiso personal,8,Sí
10221,2025-09-03,393,1,4,4,3,Enfermedad,8,Sí
10222,2025-09-22,393,1,4,4,3,Permiso personal,8,Sí
10223,2025-09-11,395,1,3,2,2,Enfermedad,8,Sí
10224,2025-09-07,400,1,1,1,3,Falta injustificada,4,No
10225,2025-09-06,404,1,5,10,3,Falta injustificada,8,No
10226,2025-09-27,404,1,5,10,3,Permiso personal,4,Sí
10227,2025-09-09,406,1,3,4,2,Enfermedad,4,Sí
10228,2025-09-15,406,1,3,4,2,Permiso personal,4,Sí
10229,2025-09-28,406,1,3,4,2,Enfermedad,4,Sí
10230,2025-09-19,410,1,1,21,2,Enfermedad,4,Sí
10231,2025-09-21,414,1,2,19,2,Enfermedad,4,Sí
10232,2025-09-01,416,1,1,8,3,Enfermedad,8,Sí
10233,2025-09-12,417,1,1,19,2,Enfermedad,4,Sí
10234,2025-09-26,417,1,1,19,2,Permiso personal,8,Sí
10235,2025-09-13,421,1,1,13,3,Enfermedad,8,Sí
10236,2025-09-12,426,1,1,17,2,Permiso personal,8,Sí
10237,2025-09-03,432,6,15,27,1,Enfermedad,8,Sí
10238,2025-09-04,432,6,15,27,1,Enfermedad,8,Sí
10239,2025-09-18,432,6,15,27,1,Enfermedad,8,Sí
10240,2025-09-01,434,1,1,15,3,Enfermedad,8,Sí
10241,2025-09-12,437,1,5,12,1,Enfermedad,8,Sí
10242,2025-09-04,438,2,6,25,2,Permiso personal,8,Sí
10243,2025-09-14,438,2,6,25,2,Permiso personal,8,Sí
10244,2025-09-25,438,2,6,25,2,Enfermedad,4,Sí
10245,2025-09-11,441,1,4,7,3,Enfermedad,8,Sí
10246,2025-09-07,444,1,3,16,2,Permiso personal,8,Sí
10247,2025-09-13,444,1,3,16,2,Permiso personal,8,Sí
10248,2025-09-19,444,1,3,16,2,Permiso personal,4,Sí
10249,2025-09-24,445,1,2,16,2,Permiso personal,8,Sí
10250,2025-09-18,446,1,4,2,3,Enfermedad,8,Sí
10251,2025-09-17,447,2,7,26,3,Enfermedad,8,Sí
10252,2025-09-22,464,1,1,16,2,Permiso personal,8,Sí
10253,2025-09-25,468,2,6,26,3,Enfermedad,8,Sí
10254,2025-09-19,472,1,1,9,3,Permiso personal,4,Sí
10255,2025-09-22,472,1,1,9,3,Enfermedad,8,Sí
10256,2025-09-15,477,5,13,27,1,Enfermedad,8,Sí
10257,2025-09-24,481,1,1,20,3,Permiso personal,8,Sí
10258,2025-09-11,486,1,4,18,3,Falta injustificada,8,No
10259,2025-09-27,486,1,4,18,3,Falta injustificada,8,No
10260,2025-09-18,490,3,10,27,3,Enfermedad,8,Sí
10261,2025-09-04,493,1,5,18,1,Enfermedad,8,Sí
10262,2025-09-06,502,1,1,4,3,Enfermedad,8,Sí
10263,2025-09-11,502,1,1,4,3,Enfermedad,4,Sí
10264,2025-09-16,502,1,1,4,3,Falta injustificada,4,No
10265,2025-09-22,506,2,6,25,2,Enfermedad,8,Sí
10266,2025-09-18,507,1,5,23,3,Permiso personal,8,Sí
10267,2025-09-27,508,1,4,14,3,Permiso personal,4,Sí
10268,2025-09-16,513,1,1,23,3,Permiso personal,8,Sí
10269,2025-09-13,521,1,4,13,2,Enfermedad,8,Sí
10270,2025-09-02,523,1,1,9,3,Enfermedad,8,Sí
10271,2025-09-03,523,1,1,9,3,Enfermedad,4,Sí
10272,2025-09-24,529,1,3,24,2,Falta injustificada,8,No
10273,2025-09-21,532,1,5,11,3,Enfermedad,8,Sí
10274,2025-09-28,533,1,3,15,2,Enfermedad,4,Sí
10275,2025-09-18,536,1,1,21,3,Enfermedad,4,Sí
10276,2025-09-27,536,1,1,21,3,Enfermedad,8,Sí
10277,2025-09-13,537,2,8,25,3,Enfermedad,8,Sí
10278,2025-09-23,537,2,8,25,3,Enfermedad,8,Sí
10279,2025-09-10,540,1,3,14,3,Enfermedad,8,Sí
10280,2025-09-17,544,2,6,26,3,Enfermedad,4,Sí
10281,2025-09-04,553,1,4,3,3,Permiso personal,8,Sí
10282,2025-09-08,561,1,1,15,2,Enfermedad,8,Sí
10283,2025-09-29,561,1,1,15,2,Enfermedad,8,Sí
10284,2025-09-05,563,1,3,13,3,Enfermedad,4,Sí
10285,2025-09-08,563,1,3,13,3,Falta injustificada,8,No
10286,2025-09-10,568,1,1,9,1,Enfermedad,4,Sí
10287,2025-09-14,569,3,10,27,3,Falta injustificada,8,No
10288,2025-09-16,569,3,10,27,3,Enfermedad,8,Sí
10289,2025-09-01,574,1,3,22,3,Permiso personal,8,Sí
10290,2025-09-21,576,1,1,11,2,Enfermedad,8,Sí
10291,2025-09-18,577,1,3,2,1,Permiso personal,8,Sí
10292,2025-09-21,577,1,3,2,1,Enfermedad,8,Sí
10293,2025-09-13,579,1,1,2,3,Permiso personal,4,Sí
10294,2025-09-20,583,1,3,12,3,Permiso personal,8,Sí
10295,2025-09-04,585,1,5,1,1,Enfermedad,8,Sí
10296,2025-09-18,585,1,5,1,1,Falta injustificada,8,No
10297,2025-09-29,587,1,1,6,2,Enfermedad,8,Sí
10298,2025-09-01,601,1,1,23,2,Enfermedad,8,Sí
10299,2025-09-17,601,1,1,23,2,Enfermedad,8,Sí
10300,2025-09-28,605,1,4,16,3,Enfermedad,8,Sí
10301,2025-09-12,606,1,1,6,2,Permiso personal,4,Sí
10302,2025-09-09,607,1,1,8,2,Permiso personal,8,Sí
10303,2025-09-25,607,1,1,8,2,Enfermedad,4,Sí
10304,2025-09-27,607,1,1,8,2,Enfermedad,8,Sí
10305,2025-09-29,609,1,3,16,3,Enfermedad,8,Sí
10306,2025-09-08,610,1,5,19,2,Permiso personal,8,Sí
10307,2025-09-13,611,1,1,10,3,Permiso personal,4,Sí
10308,2025-09-16,611,1,1,10,3,Enfermedad,8,Sí
10309,2025-09-15,617,1,1,24,3,Permiso personal,8,Sí
10310,2025-09-28,618,2,6,26,2,Permiso personal,8,Sí
10311,2025-09-03,628,1,1,10,2,Enfermedad,8,Sí
10312,2025-09-18,628,1,1,10,2,Permiso personal,8,Sí
10313,2025-09-17,629,1,5,23,1,Enfermedad,8,Sí
10314,2025-09-28,630,1,1,20,3,Permiso personal,4,Sí
10315,2025-09-15,631,1,2,8,3,Permiso personal,8,Sí
10316,2025-09-24,636,1,5,4,2,Enfermedad,8,Sí
10317,2025-09-04,637,1,1,22,2,Enfermedad,4,Sí
10318,2025-09-13,638,1,5,24,3,Enfermedad,8,Sí
10319,2025-09-16,638,1,5,24,3,Enfermedad,8,Sí
10320,2025-09-08,639,2,6,25,2,Falta injustificada,8,No
10321,2025-09-23,639,2,6,25,2,Enfermedad,8,Sí
10322,2025-09-27,640,1,1,3,2,Enfermedad,8,Sí
10323,2025-09-14,645,1,5,2,3,Permiso personal,4,Sí
10324,2025-09-16,646,1,1,19,3,Permiso personal,4,Sí
10325,2025-09-20,646,1,1,19,3,Enfermedad,4,Sí
10326,2025-09-12,647,1,1,5,3,Permiso personal,8,Sí
10327,2025-09-13,647,1,1,5,3,Permiso personal,8,Sí
10328,2025-09-05,648,1,5,12,3,Enfermedad,8,Sí
10329,2025-09-25,649,1,2,6,3,Enfermedad,8,Sí
10330,2025-09-25,651,1,4,10,3,Permiso personal,4,Sí
10331,2025-09-07,652,1,1,10,3,Enfermedad,8,Sí
10332,2025-09-11,662,1,4,11,1,Enfermedad,8,Sí
10333,2025-09-14,662,1,4,11,1,Enfermedad,8,Sí
10334,2025-09-27,662,1,4,11,1,Enfermedad,8,Sí
10335,2025-09-25,664,1,1,7,2,Enfermedad,4,Sí
10336,2025-09-22,665,1,4,16,3,Enfermedad,4,Sí
10337,2025-09-21,667,2,6,25,2,Permiso personal,8,Sí
10338,2025-09-05,671,1,1,9,1,Enfermedad,4,Sí
10339,2025-09-24,671,1,1,9,1,Enfermedad,8,Sí
10340,2025-09-02,674,1,2,16,2,Enfermedad,8,Sí
10341,2025-09-05,678,1,2,2,3,Falta injustificada,8,No
10342,2025-09-12,695,1,1,17,1,Enfermedad,8,Sí
10343,2025-09-28,695,1,1,17,1,Permiso personal,8,Sí
10344,2025-09-09,698,1,1,5,2,Enfermedad,8,Sí
10345,2025-09-30,701,1,4,7,2,Permiso personal,8,Sí
10346,2025-09-09,702,1,1,14,2,Enfermedad,8,Sí
10347,2025-09-14,702,1,1,14,2,Enfermedad,8,Sí
10348,2025-09-04,705,1,1,2,1,Enfermedad,8,Sí
10349,2025-09-01,706,1,1,5,1,Permiso personal,4,Sí
10350,2025-09-03,706,1,1,5,1,Enfermedad,8,Sí
10351,2025-09-11,706,1,1,5,1,Falta injustificada,8,No
10352,2025-09-01,709,1,3,4,2,Enfermedad,8,Sí
10353,2025-09-30,709,1,3,4,2,Enfermedad,8,Sí
10354,2025-09-10,711,4,12,27,3,Enfermedad,8,Sí
10355,2025-09-20,711,4,12,27,3,Enfermedad,8,Sí
10356,2025-09-04,727,2,6,26,2,Enfermedad,4,Sí
10357,2025-09-23,729,1,1,8,2,Falta injustificada,8,No
10358,2025-09-30,729,1,1,8,2,Enfermedad,8,Sí
10359,2025-09-14,732,1,1,21,2,Enfermedad,8,Sí
10360,2025-09-17,732,1,1,21,2,Enfermedad,8,Sí
10361,2025-09-08,734,1,2,24,3,Enfermedad,8,Sí
10362,2025-09-26,734,1,2,24,3,Enfermedad,8,Sí
10363,2025-09-19,753,1,5,17,2,Enfermedad,8,Sí
10364,2025-09-07,756,1,3,22,3,Permiso personal,4,Sí
10365,2025-09-14,756,1,3,22,3,Enfermedad,8,Sí
10366,2025-09-20,767,2,6,25,3,Enfermedad,8,Sí
10367,2025-09-03,771,1,1,7,2,Enfermedad,4,Sí
10368,2025-09-15,771,1,1,7,2,Falta injustificada,8,No
10369,2025-09-22,771,1,1,7,2,Permiso personal,8,Sí
10370,2025-09-30,771,1,1,7,2,Enfermedad,8,Sí
10371,2025-09-05,788,1,1,19,3,Enfermedad,4,Sí
10372,2025-09-01,806,1,1,14,3,Enfermedad,8,Sí
10373,2025-09-09,807,5,13,27,3,Enfermedad,8,Sí
10374,2025-09-19,808,1,1,5,1,Permiso personal,8,Sí
10375,2025-09-28,808,1,1,5,1,Permiso personal,8,Sí
10376,2025-09-24,813,1,4,14,2,Permiso personal,8,Sí
10377,2025-09-06,816,4,12,27,3,Permiso personal,8,Sí
10378,2025-09-15,822,1,1,18,3,Enfermedad,8,Sí
10379,2025-09-27,823,1,3,5,3,Enfermedad,8,Sí
10380,2025-09-30,826,1,1,15,3,Enfermedad,8,Sí
10381,2025-09-02,827,4,11,27,3,Enfermedad,8,Sí
10382,2025-09-09,828,1,2,8,2,Falta injustificada,8,No
10383,2025-09-22,829,1,1,17,3,Permiso personal,8,Sí
10384,2025-09-11,833,1,5,13,3,Enfermedad,8,Sí
10385,2025-09-25,833,1,5,13,3,Enfermedad,8,Sí
10386,2025-09-30,833,1,5,13,3,Enfermedad,8,Sí
10387,2025-09-13,834,1,2,4,2,Enfermedad,8,Sí
10388,2025-09-15,834,1,2,4,2,Permiso personal,8,Sí
10389,2025-09-16,834,1,2,4,2,Permiso personal,8,Sí
10390,2025-09-05,837,1,3,17,2,Enfermedad,8,Sí
10391,2025-09-11,837,1,3,17,2,Enfermedad,8,Sí
10392,2025-09-24,840,1,4,24,3,Permiso personal,8,Sí
10393,2025-09-25,843,3,10,27,2,Permiso personal,8,Sí
10394,2025-09-07,844,1,3,17,2,Enfermedad,8,Sí
10395,2025-09-24,846,1,1,2,3,Permiso personal,8,Sí
10396,2025-09-26,846,1,1,2,3,Enfermedad,4,Sí
10397,2025-09-19,850,1,3,22,2,Enfermedad,8,Sí
10398,2025-09-21,851,1,1,14,2,Enfermedad,8,Sí
10399,2025-09-03,858,1,4,14,3,Enfermedad,8,Sí
10400,2025-09-03,859,1,1,15,1,Enfermedad,8,Sí
10401,2025-09-18,859,1,1,15,1,Permiso personal,8,Sí
10402,2025-09-10,862,1,2,4,3,Enfermedad,8,Sí
10403,2025-09-21,862,1,2,4,3,Enfermedad,8,Sí
10404,2025-09-07,870,1,2,5,3,Permiso personal,4,Sí
10405,2025-09-21,870,1,2,5,3,Permiso personal,8,Sí
10406,2025-09-01,871,1,1,23,2,Permiso personal,8,Sí
10407,2025-09-28,872,2,6,25,3,Enfermedad,8,Sí
10408,2025-09-07,879,1,1,21,2,Falta injustificada,4,No
10409,2025-09-10,879,1,1,21,2,Enfermedad,8,Sí
10410,2025-09-02,884,1,5,24,3,Enfermedad,8,Sí
10411,2025-09-12,886,5,13,27,2,Enfermedad,8,Sí
10412,2025-09-14,886,5,13,27,2,Enfermedad,8,Sí
10413,2025-09-17,886,5,13,27,2,Permiso personal,8,Sí
10414,2025-09-03,887,1,2,10,3,Enfermedad,8,Sí
10415,2025-09-10,889,1,1,21,3,Enfermedad,4,Sí
10416,2025-09-14,890,1,4,22,3,Permiso personal,8,Sí
10417,2025-09-13,894,4,12,27,2,Enfermedad,8,Sí
10418,2025-09-18,894,4,12,27,2,Enfermedad,8,Sí
10419,2025-09-10,895,1,3,15,3,Enfermedad,8,Sí
10420,2025-09-17,895,1,3,15,3,Enfermedad,8,Sí
10421,2025-09-18,895,1,3,15,3,Enfermedad,8,Sí
10422,2025-09-19,895,1,3,15,3,Falta injustificada,8,No
10423,2025-09-30,897,1,4,10,3,Enfermedad,8,Sí
10424,2025-09-01,898,1,1,7,2,Enfermedad,8,Sí
10425,2025-09-29,898,1,1,7,2,Enfermedad,8,Sí
10426,2025-10-26,2,2,7,25,4,Enfermedad,8,Sí
10427,2025-10-01,6,1,5,7,4,Enfermedad,8,Sí
10428,2025-10-06,8,2,8,25,4,Enfermedad,8,Sí
10429,2025-10-15,8,2,8,25,4,Enfermedad,4,Sí
10430,2025-10-14,9,1,1,11,4,Enfermedad,8,Sí
10431,2025-10-30,27,1,4,22,4,Enfermedad,8,Sí
10432,2025-10-04,47,1,1,5,4,Enfermedad,8,Sí
10433,2025-10-12,53,1,5,11,4,Enfermedad,8,Sí
10434,2025-10-10,54,1,4,19,4,Enfermedad,8,Sí
10435,2025-10-02,59,1,4,7,4,Falta injustificada,8,No
10436,2025-10-09,66,1,5,7,4,Falta injustificada,8,No
10437,2025-10-03,68,1,2,7,4,Enfermedad,8,Sí
10438,2025-10-28,68,1,2,7,4,Enfermedad,8,Sí
10439,2025-10-06,70,2,6,26,4,Enfermedad,8,Sí
10440,2025-10-26,70,2,6,26,4,Falta injustificada,8,No
10441,2025-10-25,72,1,1,21,4,Enfermedad,8,Sí
10442,2025-10-28,72,1,1,21,4,Permiso personal,8,Sí
10443,2025-10-11,75,1,5,18,4,Enfermedad,4,Sí
10444,2025-10-15,84,1,3,9,4,Enfermedad,8,Sí
10445,2025-10-03,88,1,3,19,4,Permiso personal,4,Sí
10446,2025-10-07,97,1,3,3,4,Falta injustificada,8,No
10447,2025-10-10,100,1,4,23,4,Enfermedad,8,Sí
10448,2025-10-31,101,5,13,27,4,Enfermedad,8,Sí
10449,2025-10-26,102,1,1,14,4,Enfermedad,8,Sí
10450,2025-10-07,104,4,11,27,4,Permiso personal,8,Sí
10451,2025-10-29,104,4,11,27,4,Permiso personal,4,Sí
10452,2025-10-21,106,1,4,6,4,Enfermedad,8,Sí
10453,2025-10-19,112,1,1,9,4,Enfermedad,8,Sí
10454,2025-10-09,118,1,4,15,3,Enfermedad,4,Sí
10455,2025-10-17,121,1,3,20,4,Enfermedad,4,Sí
10456,2025-10-19,121,1,3,20,4,Enfermedad,4,Sí
10457,2025-10-25,122,1,2,21,4,Enfermedad,8,Sí
10458,2025-10-09,123,1,4,17,4,Enfermedad,4,Sí
10459,2025-10-11,124,1,1,15,4,Enfermedad,4,Sí
10460,2025-10-17,128,1,2,2,4,Permiso personal,4,Sí
10461,2025-10-29,130,1,5,5,4,Enfermedad,8,Sí
10462,2025-10-10,135,1,4,18,4,Permiso personal,8,Sí
10463,2025-10-09,139,1,5,11,4,Enfermedad,8,Sí
10464,2025-10-16,152,1,1,20,4,Permiso personal,8,Sí
10465,2025-10-03,158,1,4,23,4,Permiso personal,8,Sí
10466,2025-10-21,161,1,3,22,4,Enfermedad,8,Sí
10467,2025-10-10,163,1,5,22,4,Enfermedad,8,Sí
10468,2025-10-03,165,1,2,3,4,Permiso personal,4,Sí
10469,2025-10-12,165,1,2,3,4,Permiso personal,8,Sí
10470,2025-10-01,169,1,1,7,4,Permiso personal,8,Sí
10471,2025-10-23,187,1,3,20,4,Enfermedad,8,Sí
10472,2025-10-28,187,1,3,20,4,Enfermedad,4,Sí
10473,2025-10-07,190,6,16,27,4,Permiso personal,8,Sí
10474,2025-10-19,190,6,16,27,4,Permiso personal,8,Sí
10475,2025-10-31,191,1,3,7,4,Enfermedad,4,Sí
10476,2025-10-20,192,1,1,2,4,Enfermedad,8,Sí
10477,2025-10-08,203,4,12,27,4,Enfermedad,4,Sí
10478,2025-10-24,213,1,4,14,4,Enfermedad,8,Sí
10479,2025-10-04,222,1,2,4,4,Permiso personal,8,Sí
10480,2025-10-14,224,5,14,27,4,Enfermedad,8,Sí
10481,2025-10-23,224,5,14,27,4,Enfermedad,4,Sí
10482,2025-10-18,229,2,8,25,4,Enfermedad,4,Sí
10483,2025-10-23,229,2,8,25,4,Enfermedad,4,Sí
10484,2025-10-07,230,1,3,17,4,Permiso personal,8,Sí
10485,2025-10-13,230,1,3,17,4,Permiso personal,8,Sí
10486,2025-10-03,233,2,6,25,4,Enfermedad,8,Sí
10487,2025-10-17,233,2,6,25,4,Enfermedad,8,Sí
10488,2025-10-03,236,1,1,2,4,Enfermedad,8,Sí
10489,2025-10-06,239,1,3,8,4,Permiso personal,8,Sí
10490,2025-10-13,239,1,3,8,4,Permiso personal,8,Sí
10491,2025-10-22,239,1,3,8,4,Enfermedad,8,Sí
10492,2025-10-29,239,1,3,8,4,Enfermedad,8,Sí
10493,2025-10-20,241,1,1,14,4,Permiso personal,8,Sí
10494,2025-10-03,242,1,1,2,4,Permiso personal,8,Sí
10495,2025-10-24,242,1,1,2,4,Enfermedad,8,Sí
10496,2025-10-08,243,1,5,12,4,Enfermedad,8,Sí
10497,2025-10-16,243,1,5,12,4,Enfermedad,8,Sí
10498,2025-10-26,247,1,5,17,4,Enfermedad,4,Sí
10499,2025-10-05,248,1,4,2,4,Permiso personal,4,Sí
10500,2025-10-22,257,1,2,22,4,Permiso personal,4,Sí
10501,2025-10-06,259,1,3,8,4,Permiso personal,8,Sí
10502,2025-10-21,259,1,3,8,4,Enfermedad,8,Sí
10503,2025-10-03,261,1,5,23,4,Permiso personal,8,Sí
10504,2025-10-31,261,1,5,23,4,Enfermedad,8,Sí
10505,2025-10-20,266,1,2,18,4,Enfermedad,8,Sí
10506,2025-10-28,266,1,2,18,4,Enfermedad,4,Sí
10507,2025-10-10,279,1,4,10,4,Permiso personal,4,Sí
10508,2025-10-07,280,1,4,13,3,Permiso personal,8,Sí
10509,2025-10-13,280,1,4,13,3,Enfermedad,4,Sí
10510,2025-10-23,280,1,4,13,3,Enfermedad,8,Sí
10511,2025-10-05,283,1,5,12,4,Permiso personal,4,Sí
10512,2025-10-19,283,1,5,12,4,Permiso personal,8,Sí
10513,2025-10-23,285,5,14,27,4,Enfermedad,8,Sí
10514,2025-10-27,290,1,3,3,4,Enfermedad,4,Sí
10515,2025-10-31,292,2,6,26,4,Permiso personal,4,Sí
10516,2025-10-28,294,1,1,1,3,Enfermedad,8,Sí
10517,2025-10-13,295,1,5,18,4,Permiso personal,4,Sí
10518,2025-10-10,299,2,6,25,4,Permiso personal,8,Sí
10519,2025-10-02,300,5,13,27,4,Permiso personal,8,Sí
10520,2025-10-21,303,1,1,24,4,Enfermedad,8,Sí
10521,2025-10-17,306,1,4,4,4,Permiso personal,8,Sí
10522,2025-10-27,307,1,5,2,4,Permiso personal,8,Sí
10523,2025-10-06,309,1,4,9,4,Enfermedad,8,Sí
10524,2025-10-29,314,2,7,25,4,Permiso personal,8,Sí
10525,2025-10-31,321,6,16,27,4,Enfermedad,8,Sí
10526,2025-10-06,324,1,1,15,4,Permiso personal,8,Sí
10527,2025-10-07,324,1,1,15,4,Enfermedad,4,Sí
10528,2025-10-17,324,1,1,15,4,Enfermedad,4,Sí
10529,2025-10-23,327,3,9,27,4,Falta injustificada,4,No
10530,2025-10-31,331,1,1,4,4,Permiso personal,8,Sí
10531,2025-10-17,335,1,5,23,4,Permiso personal,8,Sí
10532,2025-10-05,340,5,13,27,4,Enfermedad,4,Sí
10533,2025-10-17,340,5,13,27,4,Enfermedad,8,Sí
10534,2025-10-22,341,1,1,7,4,Enfermedad,4,Sí
10535,2025-10-23,341,1,1,7,4,Enfermedad,8,Sí
10536,2025-10-20,343,1,1,15,4,Enfermedad,8,Sí
10537,2025-10-18,348,1,4,13,4,Enfermedad,4,Sí
10538,2025-10-07,349,6,15,27,4,Enfermedad,8,Sí
10539,2025-10-16,349,6,15,27,4,Permiso personal,8,Sí
10540,2025-10-29,350,1,5,23,4,Permiso personal,8,Sí
10541,2025-10-29,355,1,5,2,3,Permiso personal,8,Sí
10542,2025-10-01,357,1,5,8,3,Falta injustificada,4,No
10543,2025-10-06,357,1,5,8,3,Enfermedad,4,Sí
10544,2025-10-30,357,1,5,8,3,Permiso personal,8,Sí
10545,2025-10-08,358,1,2,13,3,Falta injustificada,4,No
10546,2025-10-13,358,1,2,13,3,Falta injustificada,8,No
10547,2025-10-19,358,1,2,13,3,Permiso personal,8,Sí
10548,2025-10-10,377,1,5,16,2,Falta injustificada,8,No
10549,2025-10-07,378,1,1,17,3,Enfermedad,8,Sí
10550,2025-10-05,381,1,2,17,3,Enfermedad,8,Sí
10551,2025-10-13,381,1,2,17,3,Permiso personal,8,Sí
10552,2025-10-01,384,2,6,25,3,Enfermedad,8,Sí
10553,2025-10-16,384,2,6,25,3,Permiso personal,8,Sí
10554,2025-10-12,385,1,1,22,1,Enfermedad,8,Sí
10555,2025-10-08,389,1,3,6,3,Enfermedad,8,Sí
10556,2025-10-01,390,1,4,12,3,Enfermedad,4,Sí
10557,2025-10-17,391,2,7,26,1,Enfermedad,8,Sí
10558,2025-10-08,393,1,4,4,3,Permiso personal,8,Sí
10559,2025-10-19,394,1,3,4,3,Enfermedad,4,Sí
10560,2025-10-28,394,1,3,4,3,Permiso personal,8,Sí
10561,2025-10-02,395,1,3,2,2,Enfermedad,4,Sí
10562,2025-10-11,397,1,3,7,3,Enfermedad,4,Sí
10563,2025-10-21,397,1,3,7,3,Permiso personal,8,Sí
10564,2025-10-08,400,1,1,1,3,Enfermedad,4,Sí
10565,2025-10-05,402,1,4,10,3,Enfermedad,8,Sí
10566,2025-10-01,406,1,3,4,2,Enfermedad,4,Sí
10567,2025-10-12,406,1,3,4,2,Enfermedad,8,Sí
10568,2025-10-19,408,1,2,13,3,Enfermedad,8,Sí
10569,2025-10-25,415,1,1,23,2,Enfermedad,8,Sí
10570,2025-10-10,417,1,1,19,2,Enfermedad,8,Sí
10571,2025-10-17,417,1,1,19,2,Falta injustificada,8,No
10572,2025-10-22,421,1,1,13,3,Permiso personal,8,Sí
10573,2025-10-04,423,1,5,22,2,Permiso personal,8,Sí
10574,2025-10-02,427,1,2,16,1,Falta injustificada,8,No
10575,2025-10-22,427,1,2,16,1,Enfermedad,8,Sí
10576,2025-10-23,427,1,2,16,1,Enfermedad,8,Sí
10577,2025-10-11,429,1,1,13,3,Enfermedad,4,Sí
10578,2025-10-09,432,6,15,27,2,Enfermedad,8,Sí
10579,2025-10-10,432,6,15,27,2,Enfermedad,8,Sí
10580,2025-10-30,432,6,15,27,2,Enfermedad,8,Sí
10581,2025-10-05,435,1,4,7,3,Enfermedad,4,Sí
10582,2025-10-06,437,1,5,12,2,Enfermedad,8,Sí
10583,2025-10-13,441,1,4,7,3,Enfermedad,8,Sí
10584,2025-10-23,441,1,4,7,3,Enfermedad,8,Sí
10585,2025-10-01,445,1,2,16,2,Falta injustificada,8,No
10586,2025-10-25,445,1,2,16,2,Enfermedad,8,Sí
10587,2025-10-23,446,1,4,2,3,Permiso personal,4,Sí
10588,2025-10-23,447,2,7,26,3,Enfermedad,8,Sí
10589,2025-10-06,456,1,2,15,2,Enfermedad,4,Sí
10590,2025-10-07,456,1,2,15,2,Enfermedad,8,Sí
10591,2025-10-21,456,1,2,15,2,Enfermedad,8,Sí
10592,2025-10-24,461,1,3,17,3,Permiso personal,8,Sí
10593,2025-10-15,463,1,1,15,3,Falta injustificada,8,No
10594,2025-10-10,464,1,1,16,2,Enfermedad,4,Sí
10595,2025-10-10,468,2,6,26,3,Enfermedad,8,Sí
10596,2025-10-03,472,1,1,9,3,Enfermedad,8,Sí
10597,2025-10-10,473,1,1,5,1,Falta injustificada,8,No
10598,2025-10-06,477,5,13,27,2,Enfermedad,8,Sí
10599,2025-10-18,477,5,13,27,2,Enfermedad,8,Sí
10600,2025-10-21,481,1,1,20,3,Enfermedad,8,Sí
10601,2025-10-06,490,3,10,27,3,Enfermedad,8,Sí
10602,2025-10-08,491,1,5,24,2,Permiso personal,8,Sí
10603,2025-10-20,491,1,5,24,2,Enfermedad,8,Sí
10604,2025-10-05,493,1,5,18,2,Enfermedad,4,Sí
10605,2025-10-30,494,1,2,3,3,Enfermedad,4,Sí
10606,2025-10-01,498,1,1,18,3,Enfermedad,4,Sí
10607,2025-10-07,498,1,1,18,3,Falta injustificada,8,No
10608,2025-10-28,502,1,1,4,3,Enfermedad,8,Sí
10609,2025-10-31,502,1,1,4,3,Enfermedad,4,Sí
10610,2025-10-14,503,1,3,16,3,Enfermedad,8,Sí
10611,2025-10-17,506,2,6,25,2,Enfermedad,8,Sí
10612,2025-10-27,518,5,14,27,2,Enfermedad,8,Sí
10613,2025-10-02,523,1,1,9,3,Permiso personal,8,Sí
10614,2025-10-07,523,1,1,9,3,Permiso personal,4,Sí
10615,2025-10-15,523,1,1,9,3,Enfermedad,4,Sí
10616,2025-10-21,523,1,1,9,3,Permiso personal,8,Sí
10617,2025-10-25,529,1,3,24,2,Enfermedad,8,Sí
10618,2025-10-06,534,1,2,22,3,Enfermedad,8,Sí
10619,2025-10-04,540,1,3,14,3,Permiso personal,4,Sí
10620,2025-10-27,540,1,3,14,3,Permiso personal,8,Sí
10621,2025-10-09,543,1,1,7,3,Enfermedad,8,Sí
10622,2025-10-19,543,1,1,7,3,Permiso personal,4,Sí
10623,2025-10-31,548,2,6,26,2,Permiso personal,4,Sí
10624,2025-10-20,549,1,1,23,3,Enfermedad,8,Sí
10625,2025-10-23,549,1,1,23,3,Enfermedad,8,Sí
10626,2025-10-31,549,1,1,23,3,Permiso personal,8,Sí
10627,2025-10-09,553,1,4,3,3,Enfermedad,4,Sí
10628,2025-10-05,556,1,1,7,3,Permiso personal,8,Sí
10629,2025-10-22,558,1,1,3,1,Permiso personal,8,Sí
10630,2025-10-19,561,1,1,15,2,Enfermedad,8,Sí
10631,2025-10-06,562,1,2,19,2,Enfermedad,8,Sí
10632,2025-10-03,563,1,3,13,3,Enfermedad,8,Sí
10633,2025-10-06,566,6,15,27,3,Enfermedad,8,Sí
10634,2025-10-30,566,6,15,27,3,Permiso personal,4,Sí
10635,2025-10-26,571,1,3,12,3,Enfermedad,8,Sí
10636,2025-10-28,574,1,3,22,3,Enfermedad,8,Sí
10637,2025-10-10,577,1,3,2,1,Enfermedad,8,Sí
10638,2025-10-23,577,1,3,2,1,Enfermedad,8,Sí
10639,2025-10-02,579,1,1,2,3,Permiso personal,8,Sí
10640,2025-10-15,580,2,8,26,3,Permiso personal,4,Sí
10641,2025-10-20,580,2,8,26,3,Enfermedad,8,Sí
10642,2025-10-21,580,2,8,26,3,Enfermedad,8,Sí
10643,2025-10-28,582,1,4,12,2,Enfermedad,8,Sí
10644,2025-10-04,583,1,3,12,3,Enfermedad,4,Sí
10645,2025-10-04,586,1,1,23,3,Enfermedad,4,Sí
10646,2025-10-17,586,1,1,23,3,Falta injustificada,4,No
10647,2025-10-23,595,2,6,25,3,Enfermedad,4,Sí
10648,2025-10-24,601,1,1,23,2,Enfermedad,4,Sí
10649,2025-10-31,605,1,4,16,3,Enfermedad,8,Sí
10650,2025-10-03,607,1,1,8,2,Permiso personal,8,Sí
10651,2025-10-01,609,1,3,16,3,Permiso personal,4,Sí
10652,2025-10-13,612,1,1,18,3,Permiso personal,8,Sí
10653,2025-10-30,619,1,1,7,2,Enfermedad,8,Sí
10654,2025-10-16,626,2,6,25,3,Enfermedad,4,Sí
10655,2025-10-09,627,1,2,19,1,Enfermedad,4,Sí
10656,2025-10-18,627,1,2,19,1,Falta injustificada,8,No
10657,2025-10-29,627,1,2,19,1,Enfermedad,4,Sí
10658,2025-10-07,631,1,2,8,3,Enfermedad,8,Sí
10659,2025-10-15,631,1,2,8,3,Enfermedad,8,Sí
10660,2025-10-08,636,1,5,4,2,Enfermedad,4,Sí
10661,2025-10-31,636,1,5,4,2,Permiso personal,8,Sí
10662,2025-10-20,638,1,5,24,3,Enfermedad,8,Sí
10663,2025-10-03,639,2,6,25,2,Enfermedad,4,Sí
10664,2025-10-15,643,1,5,21,3,Permiso personal,8,Sí
10665,2025-10-02,644,1,1,19,2,Permiso personal,4,Sí
10666,2025-10-23,644,1,1,19,2,Permiso personal,8,Sí
10667,2025-10-01,645,1,5,2,3,Permiso personal,8,Sí
10668,2025-10-08,645,1,5,2,3,Enfermedad,8,Sí
10669,2025-10-02,647,1,1,5,3,Enfermedad,8,Sí
10670,2025-10-25,647,1,1,5,3,Permiso personal,8,Sí
10671,2025-10-31,648,1,5,12,3,Enfermedad,4,Sí
10672,2025-10-16,651,1,4,10,3,Enfermedad,8,Sí
10673,2025-10-19,662,1,4,11,2,Permiso personal,4,Sí
10674,2025-10-02,664,1,1,7,2,Permiso personal,8,Sí
10675,2025-10-12,667,2,6,25,2,Enfermedad,8,Sí
10676,2025-10-03,671,1,1,9,1,Enfermedad,8,Sí
10677,2025-10-07,673,1,5,20,3,Permiso personal,8,Sí
10678,2025-10-21,673,1,5,20,3,Enfermedad,8,Sí
10679,2025-10-18,674,1,2,16,2,Enfermedad,8,Sí
10680,2025-10-24,674,1,2,16,2,Falta injustificada,8,No
10681,2025-10-27,674,1,2,16,2,Enfermedad,4,Sí
10682,2025-10-12,676,1,1,7,2,Enfermedad,4,Sí
10683,2025-10-22,676,1,1,7,2,Enfermedad,4,Sí
10684,2025-10-08,687,5,14,27,1,Enfermedad,8,Sí
10685,2025-10-02,704,1,1,2,3,Enfermedad,4,Sí
10686,2025-10-11,704,1,1,2,3,Enfermedad,8,Sí
10687,2025-10-20,706,1,1,5,2,Enfermedad,8,Sí
10688,2025-10-18,708,4,12,27,3,Enfermedad,8,Sí
10689,2025-10-05,709,1,3,4,2,Enfermedad,8,Sí
10690,2025-10-13,713,1,1,5,3,Enfermedad,4,Sí
10691,2025-10-27,723,1,1,24,3,Enfermedad,8,Sí
10692,2025-10-24,726,1,1,15,1,Falta injustificada,8,No
10693,2025-10-09,727,2,6,26,2,Falta injustificada,8,No
10694,2025-10-08,729,1,1,8,2,Enfermedad,8,Sí
10695,2025-10-11,729,1,1,8,2,Enfermedad,8,Sí
10696,2025-10-24,734,1,2,24,3,Permiso personal,8,Sí
10697,2025-10-31,740,1,2,4,1,Enfermedad,8,Sí
10698,2025-10-08,742,1,2,14,2,Enfermedad,8,Sí
10699,2025-10-29,749,1,1,8,2,Enfermedad,8,Sí
10700,2025-10-01,750,1,2,17,3,Enfermedad,8,Sí
10701,2025-10-28,750,1,2,17,3,Permiso personal,8,Sí
10702,2025-10-19,756,1,3,22,3,Permiso personal,8,Sí
10703,2025-10-09,762,1,1,19,1,Enfermedad,8,Sí
10704,2025-10-30,762,1,1,19,1,Enfermedad,8,Sí
10705,2025-10-02,776,6,15,27,1,Enfermedad,8,Sí
10706,2025-10-05,778,5,13,27,2,Enfermedad,8,Sí
10707,2025-10-28,782,1,1,10,3,Enfermedad,8,Sí
10708,2025-10-31,782,1,1,10,3,Permiso personal,8,Sí
10709,2025-10-01,783,1,4,8,2,Permiso personal,8,Sí
10710,2025-10-02,783,1,4,8,2,Enfermedad,8,Sí
10711,2025-10-13,783,1,4,8,2,Enfermedad,8,Sí
10712,2025-10-05,784,1,5,9,3,Enfermedad,8,Sí
10713,2025-10-19,788,1,1,19,3,Permiso personal,8,Sí
10714,2025-10-09,796,1,4,8,2,Enfermedad,8,Sí
10715,2025-10-08,803,1,2,8,3,Permiso personal,8,Sí
10716,2025-10-11,803,1,2,8,3,Falta injustificada,4,No
10717,2025-10-22,803,1,2,8,3,Permiso personal,8,Sí
10718,2025-10-15,806,1,1,14,3,Permiso personal,8,Sí
10719,2025-10-23,808,1,1,5,2,Enfermedad,8,Sí
10720,2025-10-27,808,1,1,5,2,Enfermedad,8,Sí
10721,2025-10-02,812,1,4,4,3,Enfermedad,8,Sí
10722,2025-10-20,821,2,7,26,3,Enfermedad,8,Sí
10723,2025-10-03,822,1,1,18,3,Permiso personal,8,Sí
10724,2025-10-12,822,1,1,18,3,Enfermedad,8,Sí
10725,2025-10-02,823,1,3,5,3,Falta injustificada,8,No
10726,2025-10-23,825,5,13,27,2,Permiso personal,8,Sí
10727,2025-10-31,828,1,2,8,2,Enfermedad,8,Sí
10728,2025-10-10,829,1,1,17,3,Enfermedad,8,Sí
10729,2025-10-27,829,1,1,17,3,Permiso personal,8,Sí
10730,2025-10-02,832,1,2,11,1,Enfermedad,8,Sí
10731,2025-10-02,833,1,5,13,3,Enfermedad,8,Sí
10732,2025-10-16,833,1,5,13,3,Enfermedad,8,Sí
10733,2025-10-05,837,1,3,17,2,Enfermedad,8,Sí
10734,2025-10-01,840,1,4,24,3,Enfermedad,8,Sí
10735,2025-10-29,840,1,4,24,3,Permiso personal,4,Sí
10736,2025-10-08,844,1,3,17,2,Falta injustificada,4,No
10737,2025-10-28,846,1,1,2,3,Permiso personal,8,Sí
10738,2025-10-26,850,1,3,22,3,Enfermedad,4,Sí
10739,2025-10-01,851,1,1,14,2,Enfermedad,8,Sí
10740,2025-10-15,858,1,4,14,3,Enfermedad,4,Sí
10741,2025-10-17,860,1,5,7,2,Permiso personal,8,Sí
10742,2025-10-28,860,1,5,7,2,Falta injustificada,8,No
10743,2025-10-08,862,1,2,4,3,Permiso personal,8,Sí
10744,2025-10-14,866,1,5,4,1,Permiso personal,8,Sí
10745,2025-10-14,868,1,1,22,1,Enfermedad,8,Sí
10746,2025-10-11,877,1,2,2,2,Permiso personal,8,Sí
10747,2025-10-12,879,1,1,21,2,Permiso personal,8,Sí
10748,2025-10-25,880,1,2,22,3,Permiso personal,8,Sí
10749,2025-10-06,884,1,5,24,3,Permiso personal,4,Sí
10750,2025-10-03,886,5,13,27,2,Enfermedad,8,Sí
10751,2025-10-25,887,1,2,10,3,Enfermedad,8,Sí
10752,2025-10-03,891,1,1,10,2,Permiso personal,8,Sí
10753,2025-10-10,891,1,1,10,2,Permiso personal,8,Sí
10754,2025-10-26,892,1,1,19,1,Enfermedad,8,Sí
10755,2025-10-01,893,4,11,27,1,Falta injustificada,8,No
10756,2025-10-10,894,4,12,27,2,Permiso personal,8,Sí
10757,2025-10-24,894,4,12,27,2,Falta injustificada,8,No
10758,2025-10-14,895,1,3,15,3,Falta injustificada,4,No
10759,2025-10-20,895,1,3,15,3,Enfermedad,8,Sí
10760,2025-10-22,895,1,3,15,3,Permiso personal,8,Sí
10761,2025-11-17,2,2,7,25,4,Enfermedad,4,Sí
10762,2025-11-24,2,2,7,25,4,Permiso personal,4,Sí
10763,2025-11-22,3,1,4,11,4,Enfermedad,8,Sí
10764,2025-11-04,6,1,5,7,4,Enfermedad,8,Sí
10765,2025-11-11,6,1,5,7,4,Enfermedad,4,Sí
10766,2025-11-24,6,1,5,7,4,Enfermedad,8,Sí
10767,2025-11-05,8,2,8,25,4,Enfermedad,8,Sí
10768,2025-11-01,12,1,5,10,4,Falta injustificada,8,No
10769,2025-11-10,14,1,4,19,4,Permiso personal,4,Sí
10770,2025-11-13,14,1,4,19,4,Enfermedad,8,Sí
10771,2025-11-24,14,1,4,19,4,Enfermedad,4,Sí
10772,2025-11-13,20,1,2,24,4,Enfermedad,8,Sí
10773,2025-11-02,25,1,3,11,4,Permiso personal,8,Sí
10774,2025-11-05,25,1,3,11,4,Enfermedad,8,Sí
10775,2025-11-09,25,1,3,11,4,Permiso personal,8,Sí
10776,2025-11-21,25,1,3,11,4,Enfermedad,8,Sí
10777,2025-11-22,37,3,9,27,4,Permiso personal,8,Sí
10778,2025-11-06,41,1,2,17,4,Falta injustificada,8,No
10779,2025-11-25,47,1,1,5,4,Enfermedad,8,Sí
10780,2025-11-15,51,1,2,11,4,Enfermedad,8,Sí
10781,2025-11-14,52,1,4,19,4,Enfermedad,8,Sí
10782,2025-11-14,53,1,5,11,4,Enfermedad,8,Sí
10783,2025-11-23,53,1,5,11,4,Falta injustificada,8,No
10784,2025-11-20,54,1,4,19,4,Enfermedad,8,Sí
10785,2025-11-16,59,1,4,7,4,Permiso personal,8,Sí
10786,2025-11-17,59,1,4,7,4,Enfermedad,4,Sí
10787,2025-11-25,68,1,2,7,4,Falta injustificada,8,No
10788,2025-11-29,68,1,2,7,4,Falta injustificada,8,No
10789,2025-11-02,70,2,6,26,4,Enfermedad,8,Sí
10790,2025-11-22,72,1,1,21,4,Enfermedad,4,Sí
10791,2025-11-29,72,1,1,21,4,Enfermedad,8,Sí
10792,2025-11-25,78,3,9,27,4,Falta injustificada,8,No
10793,2025-11-17,83,1,1,21,4,Permiso personal,8,Sí
10794,2025-11-09,84,1,3,9,4,Enfermedad,4,Sí
10795,2025-11-28,88,1,3,19,4,Enfermedad,8,Sí
10796,2025-11-05,90,2,6,26,4,Enfermedad,8,Sí
10797,2025-11-07,93,1,4,14,4,Enfermedad,8,Sí
10798,2025-11-11,96,1,1,12,4,Falta injustificada,8,No
10799,2025-11-14,96,1,1,12,4,Falta injustificada,8,No
10800,2025-11-26,96,1,1,12,4,Enfermedad,8,Sí
10801,2025-11-18,97,1,3,3,4,Enfermedad,8,Sí
10802,2025-11-20,97,1,3,3,4,Permiso personal,8,Sí
10803,2025-11-19,98,1,3,18,4,Enfermedad,8,Sí
10804,2025-11-24,99,1,2,5,4,Enfermedad,8,Sí
10805,2025-11-14,101,5,13,27,4,Enfermedad,4,Sí
10806,2025-11-16,101,5,13,27,4,Permiso personal,8,Sí
10807,2025-11-06,102,1,1,14,4,Permiso personal,8,Sí
10808,2025-11-07,108,1,2,17,4,Enfermedad,4,Sí
10809,2025-11-14,108,1,2,17,4,Permiso personal,8,Sí
10810,2025-11-16,108,1,2,17,4,Enfermedad,4,Sí
10811,2025-11-13,112,1,1,9,4,Permiso personal,4,Sí
10812,2025-11-03,118,1,4,15,3,Enfermedad,8,Sí
10813,2025-11-07,118,1,4,15,3,Enfermedad,8,Sí
10814,2025-11-05,119,1,5,4,4,Enfermedad,4,Sí
10815,2025-11-24,122,1,2,21,4,Falta injustificada,8,No
10816,2025-11-11,124,1,1,15,4,Enfermedad,8,Sí
10817,2025-11-18,124,1,1,15,4,Enfermedad,8,Sí
10818,2025-11-22,124,1,1,15,4,Permiso personal,8,Sí
10819,2025-11-14,129,1,1,21,4,Enfermedad,4,Sí
10820,2025-11-16,129,1,1,21,4,Enfermedad,8,Sí
10821,2025-11-16,130,1,5,5,4,Permiso personal,4,Sí
10822,2025-11-19,130,1,5,5,4,Enfermedad,8,Sí
10823,2025-11-21,131,1,5,5,4,Permiso personal,8,Sí
10824,2025-11-28,131,1,5,5,4,Permiso personal,8,Sí
10825,2025-11-11,132,1,1,5,4,Enfermedad,8,Sí
10826,2025-11-16,135,1,4,18,4,Permiso personal,8,Sí
10827,2025-11-07,137,1,1,8,4,Enfermedad,8,Sí
10828,2025-11-22,137,1,1,8,4,Enfermedad,4,Sí
10829,2025-11-27,137,1,1,8,4,Enfermedad,8,Sí
10830,2025-11-05,138,1,4,7,4,Permiso personal,8,Sí
10831,2025-11-07,152,1,1,20,4,Enfermedad,8,Sí
10832,2025-11-08,155,2,6,26,4,Permiso personal,8,Sí
10833,2025-11-01,158,1,4,23,4,Falta injustificada,4,No
10834,2025-11-19,165,1,2,3,4,Enfermedad,4,Sí
10835,2025-11-19,169,1,1,7,4,Enfermedad,4,Sí
10836,2025-11-06,171,1,4,4,4,Permiso personal,8,Sí
10837,2025-11-29,171,1,4,4,4,Enfermedad,8,Sí
10838,2025-11-22,180,1,3,6,4,Enfermedad,8,Sí
10839,2025-11-25,180,1,3,6,4,Enfermedad,8,Sí
10840,2025-11-30,184,1,1,11,4,Enfermedad,8,Sí
10841,2025-11-12,187,1,3,20,4,Falta injustificada,8,No
10842,2025-11-22,187,1,3,20,4,Falta injustificada,8,No
10843,2025-11-29,187,1,3,20,4,Enfermedad,8,Sí
10844,2025-11-19,188,1,4,1,4,Falta injustificada,8,No
10845,2025-11-11,190,6,16,27,4,Enfermedad,8,Sí
10846,2025-11-01,191,1,3,7,4,Enfermedad,4,Sí
10847,2025-11-04,191,1,3,7,4,Enfermedad,8,Sí
10848,2025-11-08,191,1,3,7,4,Enfermedad,4,Sí
10849,2025-11-17,191,1,3,7,4,Enfermedad,8,Sí
10850,2025-11-22,191,1,3,7,4,Enfermedad,4,Sí
10851,2025-11-05,195,1,2,14,4,Enfermedad,8,Sí
10852,2025-11-26,195,1,2,14,4,Enfermedad,8,Sí
10853,2025-11-08,199,6,15,27,4,Enfermedad,8,Sí
10854,2025-11-16,199,6,15,27,4,Falta injustificada,8,No
10855,2025-11-06,203,4,12,27,4,Enfermedad,8,Sí
10856,2025-11-30,207,1,1,3,4,Permiso personal,8,Sí
10857,2025-11-21,208,2,6,25,4,Enfermedad,8,Sí
10858,2025-11-20,214,1,4,4,4,Permiso personal,8,Sí
10859,2025-11-29,214,1,4,4,4,Enfermedad,8,Sí
10860,2025-11-22,222,1,2,4,4,Enfermedad,4,Sí
10861,2025-11-27,227,1,1,9,4,Permiso personal,8,Sí
10862,2025-11-24,230,1,3,17,4,Enfermedad,8,Sí
10863,2025-11-02,241,1,1,14,4,Permiso personal,4,Sí
10864,2025-11-14,241,1,1,14,4,Permiso personal,8,Sí
10865,2025-11-08,243,1,5,12,4,Falta injustificada,8,No
10866,2025-11-14,243,1,5,12,4,Enfermedad,8,Sí
10867,2025-11-21,243,1,5,12,4,Falta injustificada,4,No
10868,2025-11-24,247,1,5,17,4,Enfermedad,8,Sí
10869,2025-11-11,252,1,2,21,4,Permiso personal,4,Sí
10870,2025-11-18,252,1,2,21,4,Enfermedad,8,Sí
10871,2025-11-26,252,1,2,21,4,Permiso personal,8,Sí
10872,2025-11-12,257,1,2,22,4,Enfermedad,4,Sí
10873,2025-11-03,259,1,3,8,4,Enfermedad,8,Sí
10874,2025-11-16,261,1,5,23,4,Enfermedad,8,Sí
10875,2025-11-16,268,1,5,10,4,Falta injustificada,8,No
10876,2025-11-02,283,1,5,12,4,Falta injustificada,8,No
10877,2025-11-08,285,5,14,27,4,Enfermedad,4,Sí
10878,2025-11-18,285,5,14,27,4,Permiso personal,4,Sí
10879,2025-11-22,289,1,3,1,4,Enfermedad,4,Sí
10880,2025-11-15,292,2,6,26,4,Enfermedad,8,Sí
10881,2025-11-26,294,1,1,1,4,Enfermedad,8,Sí
10882,2025-11-15,295,1,5,18,4,Permiso personal,8,Sí
10883,2025-11-19,299,2,6,25,4,Falta injustificada,8,No
10884,2025-11-18,300,5,13,27,4,Falta injustificada,8,No
10885,2025-11-08,303,1,1,24,4,Enfermedad,4,Sí
10886,2025-11-15,303,1,1,24,4,Permiso personal,4,Sí
10887,2025-11-10,304,1,3,7,4,Enfermedad,8,Sí
10888,2025-11-08,306,1,4,4,4,Permiso personal,8,Sí
10889,2025-11-14,307,1,5,2,4,Enfermedad,8,Sí
10890,2025-11-12,309,1,4,9,4,Enfermedad,4,Sí
10891,2025-11-15,309,1,4,9,4,Permiso personal,8,Sí
10892,2025-11-18,309,1,4,9,4,Permiso personal,4,Sí
10893,2025-11-03,310,1,2,21,4,Enfermedad,8,Sí
10894,2025-11-19,314,2,7,25,4,Enfermedad,4,Sí
10895,2025-11-13,320,1,4,10,4,Permiso personal,8,Sí
10896,2025-11-20,320,1,4,10,4,Permiso personal,8,Sí
10897,2025-11-27,321,6,16,27,4,Enfermedad,4,Sí
10898,2025-11-17,324,1,1,15,4,Permiso personal,8,Sí
10899,2025-11-18,324,1,1,15,4,Enfermedad,4,Sí
10900,2025-11-21,324,1,1,15,4,Enfermedad,4,Sí
10901,2025-11-01,326,1,1,15,4,Enfermedad,4,Sí
10902,2025-11-03,331,1,1,4,4,Permiso personal,8,Sí
10903,2025-11-18,331,1,1,4,4,Permiso personal,8,Sí
10904,2025-11-15,332,1,5,23,4,Enfermedad,4,Sí
10905,2025-11-29,333,5,14,27,4,Enfermedad,4,Sí
10906,2025-11-20,335,1,5,23,4,Enfermedad,8,Sí
10907,2025-11-05,341,1,1,7,4,Enfermedad,8,Sí
10908,2025-11-13,341,1,1,7,4,Enfermedad,8,Sí
10909,2025-11-19,341,1,1,7,4,Enfermedad,8,Sí
10910,2025-11-25,341,1,1,7,4,Enfermedad,8,Sí
10911,2025-11-20,343,1,1,15,4,Enfermedad,4,Sí
10912,2025-11-23,343,1,1,15,4,Enfermedad,8,Sí
10913,2025-11-25,343,1,1,15,4,Permiso personal,8,Sí
10914,2025-11-02,345,1,2,7,4,Enfermedad,8,Sí
10915,2025-11-05,349,6,15,27,4,Permiso personal,4,Sí
10916,2025-11-19,349,6,15,27,4,Enfermedad,8,Sí
10917,2025-11-25,349,6,15,27,4,Falta injustificada,8,No
10918,2025-11-02,351,1,1,11,3,Enfermedad,8,Sí
10919,2025-11-15,351,1,1,11,3,Enfermedad,8,Sí
10920,2025-11-10,353,1,2,9,2,Enfermedad,8,Sí
10921,2025-11-16,353,1,2,9,2,Permiso personal,8,Sí
10922,2025-11-29,353,1,2,9,2,Enfermedad,8,Sí
10923,2025-11-07,354,1,1,1,3,Enfermedad,8,Sí
10924,2025-11-21,354,1,1,1,3,Falta injustificada,4,No
10925,2025-11-28,354,1,1,1,3,Enfermedad,8,Sí
10926,2025-11-19,355,1,5,2,3,Permiso personal,8,Sí
10927,2025-11-02,357,1,5,8,3,Enfermedad,8,Sí
10928,2025-11-10,357,1,5,8,3,Enfermedad,8,Sí
10929,2025-11-11,357,1,5,8,3,Enfermedad,4,Sí
10930,2025-11-11,358,1,2,13,3,Enfermedad,8,Sí
10931,2025-11-05,361,1,1,4,2,Falta injustificada,8,No
10932,2025-11-19,361,1,1,4,2,Enfermedad,8,Sí
10933,2025-11-16,364,1,5,2,3,Permiso personal,8,Sí
10934,2025-11-29,376,3,10,27,3,Permiso personal,8,Sí
10935,2025-11-25,385,1,1,22,2,Enfermedad,8,Sí
10936,2025-11-30,385,1,1,22,2,Permiso personal,8,Sí
10937,2025-11-07,389,1,3,6,3,Enfermedad,8,Sí
10938,2025-11-14,389,1,3,6,3,Enfermedad,8,Sí
10939,2025-11-05,391,2,7,26,1,Enfermedad,4,Sí
10940,2025-11-30,394,1,3,4,3,Permiso personal,8,Sí
10941,2025-11-08,395,1,3,2,2,Permiso personal,4,Sí
10942,2025-11-20,395,1,3,2,2,Permiso personal,4,Sí
10943,2025-11-04,398,5,14,27,3,Permiso personal,8,Sí
10944,2025-11-17,398,5,14,27,3,Enfermedad,8,Sí
10945,2025-11-01,400,1,1,1,3,Enfermedad,4,Sí
10946,2025-11-08,400,1,1,1,3,Falta injustificada,8,No
10947,2025-11-17,400,1,1,1,3,Falta injustificada,8,No
10948,2025-11-24,400,1,1,1,3,Enfermedad,8,Sí
10949,2025-11-30,400,1,1,1,3,Enfermedad,8,Sí
10950,2025-11-01,402,1,4,10,3,Permiso personal,8,Sí
10951,2025-11-02,410,1,1,21,3,Permiso personal,8,Sí
10952,2025-11-23,410,1,1,21,3,Enfermedad,8,Sí
10953,2025-11-03,415,1,1,23,2,Enfermedad,8,Sí
10954,2025-11-24,416,1,1,8,3,Enfermedad,8,Sí
10955,2025-11-16,417,1,1,19,3,Permiso personal,8,Sí
10956,2025-11-19,420,1,5,17,1,Enfermedad,8,Sí
10957,2025-11-09,421,1,1,13,3,Enfermedad,8,Sí
10958,2025-11-20,427,1,2,16,1,Permiso personal,8,Sí
10959,2025-11-26,427,1,2,16,1,Enfermedad,8,Sí
10960,2025-11-05,428,1,2,15,3,Enfermedad,8,Sí
10961,2025-11-08,428,1,2,15,3,Enfermedad,8,Sí
10962,2025-11-23,429,1,1,13,3,Enfermedad,4,Sí
10963,2025-11-15,432,6,15,27,2,Enfermedad,4,Sí
10964,2025-11-15,437,1,5,12,2,Enfermedad,8,Sí
10965,2025-11-17,437,1,5,12,2,Enfermedad,8,Sí
10966,2025-11-23,437,1,5,12,2,Enfermedad,4,Sí
10967,2025-11-22,438,2,6,25,2,Enfermedad,4,Sí
10968,2025-11-12,439,3,9,27,2,Permiso personal,8,Sí
10969,2025-11-09,442,1,1,2,2,Enfermedad,8,Sí
10970,2025-11-06,444,1,3,16,2,Permiso personal,8,Sí
10971,2025-11-06,445,1,2,16,2,Permiso personal,8,Sí
10972,2025-11-21,446,1,4,2,3,Enfermedad,4,Sí
10973,2025-11-27,446,1,4,2,3,Permiso personal,4,Sí
10974,2025-11-02,452,1,3,21,3,Enfermedad,8,Sí
10975,2025-11-07,452,1,3,21,3,Enfermedad,8,Sí
10976,2025-11-04,456,1,2,15,3,Falta injustificada,8,No
10977,2025-11-17,458,1,1,19,2,Permiso personal,8,Sí
10978,2025-11-05,463,1,1,15,3,Enfermedad,8,Sí
10979,2025-11-07,464,1,1,16,2,Permiso personal,4,Sí
10980,2025-11-22,464,1,1,16,2,Permiso personal,4,Sí
10981,2025-11-27,466,2,7,26,2,Enfermedad,8,Sí
10982,2025-11-29,472,1,1,9,3,Enfermedad,8,Sí
10983,2025-11-09,473,1,1,5,1,Permiso personal,4,Sí
10984,2025-11-26,477,5,13,27,2,Enfermedad,8,Sí
10985,2025-11-22,479,1,1,5,3,Enfermedad,8,Sí
10986,2025-11-05,481,1,1,20,3,Enfermedad,8,Sí
10987,2025-11-17,484,2,8,25,2,Falta injustificada,8,No
10988,2025-11-10,486,1,4,18,3,Enfermedad,4,Sí
10989,2025-11-28,486,1,4,18,3,Enfermedad,8,Sí
10990,2025-11-13,490,3,10,27,3,Falta injustificada,8,No
10991,2025-11-10,491,1,5,24,2,Enfermedad,8,Sí
10992,2025-11-30,494,1,2,3,3,Falta injustificada,8,No
10993,2025-11-01,495,1,2,9,3,Enfermedad,8,Sí
10994,2025-11-10,496,1,5,5,3,Enfermedad,8,Sí
10995,2025-11-06,497,1,1,14,2,Permiso personal,8,Sí
10996,2025-11-18,503,1,3,16,3,Permiso personal,8,Sí
10997,2025-11-17,507,1,5,23,3,Enfermedad,4,Sí
10998,2025-11-08,508,1,4,14,3,Enfermedad,8,Sí
10999,2025-11-07,509,1,3,13,1,Permiso personal,4,Sí
11000,2025-11-24,510,5,14,27,3,Falta injustificada,8,No
11001,2025-11-07,513,1,1,23,3,Enfermedad,8,Sí
11002,2025-11-17,518,5,14,27,2,Enfermedad,8,Sí
11003,2025-11-12,522,1,1,7,3,Enfermedad,8,Sí
11004,2025-11-13,522,1,1,7,3,Enfermedad,8,Sí
11005,2025-11-20,522,1,1,7,3,Permiso personal,8,Sí
11006,2025-11-27,532,1,5,11,3,Enfermedad,8,Sí
11007,2025-11-05,533,1,3,15,2,Enfermedad,8,Sí
11008,2025-11-16,533,1,3,15,2,Enfermedad,8,Sí
11009,2025-11-12,536,1,1,21,3,Permiso personal,8,Sí
11010,2025-11-27,536,1,1,21,3,Permiso personal,4,Sí
11011,2025-11-23,540,1,3,14,3,Enfermedad,8,Sí
11012,2025-11-26,544,2,6,26,3,Permiso personal,4,Sí
11013,2025-11-03,549,1,1,23,3,Enfermedad,8,Sí
11014,2025-11-09,549,1,1,23,3,Enfermedad,8,Sí
11015,2025-11-08,550,1,2,7,1,Falta injustificada,8,No
11016,2025-11-21,550,1,2,7,1,Enfermedad,8,Sí
11017,2025-11-05,553,1,4,3,3,Enfermedad,8,Sí
11018,2025-11-27,556,1,1,7,3,Enfermedad,4,Sí
11019,2025-11-01,557,1,3,18,3,Enfermedad,8,Sí
11020,2025-11-09,557,1,3,18,3,Enfermedad,4,Sí
11021,2025-11-08,561,1,1,15,2,Permiso personal,8,Sí
11022,2025-11-09,561,1,1,15,2,Permiso personal,8,Sí
11023,2025-11-07,562,1,2,19,2,Enfermedad,4,Sí
11024,2025-11-07,563,1,3,13,3,Enfermedad,4,Sí
11025,2025-11-13,563,1,3,13,3,Permiso personal,8,Sí
11026,2025-11-06,566,6,15,27,3,Permiso personal,8,Sí
11027,2025-11-17,569,3,10,27,3,Permiso personal,8,Sí
11028,2025-11-22,569,3,10,27,3,Enfermedad,8,Sí
11029,2025-11-28,573,1,3,15,3,Permiso personal,8,Sí
11030,2025-11-19,574,1,3,22,3,Enfermedad,8,Sí
11031,2025-11-23,576,1,1,11,2,Enfermedad,8,Sí
11032,2025-11-06,579,1,1,2,3,Permiso personal,8,Sí
11033,2025-11-29,579,1,1,2,3,Enfermedad,8,Sí
11034,2025-11-14,580,2,8,26,3,Permiso personal,8,Sí
11035,2025-11-26,580,2,8,26,3,Enfermedad,4,Sí
11036,2025-11-10,583,1,3,12,3,Falta injustificada,8,No
11037,2025-11-21,583,1,3,12,3,Enfermedad,8,Sí
11038,2025-11-14,584,2,7,25,1,Enfermedad,8,Sí
11039,2025-11-20,585,1,5,1,2,Permiso personal,8,Sí
11040,2025-11-11,586,1,1,23,3,Enfermedad,8,Sí
11041,2025-11-14,586,1,1,23,3,Enfermedad,8,Sí
11042,2025-11-25,586,1,1,23,3,Enfermedad,8,Sí
11043,2025-11-27,587,1,1,6,2,Enfermedad,8,Sí
11044,2025-11-29,589,1,1,4,3,Enfermedad,4,Sí
11045,2025-11-10,594,1,1,19,1,Permiso personal,8,Sí
11046,2025-11-14,594,1,1,19,1,Permiso personal,8,Sí
11047,2025-11-04,601,1,1,23,2,Enfermedad,8,Sí
11048,2025-11-17,601,1,1,23,2,Enfermedad,4,Sí
11049,2025-11-20,605,1,4,16,3,Enfermedad,8,Sí
11050,2025-11-21,605,1,4,16,3,Enfermedad,4,Sí
11051,2025-11-30,606,1,1,6,2,Enfermedad,8,Sí
11052,2025-11-11,609,1,3,16,3,Enfermedad,4,Sí
11053,2025-11-19,609,1,3,16,3,Enfermedad,8,Sí
11054,2025-11-28,612,1,1,18,3,Enfermedad,8,Sí
11055,2025-11-30,612,1,1,18,3,Falta injustificada,8,No
11056,2025-11-16,616,1,4,23,3,Enfermedad,4,Sí
11057,2025-11-27,616,1,4,23,3,Permiso personal,4,Sí
11058,2025-11-30,617,1,1,24,3,Permiso personal,8,Sí
11059,2025-11-24,619,1,1,7,2,Enfermedad,4,Sí
11060,2025-11-30,619,1,1,7,2,Enfermedad,8,Sí
11061,2025-11-03,624,1,3,4,2,Enfermedad,8,Sí
11062,2025-11-23,624,1,3,4,2,Enfermedad,8,Sí
11063,2025-11-15,626,2,6,25,3,Enfermedad,8,Sí
11064,2025-11-22,626,2,6,25,3,Enfermedad,4,Sí
11065,2025-11-01,628,1,1,10,2,Permiso personal,4,Sí
11066,2025-11-03,629,1,5,23,2,Enfermedad,8,Sí
11067,2025-11-09,630,1,1,20,3,Falta injustificada,8,No
11068,2025-11-25,631,1,2,8,3,Enfermedad,4,Sí
11069,2025-11-14,636,1,5,4,2,Enfermedad,8,Sí
11070,2025-11-21,636,1,5,4,2,Enfermedad,8,Sí
11071,2025-11-03,639,2,6,25,2,Permiso personal,8,Sí
11072,2025-11-14,639,2,6,25,2,Enfermedad,8,Sí
11073,2025-11-15,639,2,6,25,2,Enfermedad,8,Sí
11074,2025-11-17,639,2,6,25,2,Enfermedad,8,Sí
11075,2025-11-09,640,1,1,3,2,Enfermedad,4,Sí
11076,2025-11-22,640,1,1,3,2,Enfermedad,8,Sí
11077,2025-11-04,643,1,5,21,3,Enfermedad,8,Sí
11078,2025-11-28,646,1,1,19,3,Enfermedad,8,Sí
11079,2025-11-27,648,1,5,12,3,Permiso personal,8,Sí
11080,2025-11-13,650,1,3,9,2,Enfermedad,8,Sí
11081,2025-11-23,652,1,1,10,3,Enfermedad,8,Sí
11082,2025-11-09,653,1,1,3,2,Enfermedad,4,Sí
11083,2025-11-29,653,1,1,3,2,Enfermedad,8,Sí
11084,2025-11-10,664,1,1,7,2,Permiso personal,8,Sí
11085,2025-11-04,667,2,6,25,2,Falta injustificada,4,No
11086,2025-11-12,672,1,1,19,1,Enfermedad,8,Sí
11087,2025-11-23,673,1,5,20,3,Enfermedad,8,Sí
11088,2025-11-26,673,1,5,20,3,Permiso personal,8,Sí
11089,2025-11-10,675,1,1,1,1,Permiso personal,4,Sí
11090,2025-11-22,675,1,1,1,1,Enfermedad,4,Sí
11091,2025-11-20,676,1,1,7,2,Enfermedad,8,Sí
11092,2025-11-23,680,1,1,16,1,Enfermedad,8,Sí
11093,2025-11-29,683,1,1,22,1,Permiso personal,8,Sí
11094,2025-11-11,687,5,14,27,1,Falta injustificada,8,No
11095,2025-11-12,687,5,14,27,1,Enfermedad,8,Sí
11096,2025-11-17,687,5,14,27,1,Enfermedad,8,Sí
11097,2025-11-05,691,2,8,25,2,Permiso personal,8,Sí
11098,2025-11-13,691,2,8,25,2,Enfermedad,8,Sí
11099,2025-11-14,699,1,4,11,3,Enfermedad,8,Sí
11100,2025-11-01,702,1,1,14,2,Enfermedad,8,Sí
11101,2025-11-04,702,1,1,14,2,Enfermedad,8,Sí
11102,2025-11-09,702,1,1,14,2,Enfermedad,8,Sí
11103,2025-11-27,704,1,1,2,3,Falta injustificada,8,No
11104,2025-11-17,708,4,12,27,3,Falta injustificada,8,No
11105,2025-11-21,711,4,12,27,3,Enfermedad,8,Sí
11106,2025-11-10,713,1,1,5,3,Enfermedad,8,Sí
11107,2025-11-10,722,1,3,17,1,Falta injustificada,8,No
11108,2025-11-04,723,1,1,24,3,Enfermedad,8,Sí
11109,2025-11-30,725,1,4,18,3,Permiso personal,8,Sí
11110,2025-11-02,729,1,1,8,2,Permiso personal,8,Sí
11111,2025-11-08,733,1,3,20,3,Permiso personal,8,Sí
11112,2025-11-22,740,1,2,4,1,Permiso personal,8,Sí
11113,2025-11-19,743,1,3,12,1,Permiso personal,4,Sí
11114,2025-11-04,750,1,2,17,3,Permiso personal,8,Sí
11115,2025-11-12,750,1,2,17,3,Enfermedad,8,Sí
11116,2025-11-22,750,1,2,17,3,Permiso personal,8,Sí
11117,2025-11-29,760,1,5,1,3,Permiso personal,8,Sí
11118,2025-11-01,764,2,6,25,1,Permiso personal,8,Sí
11119,2025-11-02,764,2,6,25,1,Enfermedad,8,Sí
11120,2025-11-17,764,2,6,25,1,Permiso personal,8,Sí
11121,2025-11-24,764,2,6,25,1,Enfermedad,8,Sí
11122,2025-11-09,766,1,2,23,1,Permiso personal,8,Sí
11123,2025-11-10,780,1,1,8,3,Permiso personal,4,Sí
11124,2025-11-17,780,1,1,8,3,Permiso personal,8,Sí
11125,2025-11-20,780,1,1,8,3,Permiso personal,8,Sí
11126,2025-11-30,781,1,3,21,2,Enfermedad,8,Sí
11127,2025-11-04,783,1,4,8,2,Enfermedad,8,Sí
11128,2025-11-11,796,1,4,8,2,Enfermedad,8,Sí
11129,2025-11-12,796,1,4,8,2,Permiso personal,4,Sí
11130,2025-11-30,800,1,3,17,2,Enfermedad,8,Sí
11131,2025-11-06,805,1,1,3,3,Enfermedad,8,Sí
11132,2025-11-09,812,1,4,4,3,Permiso personal,8,Sí
11133,2025-11-13,823,1,3,5,3,Permiso personal,8,Sí
11134,2025-11-05,824,1,1,11,3,Permiso personal,8,Sí
11135,2025-11-29,824,1,1,11,3,Enfermedad,4,Sí
11136,2025-11-04,833,1,5,13,3,Enfermedad,8,Sí
11137,2025-11-13,833,1,5,13,3,Enfermedad,4,Sí
11138,2025-11-25,838,1,1,6,3,Enfermedad,8,Sí
11139,2025-11-17,847,1,4,10,1,Enfermedad,8,Sí
11140,2025-11-23,847,1,4,10,1,Permiso personal,8,Sí
11141,2025-11-14,851,1,1,14,2,Enfermedad,8,Sí
11142,2025-11-05,860,1,5,7,3,Enfermedad,8,Sí
11143,2025-11-17,860,1,5,7,3,Enfermedad,8,Sí
11144,2025-11-26,860,1,5,7,3,Enfermedad,4,Sí
11145,2025-11-08,866,1,5,4,1,Enfermedad,8,Sí
11146,2025-11-29,870,1,2,5,3,Enfermedad,8,Sí
11147,2025-11-07,872,2,6,25,3,Permiso personal,8,Sí
11148,2025-11-20,872,2,6,25,3,Enfermedad,8,Sí
11149,2025-11-20,879,1,1,21,2,Permiso personal,4,Sí
11150,2025-11-22,880,1,2,22,3,Enfermedad,8,Sí
11151,2025-11-24,883,1,2,18,3,Permiso personal,8,Sí
11152,2025-11-26,886,5,13,27,3,Permiso personal,4,Sí
11153,2025-11-13,887,1,2,10,3,Enfermedad,4,Sí
11154,2025-11-01,890,1,4,22,3,Enfermedad,4,Sí
11155,2025-11-11,891,1,1,10,2,Permiso personal,8,Sí
11156,2025-11-27,892,1,1,19,1,Enfermedad,8,Sí
11157,2025-11-20,893,4,11,27,2,Enfermedad,8,Sí
11158,2025-11-25,894,4,12,27,2,Enfermedad,8,Sí
11159,2025-11-17,897,1,4,10,3,Falta injustificada,8,No
11160,2025-11-24,897,1,4,10,3,Permiso personal,8,Sí
11161,2025-11-29,897,1,4,10,3,Enfermedad,4,Sí
11162,2025-12-16,8,2,8,25,4,Enfermedad,8,Sí
11163,2025-12-19,9,1,1,11,4,Enfermedad,8,Sí
11164,2025-12-13,12,1,5,10,4,Permiso personal,8,Sí
11165,2025-12-26,12,1,5,10,4,Enfermedad,4,Sí
11166,2025-12-05,13,1,5,8,4,Enfermedad,4,Sí
11167,2025-12-26,13,1,5,8,4,Permiso personal,8,Sí
11168,2025-12-14,14,1,4,19,4,Falta injustificada,8,No
11169,2025-12-04,17,6,15,27,4,Falta injustificada,8,No
11170,2025-12-07,17,6,15,27,4,Enfermedad,8,Sí
11171,2025-12-25,17,6,15,27,4,Enfermedad,4,Sí
11172,2025-12-26,17,6,15,27,4,Permiso personal,8,Sí
11173,2025-12-01,20,1,2,24,4,Permiso personal,8,Sí
11174,2025-12-25,21,1,3,21,4,Enfermedad,8,Sí
11175,2025-12-17,25,1,3,11,4,Permiso personal,8,Sí
11176,2025-12-10,27,1,4,22,4,Permiso personal,8,Sí
11177,2025-12-07,30,2,8,25,4,Enfermedad,8,Sí
11178,2025-12-04,35,1,1,11,4,Enfermedad,4,Sí
11179,2025-12-20,37,3,9,27,4,Permiso personal,8,Sí
11180,2025-12-17,41,1,2,17,4,Falta injustificada,8,No
11181,2025-12-31,41,1,2,17,4,Permiso personal,8,Sí
11182,2025-12-15,44,1,1,23,4,Enfermedad,4,Sí
11183,2025-12-22,44,1,1,23,4,Permiso personal,8,Sí
11184,2025-12-06,46,1,4,14,4,Falta injustificada,8,No
11185,2025-12-07,46,1,4,14,4,Enfermedad,8,Sí
11186,2025-12-13,46,1,4,14,4,Enfermedad,8,Sí
11187,2025-12-20,46,1,4,14,4,Permiso personal,8,Sí
11188,2025-12-15,49,1,3,19,4,Permiso personal,8,Sí
11189,2025-12-23,49,1,3,19,4,Enfermedad,8,Sí
11190,2025-12-24,49,1,3,19,4,Enfermedad,8,Sí
11191,2025-12-01,50,2,7,26,4,Falta injustificada,4,No
11192,2025-12-29,52,1,4,19,4,Enfermedad,8,Sí
11193,2025-12-13,53,1,5,11,4,Permiso personal,4,Sí
11194,2025-12-02,54,1,4,19,4,Permiso personal,8,Sí
11195,2025-12-09,58,1,3,10,4,Enfermedad,4,Sí
11196,2025-12-04,59,1,4,7,4,Permiso personal,4,Sí
11197,2025-12-06,65,1,3,20,4,Falta injustificada,8,No
11198,2025-12-20,65,1,3,20,4,Enfermedad,8,Sí
11199,2025-12-21,65,1,3,20,4,Enfermedad,8,Sí
11200,2025-12-14,66,1,5,7,4,Permiso personal,8,Sí
11201,2025-12-07,70,2,6,26,4,Enfermedad,4,Sí
11202,2025-12-10,70,2,6,26,4,Enfermedad,8,Sí
11203,2025-12-24,70,2,6,26,4,Permiso personal,8,Sí
11204,2025-12-06,72,1,1,21,4,Permiso personal,4,Sí
11205,2025-12-28,72,1,1,21,4,Enfermedad,4,Sí
11206,2025-12-22,83,1,1,21,4,Enfermedad,8,Sí
11207,2025-12-12,88,1,3,19,4,Enfermedad,4,Sí
11208,2025-12-11,89,1,4,19,4,Falta injustificada,8,No
11209,2025-12-17,98,1,3,18,4,Permiso personal,8,Sí
11210,2025-12-18,98,1,3,18,4,Enfermedad,8,Sí
11211,2025-12-08,99,1,2,5,4,Permiso personal,4,Sí
11212,2025-12-26,104,4,11,27,4,Enfermedad,4,Sí
11213,2025-12-29,106,1,4,6,4,Permiso personal,8,Sí
11214,2025-12-01,108,1,2,17,4,Enfermedad,8,Sí
11215,2025-12-10,119,1,5,4,4,Permiso personal,4,Sí
11216,2025-12-15,119,1,5,4,4,Permiso personal,8,Sí
11217,2025-12-21,119,1,5,4,4,Enfermedad,4,Sí
11218,2025-12-22,119,1,5,4,4,Enfermedad,8,Sí
11219,2025-12-24,124,1,1,15,4,Enfermedad,8,Sí
11220,2025-12-04,132,1,1,5,4,Falta injustificada,8,No
11221,2025-12-18,132,1,1,5,4,Enfermedad,8,Sí
11222,2025-12-20,137,1,1,8,4,Enfermedad,4,Sí
11223,2025-12-21,137,1,1,8,4,Enfermedad,8,Sí
11224,2025-12-24,138,1,4,7,4,Enfermedad,4,Sí
11225,2025-12-27,145,1,2,1,4,Falta injustificada,8,No
11226,2025-12-07,155,2,6,26,4,Permiso personal,8,Sí
11227,2025-12-14,161,1,3,22,4,Enfermedad,8,Sí
11228,2025-12-24,161,1,3,22,4,Permiso personal,4,Sí
11229,2025-12-23,163,1,5,22,4,Enfermedad,8,Sí
11230,2025-12-23,167,1,3,22,4,Enfermedad,8,Sí
11231,2025-12-23,168,1,3,6,4,Permiso personal,4,Sí
11232,2025-12-31,168,1,3,6,4,Enfermedad,8,Sí
11233,2025-12-01,169,1,1,7,4,Enfermedad,8,Sí
11234,2025-12-30,169,1,1,7,4,Enfermedad,8,Sí
11235,2025-12-21,171,1,4,4,4,Permiso personal,8,Sí
11236,2025-12-12,180,1,3,6,4,Enfermedad,8,Sí
11237,2025-12-03,181,1,1,9,4,Enfermedad,8,Sí
11238,2025-12-02,187,1,3,20,4,Enfermedad,4,Sí
11239,2025-12-17,188,1,4,1,4,Falta injustificada,8,No
11240,2025-12-29,188,1,4,1,4,Enfermedad,8,Sí
11241,2025-12-22,190,6,16,27,4,Permiso personal,8,Sí
11242,2025-12-06,191,1,3,7,4,Enfermedad,4,Sí
11243,2025-12-08,191,1,3,7,4,Enfermedad,8,Sí
11244,2025-12-28,191,1,3,7,4,Enfermedad,8,Sí
11245,2025-12-29,192,1,1,2,4,Enfermedad,4,Sí
11246,2025-12-20,193,1,4,21,4,Permiso personal,8,Sí
11247,2025-12-29,195,1,2,14,4,Enfermedad,4,Sí
11248,2025-12-02,198,1,1,23,4,Enfermedad,8,Sí
11249,2025-12-18,199,6,15,27,4,Enfermedad,8,Sí
11250,2025-12-16,203,4,12,27,4,Permiso personal,8,Sí
11251,2025-12-23,208,2,6,25,4,Enfermedad,8,Sí
11252,2025-12-05,213,1,4,14,4,Permiso personal,4,Sí
11253,2025-12-12,214,1,4,4,4,Enfermedad,4,Sí
11254,2025-12-29,224,5,14,27,4,Permiso personal,8,Sí
11255,2025-12-20,227,1,1,9,4,Enfermedad,8,Sí
11256,2025-12-24,229,2,8,25,4,Permiso personal,8,Sí
11257,2025-12-06,233,2,6,25,4,Enfermedad,8,Sí
11258,2025-12-27,235,1,3,17,4,Enfermedad,8,Sí
11259,2025-12-25,236,1,1,2,4,Enfermedad,8,Sí
11260,2025-12-20,239,1,3,8,4,Permiso personal,8,Sí
11261,2025-12-29,239,1,3,8,4,Enfermedad,4,Sí
11262,2025-12-29,248,1,4,2,4,Permiso personal,8,Sí
11263,2025-12-14,256,1,4,21,4,Permiso personal,8,Sí
11264,2025-12-10,257,1,2,22,4,Enfermedad,8,Sí
11265,2025-12-14,259,1,3,8,4,Enfermedad,4,Sí
11266,2025-12-05,263,1,3,12,4,Enfermedad,8,Sí
11267,2025-12-07,263,1,3,12,4,Enfermedad,8,Sí
11268,2025-12-26,268,1,5,10,4,Enfermedad,8,Sí
11269,2025-12-02,289,1,3,1,4,Falta injustificada,4,No
11270,2025-12-30,289,1,3,1,4,Enfermedad,8,Sí
11271,2025-12-05,292,2,6,26,4,Permiso personal,8,Sí
11272,2025-12-17,292,2,6,26,4,Enfermedad,8,Sí
11273,2025-12-24,300,5,13,27,4,Enfermedad,4,Sí
11274,2025-12-03,301,1,5,1,4,Falta injustificada,8,No
11275,2025-12-21,303,1,1,24,4,Enfermedad,8,Sí
11276,2025-12-01,304,1,3,7,4,Permiso personal,8,Sí
11277,2025-12-15,304,1,3,7,4,Enfermedad,8,Sí
11278,2025-12-05,306,1,4,4,4,Enfermedad,8,Sí
11279,2025-12-16,306,1,4,4,4,Enfermedad,8,Sí
11280,2025-12-22,310,1,2,21,4,Permiso personal,8,Sí
11281,2025-12-04,314,2,7,25,4,Enfermedad,8,Sí
11282,2025-12-12,327,3,9,27,4,Permiso personal,8,Sí
11283,2025-12-16,327,3,9,27,4,Enfermedad,8,Sí
11284,2025-12-28,329,2,6,26,4,Enfermedad,8,Sí
11285,2025-12-04,333,5,14,27,4,Enfermedad,8,Sí
11286,2025-12-05,340,5,13,27,4,Permiso personal,8,Sí
11287,2025-12-02,341,1,1,7,4,Enfermedad,8,Sí
11288,2025-12-05,341,1,1,7,4,Enfermedad,8,Sí
11289,2025-12-01,343,1,1,15,4,Enfermedad,8,Sí
11290,2025-12-02,343,1,1,15,4,Falta injustificada,4,No
11291,2025-12-09,343,1,1,15,4,Enfermedad,4,Sí
11292,2025-12-12,345,1,2,7,4,Enfermedad,8,Sí
11293,2025-12-21,345,1,2,7,4,Permiso personal,8,Sí
11294,2025-12-29,345,1,2,7,4,Permiso personal,8,Sí
11295,2025-12-11,348,1,4,13,4,Enfermedad,8,Sí
11296,2025-12-01,349,6,15,27,4,Enfermedad,4,Sí
11297,2025-12-31,351,1,1,11,3,Falta injustificada,4,No
11298,2025-12-11,353,1,2,9,2,Enfermedad,8,Sí
11299,2025-12-12,353,1,2,9,2,Enfermedad,4,Sí
11300,2025-12-19,353,1,2,9,2,Enfermedad,8,Sí
11301,2025-12-12,355,1,5,2,3,Permiso personal,8,Sí
11302,2025-12-15,360,1,2,23,3,Enfermedad,8,Sí
11303,2025-12-23,364,1,5,2,3,Enfermedad,8,Sí
11304,2025-12-09,369,1,5,3,1,Falta injustificada,4,No
11305,2025-12-23,372,1,5,20,1,Enfermedad,8,Sí
11306,2025-12-09,376,3,10,27,3,Permiso personal,8,Sí
11307,2025-12-23,377,1,5,16,2,Enfermedad,8,Sí
11308,2025-12-24,377,1,5,16,2,Enfermedad,4,Sí
11309,2025-12-10,378,1,1,17,3,Enfermedad,8,Sí
11310,2025-12-22,381,1,2,17,3,Enfermedad,4,Sí
11311,2025-12-03,384,2,6,25,3,Permiso personal,8,Sí
11312,2025-12-02,385,1,1,22,2,Enfermedad,4,Sí
11313,2025-12-14,394,1,3,4,3,Enfermedad,8,Sí
11314,2025-12-29,394,1,3,4,3,Permiso personal,8,Sí
11315,2025-12-07,395,1,3,2,2,Permiso personal,8,Sí
11316,2025-12-10,398,5,14,27,3,Enfermedad,8,Sí
11317,2025-12-22,398,5,14,27,3,Enfermedad,4,Sí
11318,2025-12-03,400,1,1,1,3,Permiso personal,4,Sí
11319,2025-12-26,402,1,4,10,3,Enfermedad,4,Sí
11320,2025-12-19,404,1,5,10,3,Enfermedad,8,Sí
11321,2025-12-12,405,1,1,7,1,Enfermedad,8,Sí
11322,2025-12-06,408,1,2,13,3,Permiso personal,4,Sí
11323,2025-12-12,408,1,2,13,3,Permiso personal,4,Sí
11324,2025-12-07,420,1,5,17,1,Enfermedad,8,Sí
11325,2025-12-20,421,1,1,13,3,Permiso personal,8,Sí
11326,2025-12-20,425,1,1,7,3,Enfermedad,8,Sí
11327,2025-12-08,426,1,1,17,3,Permiso personal,8,Sí
11328,2025-12-29,427,1,2,16,2,Permiso personal,8,Sí
11329,2025-12-29,428,1,2,15,3,Enfermedad,8,Sí
11330,2025-12-03,432,6,15,27,2,Enfermedad,8,Sí
11331,2025-12-30,434,1,1,15,3,Enfermedad,4,Sí
11332,2025-12-16,435,1,4,7,3,Permiso personal,8,Sí
11333,2025-12-28,435,1,4,7,3,Enfermedad,8,Sí
11334,2025-12-20,438,2,6,25,2,Enfermedad,8,Sí
11335,2025-12-24,439,3,9,27,2,Permiso personal,4,Sí
11336,2025-12-16,442,1,1,2,2,Falta injustificada,8,No
11337,2025-12-16,449,1,3,24,3,Permiso personal,4,Sí
11338,2025-12-28,456,1,2,15,3,Enfermedad,8,Sí
11339,2025-12-30,456,1,2,15,3,Permiso personal,8,Sí
11340,2025-12-19,457,1,5,9,3,Enfermedad,8,Sí
11341,2025-12-13,466,2,7,26,2,Enfermedad,8,Sí
11342,2025-12-20,466,2,7,26,2,Enfermedad,8,Sí
11343,2025-12-28,466,2,7,26,2,Enfermedad,4,Sí
11344,2025-12-13,474,1,5,5,1,Enfermedad,4,Sí
11345,2025-12-31,477,5,13,27,2,Enfermedad,8,Sí
11346,2025-12-05,481,1,1,20,3,Permiso personal,8,Sí
11347,2025-12-31,481,1,1,20,3,Falta injustificada,8,No
11348,2025-12-08,491,1,5,24,2,Permiso personal,4,Sí
11349,2025-12-27,491,1,5,24,2,Permiso personal,4,Sí
11350,2025-12-05,496,1,5,5,3,Enfermedad,4,Sí
11351,2025-12-09,496,1,5,5,3,Enfermedad,8,Sí
11352,2025-12-17,503,1,3,16,3,Permiso personal,8,Sí
11353,2025-12-31,503,1,3,16,3,Enfermedad,4,Sí
11354,2025-12-22,505,3,9,27,1,Enfermedad,8,Sí
11355,2025-12-16,506,2,6,25,2,Enfermedad,8,Sí
11356,2025-12-26,507,1,5,23,3,Permiso personal,8,Sí
11357,2025-12-13,508,1,4,14,3,Permiso personal,8,Sí
11358,2025-12-20,509,1,3,13,1,Permiso personal,8,Sí
11359,2025-12-20,513,1,1,23,3,Enfermedad,4,Sí
11360,2025-12-30,513,1,1,23,3,Enfermedad,8,Sí
11361,2025-12-13,521,1,4,13,2,Enfermedad,8,Sí
11362,2025-12-10,522,1,1,7,3,Permiso personal,4,Sí
11363,2025-12-12,522,1,1,7,3,Enfermedad,8,Sí
11364,2025-12-13,523,1,1,9,3,Enfermedad,8,Sí
11365,2025-12-10,524,6,15,27,3,Permiso personal,4,Sí
11366,2025-12-03,526,1,2,23,1,Enfermedad,4,Sí
11367,2025-12-08,526,1,2,23,1,Permiso personal,8,Sí
11368,2025-12-10,526,1,2,23,1,Permiso personal,8,Sí
11369,2025-12-08,532,1,5,11,3,Permiso personal,4,Sí
11370,2025-12-28,532,1,5,11,3,Enfermedad,8,Sí
11371,2025-12-20,533,1,3,15,2,Enfermedad,8,Sí
11372,2025-12-12,543,1,1,7,3,Enfermedad,8,Sí
11373,2025-12-01,548,2,6,26,3,Falta injustificada,8,No
11374,2025-12-13,549,1,1,23,3,Enfermedad,8,Sí
11375,2025-12-18,549,1,1,23,3,Permiso personal,8,Sí
11376,2025-12-04,550,1,2,7,1,Enfermedad,8,Sí
11377,2025-12-17,550,1,2,7,1,Falta injustificada,8,No
11378,2025-12-21,550,1,2,7,1,Enfermedad,4,Sí
11379,2025-12-03,553,1,4,3,3,Permiso personal,8,Sí
11380,2025-12-06,561,1,1,15,3,Enfermedad,4,Sí
11381,2025-12-19,562,1,2,19,2,Enfermedad,8,Sí
11382,2025-12-02,566,6,15,27,3,Enfermedad,8,Sí
11383,2025-12-03,568,1,1,9,2,Enfermedad,8,Sí
11384,2025-12-19,573,1,3,15,3,Enfermedad,8,Sí
11385,2025-12-11,574,1,3,22,3,Enfermedad,4,Sí
11386,2025-12-22,574,1,3,22,3,Enfermedad,8,Sí
11387,2025-12-20,578,1,2,18,1,Permiso personal,8,Sí
11388,2025-12-07,585,1,5,1,2,Enfermedad,4,Sí
11389,2025-12-24,594,1,1,19,2,Enfermedad,8,Sí
11390,2025-12-10,595,2,6,25,3,Permiso personal,4,Sí
11391,2025-12-29,595,2,6,25,3,Enfermedad,8,Sí
11392,2025-12-09,596,2,6,26,2,Falta injustificada,8,No
11393,2025-12-24,601,1,1,23,3,Enfermedad,8,Sí
11394,2025-12-26,605,1,4,16,3,Enfermedad,4,Sí
11395,2025-12-02,609,1,3,16,3,Permiso personal,8,Sí
11396,2025-12-03,609,1,3,16,3,Enfermedad,8,Sí
11397,2025-12-01,611,1,1,10,3,Enfermedad,4,Sí
11398,2025-12-14,612,1,1,18,3,Enfermedad,8,Sí
11399,2025-12-29,616,1,4,23,3,Enfermedad,4,Sí
11400,2025-12-09,617,1,1,24,3,Enfermedad,4,Sí
11401,2025-12-09,624,1,3,4,2,Enfermedad,8,Sí
11402,2025-12-06,626,2,6,25,3,Enfermedad,8,Sí
11403,2025-12-27,628,1,1,10,2,Enfermedad,8,Sí
11404,2025-12-28,630,1,1,20,3,Falta injustificada,8,No
11405,2025-12-02,637,1,1,22,2,Falta injustificada,8,No
11406,2025-12-10,637,1,1,22,2,Falta injustificada,8,No
11407,2025-12-21,638,1,5,24,3,Enfermedad,8,Sí
11408,2025-12-05,640,1,1,3,2,Permiso personal,8,Sí
11409,2025-12-12,640,1,1,3,2,Permiso personal,8,Sí
11410,2025-12-01,644,1,1,19,2,Enfermedad,8,Sí
11411,2025-12-31,644,1,1,19,2,Enfermedad,4,Sí
11412,2025-12-02,645,1,5,2,3,Enfermedad,8,Sí
11413,2025-12-13,647,1,1,5,3,Permiso personal,4,Sí
11414,2025-12-06,648,1,5,12,3,Enfermedad,4,Sí
11415,2025-12-20,648,1,5,12,3,Enfermedad,4,Sí
11416,2025-12-20,649,1,2,6,3,Permiso personal,8,Sí
11417,2025-12-27,649,1,2,6,3,Enfermedad,4,Sí
11418,2025-12-31,650,1,3,9,2,Permiso personal,8,Sí
11419,2025-12-28,651,1,4,10,3,Enfermedad,4,Sí
11420,2025-12-14,652,1,1,10,3,Enfermedad,8,Sí
11421,2025-12-23,653,1,1,3,2,Enfermedad,8,Sí
11422,2025-12-12,654,1,5,21,1,Enfermedad,8,Sí
11423,2025-12-02,665,1,4,16,3,Enfermedad,8,Sí
11424,2025-12-03,665,1,4,16,3,Permiso personal,8,Sí
11425,2025-12-02,671,1,1,9,2,Enfermedad,8,Sí
11426,2025-12-18,671,1,1,9,2,Permiso personal,4,Sí
11427,2025-12-29,671,1,1,9,2,Permiso personal,8,Sí
11428,2025-12-21,674,1,2,16,2,Enfermedad,8,Sí
11429,2025-12-13,680,1,1,16,1,Enfermedad,8,Sí
11430,2025-12-29,680,1,1,16,1,Enfermedad,8,Sí
11431,2025-12-13,691,2,8,25,2,Permiso personal,8,Sí
11432,2025-12-15,692,2,6,25,1,Permiso personal,8,Sí
11433,2025-12-23,699,1,4,11,3,Permiso personal,8,Sí
11434,2025-12-28,701,1,4,7,3,Falta injustificada,4,No
11435,2025-12-01,702,1,1,14,2,Enfermedad,4,Sí
11436,2025-12-08,702,1,1,14,2,Enfermedad,8,Sí
11437,2025-12-10,704,1,1,2,3,Permiso personal,8,Sí
11438,2025-12-09,705,1,1,2,2,Permiso personal,8,Sí
11439,2025-12-26,709,1,3,4,2,Permiso personal,8,Sí
11440,2025-12-29,713,1,1,5,3,Permiso personal,4,Sí
11441,2025-12-27,718,1,2,17,1,Falta injustificada,8,No
11442,2025-12-09,722,1,3,17,1,Enfermedad,4,Sí
11443,2025-12-22,722,1,3,17,1,Enfermedad,4,Sí
11444,2025-12-07,725,1,4,18,3,Enfermedad,8,Sí
11445,2025-12-09,727,2,6,26,3,Enfermedad,4,Sí
11446,2025-12-26,727,2,6,26,3,Enfermedad,8,Sí
11447,2025-12-30,727,2,6,26,3,Enfermedad,4,Sí
11448,2025-12-31,740,1,2,4,1,Permiso personal,8,Sí
11449,2025-12-03,746,1,5,18,2,Falta injustificada,8,No
11450,2025-12-18,749,1,1,8,3,Falta injustificada,8,No
11451,2025-12-30,749,1,1,8,3,Permiso personal,8,Sí
11452,2025-12-14,750,1,2,17,3,Enfermedad,4,Sí
11453,2025-12-25,753,1,5,17,2,Enfermedad,8,Sí
11454,2025-12-09,757,1,4,1,1,Enfermedad,4,Sí
11455,2025-12-13,757,1,4,1,1,Permiso personal,8,Sí
11456,2025-12-07,766,1,2,23,2,Enfermedad,8,Sí
11457,2025-12-13,766,1,2,23,2,Permiso personal,8,Sí
11458,2025-12-11,767,2,6,25,3,Enfermedad,8,Sí
11459,2025-12-26,773,1,1,14,1,Permiso personal,8,Sí
11460,2025-12-25,796,1,4,8,2,Falta injustificada,4,No
11461,2025-12-15,800,1,3,17,2,Permiso personal,8,Sí
11462,2025-12-21,801,1,2,9,3,Enfermedad,8,Sí
11463,2025-12-13,803,1,2,8,3,Enfermedad,8,Sí
11464,2025-12-16,803,1,2,8,3,Permiso personal,8,Sí
11465,2025-12-18,805,1,1,3,3,Permiso personal,4,Sí
11466,2025-12-16,806,1,1,14,3,Permiso personal,8,Sí
11467,2025-12-28,812,1,4,4,3,Enfermedad,4,Sí
11468,2025-12-07,813,1,4,14,2,Enfermedad,4,Sí
11469,2025-12-28,813,1,4,14,2,Permiso personal,8,Sí
11470,2025-12-07,822,1,1,18,3,Enfermedad,8,Sí
11471,2025-12-20,822,1,1,18,3,Permiso personal,8,Sí
11472,2025-12-03,825,5,13,27,2,Falta injustificada,8,No
11473,2025-12-08,825,5,13,27,2,Permiso personal,8,Sí
11474,2025-12-12,829,1,1,17,3,Enfermedad,4,Sí
11475,2025-12-27,830,1,1,24,2,Enfermedad,4,Sí
11476,2025-12-05,836,5,13,27,3,Permiso personal,8,Sí
11477,2025-12-18,840,1,4,24,3,Permiso personal,8,Sí
11478,2025-12-11,843,3,10,27,3,Enfermedad,8,Sí
11479,2025-12-17,846,1,1,2,3,Permiso personal,8,Sí
11480,2025-12-18,847,1,4,10,1,Permiso personal,4,Sí
11481,2025-12-19,849,1,5,2,3,Enfermedad,8,Sí
11482,2025-12-07,868,1,1,22,2,Enfermedad,4,Sí
11483,2025-12-18,868,1,1,22,2,Permiso personal,4,Sí
11484,2025-12-01,870,1,2,5,3,Enfermedad,8,Sí
11485,2025-12-20,871,1,1,23,2,Falta injustificada,4,No
11486,2025-12-22,871,1,1,23,2,Enfermedad,8,Sí
11487,2025-12-12,884,1,5,24,3,Permiso personal,4,Sí
11488,2025-12-14,889,1,1,21,3,Enfermedad,8,Sí
11489,2025-12-03,893,4,11,27,2,Permiso personal,4,Sí
11490,2025-12-13,894,4,12,27,2,Enfermedad,8,Sí
11491,2025-12-27,894,4,12,27,2,Enfermedad,4,Sí
11492,2026-01-08,13,1,5,8,4,Enfermedad,8,Sí
11493,2026-01-11,14,1,4,19,4,Enfermedad,8,Sí
11494,2026-01-11,17,6,15,27,4,Enfermedad,8,Sí
11495,2026-01-27,20,1,2,24,4,Enfermedad,4,Sí
11496,2026-01-24,22,1,5,18,4,Enfermedad,8,Sí
11497,2026-01-03,25,1,3,11,4,Enfermedad,8,Sí
11498,2026-01-15,27,1,4,22,4,Enfermedad,4,Sí
11499,2026-01-20,27,1,4,22,4,Enfermedad,8,Sí
11500,2026-01-18,35,1,1,11,4,Enfermedad,8,Sí
11501,2026-01-19,35,1,1,11,4,Enfermedad,8,Sí
11502,2026-01-22,38,1,3,22,4,Enfermedad,4,Sí
11503,2026-01-20,41,1,2,17,4,Enfermedad,4,Sí
11504,2026-01-02,44,1,1,23,4,Enfermedad,8,Sí
11505,2026-01-13,44,1,1,23,4,Enfermedad,4,Sí
11506,2026-01-07,49,1,3,19,4,Enfermedad,8,Sí
11507,2026-01-18,49,1,3,19,4,Enfermedad,8,Sí
11508,2026-01-12,50,2,7,26,4,Permiso personal,4,Sí
11509,2026-01-19,51,1,2,11,4,Enfermedad,8,Sí
11510,2026-01-27,51,1,2,11,4,Enfermedad,8,Sí
11511,2026-01-07,53,1,5,11,4,Falta injustificada,8,No
11512,2026-01-24,53,1,5,11,4,Enfermedad,4,Sí
11513,2026-01-23,54,1,4,19,4,Enfermedad,8,Sí
11514,2026-01-12,56,1,3,17,4,Enfermedad,8,Sí
11515,2026-01-13,56,1,3,17,4,Permiso personal,4,Sí
11516,2026-01-27,56,1,3,17,4,Enfermedad,8,Sí
11517,2026-01-17,59,1,4,7,4,Enfermedad,8,Sí
11518,2026-01-09,68,1,2,7,4,Falta injustificada,8,No
11519,2026-01-28,68,1,2,7,4,Enfermedad,8,Sí
11520,2026-01-26,70,2,6,26,4,Enfermedad,8,Sí
11521,2026-01-26,77,2,6,25,4,Enfermedad,8,Sí
11522,2026-01-11,84,1,3,9,4,Permiso personal,8,Sí
11523,2026-01-25,84,1,3,9,4,Enfermedad,8,Sí
11524,2026-01-08,88,1,3,19,4,Enfermedad,8,Sí
11525,2026-01-08,90,2,6,26,4,Enfermedad,8,Sí
11526,2026-01-14,90,2,6,26,4,Enfermedad,8,Sí
11527,2026-01-30,96,1,1,12,4,Enfermedad,8,Sí
11528,2026-01-01,97,1,3,3,4,Enfermedad,8,Sí
11529,2026-01-25,98,1,3,18,4,Enfermedad,4,Sí
11530,2026-01-07,99,1,2,5,4,Enfermedad,8,Sí
11531,2026-01-31,99,1,2,5,4,Enfermedad,4,Sí
11532,2026-01-25,100,1,4,23,4,Permiso personal,4,Sí
11533,2026-01-19,119,1,5,4,4,Enfermedad,8,Sí
11534,2026-01-08,122,1,2,21,4,Enfermedad,8,Sí
11535,2026-01-30,122,1,2,21,4,Enfermedad,8,Sí
11536,2026-01-02,124,1,1,15,4,Enfermedad,4,Sí
11537,2026-01-12,128,1,2,2,4,Enfermedad,8,Sí
11538,2026-01-18,129,1,1,21,4,Enfermedad,8,Sí
11539,2026-01-11,135,1,4,18,4,Enfermedad,8,Sí
11540,2026-01-19,135,1,4,18,4,Permiso personal,8,Sí
11541,2026-01-11,137,1,1,8,4,Enfermedad,8,Sí
11542,2026-01-07,138,1,4,7,4,Enfermedad,8,Sí
11543,2026-01-09,138,1,4,7,4,Enfermedad,4,Sí
11544,2026-01-15,138,1,4,7,4,Enfermedad,8,Sí
11545,2026-01-26,139,1,5,11,4,Falta injustificada,8,No
11546,2026-01-29,139,1,5,11,4,Enfermedad,4,Sí
11547,2026-01-05,160,1,3,19,4,Enfermedad,8,Sí
11548,2026-01-25,161,1,3,22,4,Enfermedad,8,Sí
11549,2026-01-11,163,1,5,22,4,Enfermedad,4,Sí
11550,2026-01-02,167,1,3,22,4,Enfermedad,8,Sí
11551,2026-01-30,167,1,3,22,4,Permiso personal,8,Sí
11552,2026-01-05,168,1,3,6,4,Falta injustificada,8,No
11553,2026-01-27,169,1,1,7,4,Enfermedad,8,Sí
11554,2026-01-15,171,1,4,4,4,Falta injustificada,8,No
11555,2026-01-24,171,1,4,4,4,Enfermedad,4,Sí
11556,2026-01-29,171,1,4,4,4,Permiso personal,8,Sí
11557,2026-01-25,192,1,1,2,4,Enfermedad,4,Sí
11558,2026-01-30,192,1,1,2,4,Permiso personal,8,Sí
11559,2026-01-01,193,1,4,21,4,Enfermedad,8,Sí
11560,2026-01-05,198,1,1,23,4,Enfermedad,8,Sí
11561,2026-01-12,198,1,1,23,4,Enfermedad,8,Sí
11562,2026-01-23,199,6,15,27,4,Permiso personal,8,Sí
11563,2026-01-07,203,4,12,27,4,Enfermedad,8,Sí
11564,2026-01-11,207,1,1,3,4,Enfermedad,8,Sí
11565,2026-01-02,208,2,6,25,4,Enfermedad,4,Sí
11566,2026-01-06,216,1,4,20,4,Permiso personal,4,Sí
11567,2026-01-19,216,1,4,20,4,Enfermedad,8,Sí
11568,2026-01-22,222,1,2,4,4,Permiso personal,4,Sí
11569,2026-01-31,222,1,2,4,4,Enfermedad,8,Sí
11570,2026-01-18,224,5,14,27,4,Permiso personal,4,Sí
11571,2026-01-09,227,1,1,9,4,Permiso personal,4,Sí
11572,2026-01-29,229,2,8,25,4,Permiso personal,8,Sí
11573,2026-01-23,230,1,3,17,4,Enfermedad,8,Sí
11574,2026-01-29,235,1,3,17,4,Enfermedad,4,Sí
11575,2026-01-13,236,1,1,2,4,Falta injustificada,8,No
11576,2026-01-31,236,1,1,2,4,Enfermedad,4,Sí
11577,2026-01-17,239,1,3,8,4,Enfermedad,8,Sí
11578,2026-01-05,241,1,1,14,4,Permiso personal,8,Sí
11579,2026-01-23,241,1,1,14,4,Enfermedad,4,Sí
11580,2026-01-05,245,1,1,5,4,Enfermedad,4,Sí
11581,2026-01-19,247,1,5,17,4,Enfermedad,8,Sí
11582,2026-01-01,257,1,2,22,4,Enfermedad,8,Sí
11583,2026-01-10,263,1,3,12,4,Permiso personal,8,Sí
11584,2026-01-27,268,1,5,10,4,Permiso personal,8,Sí
11585,2026-01-07,279,1,4,10,4,Permiso personal,8,Sí
11586,2026-01-06,285,5,14,27,4,Enfermedad,4,Sí
11587,2026-01-09,289,1,3,1,4,Falta injustificada,4,No
11588,2026-01-31,289,1,3,1,4,Falta injustificada,8,No
11589,2026-01-28,291,1,2,2,4,Enfermedad,4,Sí
11590,2026-01-01,292,2,6,26,4,Enfermedad,8,Sí
11591,2026-01-11,295,1,5,18,4,Enfermedad,8,Sí
11592,2026-01-17,299,2,6,25,4,Enfermedad,8,Sí
11593,2026-01-15,300,5,13,27,4,Enfermedad,4,Sí
11594,2026-01-08,301,1,5,1,4,Falta injustificada,4,No
11595,2026-01-03,304,1,3,7,4,Enfermedad,4,Sí
11596,2026-01-12,307,1,5,2,4,Falta injustificada,8,No
11597,2026-01-04,309,1,4,9,4,Enfermedad,8,Sí
11598,2026-01-07,309,1,4,9,4,Enfermedad,8,Sí
11599,2026-01-25,309,1,4,9,4,Enfermedad,4,Sí
11600,2026-01-07,320,1,4,10,4,Enfermedad,8,Sí
11601,2026-01-28,321,6,16,27,4,Enfermedad,8,Sí
11602,2026-01-10,327,3,9,27,4,Enfermedad,8,Sí
11603,2026-01-29,329,2,6,26,4,Falta injustificada,8,No
11604,2026-01-27,331,1,1,4,4,Enfermedad,4,Sí
11605,2026-01-09,333,5,14,27,4,Permiso personal,8,Sí
11606,2026-01-06,335,1,5,23,4,Enfermedad,4,Sí
11607,2026-01-16,335,1,5,23,4,Enfermedad,8,Sí
11608,2026-01-21,340,5,13,27,4,Permiso personal,8,Sí
11609,2026-01-09,341,1,1,7,4,Enfermedad,8,Sí
11610,2026-01-20,341,1,1,7,4,Enfermedad,8,Sí
11611,2026-01-11,343,1,1,15,4,Enfermedad,4,Sí
11612,2026-01-10,353,1,2,9,2,Permiso personal,8,Sí
11613,2026-01-07,357,1,5,8,3,Enfermedad,4,Sí
11614,2026-01-25,357,1,5,8,3,Enfermedad,8,Sí
11615,2026-01-03,360,1,2,23,3,Permiso personal,8,Sí
11616,2026-01-15,369,1,5,3,1,Permiso personal,4,Sí
11617,2026-01-20,369,1,5,3,1,Enfermedad,8,Sí
11618,2026-01-30,370,2,6,26,3,Permiso personal,4,Sí
11619,2026-01-15,371,1,5,8,2,Enfermedad,8,Sí
11620,2026-01-21,371,1,5,8,2,Enfermedad,8,Sí
11621,2026-01-21,372,1,5,20,1,Enfermedad,8,Sí
11622,2026-01-24,372,1,5,20,1,Falta injustificada,8,No
11623,2026-01-28,372,1,5,20,1,Enfermedad,4,Sí
11624,2026-01-08,390,1,4,12,3,Enfermedad,8,Sí
11625,2026-01-16,391,2,7,26,2,Enfermedad,4,Sí
11626,2026-01-21,393,1,4,4,3,Permiso personal,8,Sí
11627,2026-01-25,393,1,4,4,3,Enfermedad,4,Sí
11628,2026-01-13,394,1,3,4,3,Enfermedad,8,Sí
11629,2026-01-30,397,1,3,7,3,Enfermedad,8,Sí
11630,2026-01-14,400,1,1,1,3,Enfermedad,8,Sí
11631,2026-01-11,401,1,3,9,1,Enfermedad,8,Sí
11632,2026-01-12,401,1,3,9,1,Permiso personal,8,Sí
11633,2026-01-06,406,1,3,4,3,Enfermedad,8,Sí
11634,2026-01-07,410,1,1,21,3,Enfermedad,8,Sí
11635,2026-01-09,410,1,1,21,3,Enfermedad,4,Sí
11636,2026-01-15,410,1,1,21,3,Enfermedad,8,Sí
11637,2026-01-28,410,1,1,21,3,Enfermedad,8,Sí
11638,2026-01-23,415,1,1,23,2,Permiso personal,8,Sí
11639,2026-01-05,416,1,1,8,3,Enfermedad,8,Sí
11640,2026-01-11,416,1,1,8,3,Enfermedad,8,Sí
11641,2026-01-21,419,1,2,22,1,Enfermedad,8,Sí
11642,2026-01-14,421,1,1,13,3,Enfermedad,8,Sí
11643,2026-01-13,432,6,15,27,2,Permiso personal,4,Sí
11644,2026-01-05,435,1,4,7,3,Falta injustificada,8,No
11645,2026-01-28,439,3,9,27,2,Enfermedad,8,Sí
11646,2026-01-07,442,1,1,2,2,Enfermedad,4,Sí
11647,2026-01-20,442,1,1,2,2,Enfermedad,8,Sí
11648,2026-01-07,445,1,2,16,2,Enfermedad,8,Sí
11649,2026-01-17,445,1,2,16,2,Enfermedad,8,Sí
11650,2026-01-31,446,1,4,2,3,Enfermedad,8,Sí
11651,2026-01-13,449,1,3,24,3,Enfermedad,8,Sí
11652,2026-01-25,456,1,2,15,3,Enfermedad,8,Sí
11653,2026-01-28,459,4,11,27,1,Enfermedad,8,Sí
11654,2026-01-05,461,1,3,17,3,Enfermedad,8,Sí
11655,2026-01-26,461,1,3,17,3,Enfermedad,4,Sí
11656,2026-01-19,462,3,10,27,3,Permiso personal,8,Sí
11657,2026-01-20,462,3,10,27,3,Enfermedad,8,Sí
11658,2026-01-25,462,3,10,27,3,Permiso personal,8,Sí
11659,2026-01-29,462,3,10,27,3,Permiso personal,4,Sí
11660,2026-01-16,468,2,6,26,3,Permiso personal,8,Sí
11661,2026-01-20,468,2,6,26,3,Permiso personal,8,Sí
11662,2026-01-16,473,1,1,5,2,Enfermedad,4,Sí
11663,2026-01-10,474,1,5,5,1,Permiso personal,8,Sí
11664,2026-01-05,475,3,9,27,3,Enfermedad,8,Sí
11665,2026-01-09,475,3,9,27,3,Enfermedad,8,Sí
11666,2026-01-16,478,6,15,27,3,Falta injustificada,8,No
11667,2026-01-03,479,1,1,5,3,Falta injustificada,8,No
11668,2026-01-19,479,1,1,5,3,Falta injustificada,8,No
11669,2026-01-02,481,1,1,20,3,Enfermedad,8,Sí
11670,2026-01-30,481,1,1,20,3,Permiso personal,8,Sí
11671,2026-01-16,486,1,4,18,3,Enfermedad,4,Sí
11672,2026-01-28,491,1,5,24,2,Enfermedad,4,Sí
11673,2026-01-29,494,1,2,3,3,Permiso personal,8,Sí
11674,2026-01-14,495,1,2,9,3,Permiso personal,8,Sí
11675,2026-01-21,498,1,1,18,3,Permiso personal,8,Sí
11676,2026-01-24,498,1,1,18,3,Falta injustificada,8,No
11677,2026-01-23,501,1,5,23,1,Enfermedad,8,Sí
11678,2026-01-17,507,1,5,23,3,Enfermedad,8,Sí
11679,2026-01-01,509,1,3,13,1,Enfermedad,8,Sí
11680,2026-01-19,510,5,14,27,3,Enfermedad,8,Sí
11681,2026-01-02,513,1,1,23,3,Enfermedad,8,Sí
11682,2026-01-12,518,5,14,27,2,Falta injustificada,8,No
11683,2026-01-25,518,5,14,27,2,Permiso personal,4,Sí
11684,2026-01-09,523,1,1,9,3,Enfermedad,8,Sí
11685,2026-01-10,523,1,1,9,3,Permiso personal,4,Sí
11686,2026-01-28,523,1,1,9,3,Permiso personal,8,Sí
11687,2026-01-18,529,1,3,24,2,Enfermedad,8,Sí
11688,2026-01-26,532,1,5,11,3,Enfermedad,4,Sí
11689,2026-01-02,536,1,1,21,3,Enfermedad,8,Sí
11690,2026-01-28,536,1,1,21,3,Falta injustificada,8,No
11691,2026-01-17,537,2,8,25,3,Enfermedad,8,Sí
11692,2026-01-05,540,1,3,14,3,Enfermedad,8,Sí
11693,2026-01-10,540,1,3,14,3,Permiso personal,4,Sí
11694,2026-01-24,540,1,3,14,3,Permiso personal,8,Sí
11695,2026-01-16,544,2,6,26,3,Permiso personal,8,Sí
11696,2026-01-28,544,2,6,26,3,Permiso personal,8,Sí
11697,2026-01-22,549,1,1,23,3,Enfermedad,8,Sí
11698,2026-01-30,556,1,1,7,3,Enfermedad,8,Sí
11699,2026-01-15,558,1,1,3,2,Permiso personal,8,Sí
11700,2026-01-18,561,1,1,15,3,Enfermedad,8,Sí
11701,2026-01-19,561,1,1,15,3,Enfermedad,8,Sí
11702,2026-01-10,563,1,3,13,3,Enfermedad,4,Sí
11703,2026-01-03,564,2,6,26,3,Permiso personal,8,Sí
11704,2026-01-07,564,2,6,26,3,Permiso personal,8,Sí
11705,2026-01-14,564,2,6,26,3,Enfermedad,8,Sí
11706,2026-01-07,566,6,15,27,3,Enfermedad,4,Sí
11707,2026-01-12,567,1,3,12,3,Permiso personal,8,Sí
11708,2026-01-24,569,3,10,27,3,Enfermedad,4,Sí
11709,2026-01-28,574,1,3,22,3,Falta injustificada,8,No
11710,2026-01-03,578,1,2,18,2,Enfermedad,8,Sí
11711,2026-01-16,578,1,2,18,2,Permiso personal,8,Sí
11712,2026-01-03,582,1,4,12,2,Permiso personal,8,Sí
11713,2026-01-06,583,1,3,12,3,Enfermedad,4,Sí
11714,2026-01-15,585,1,5,1,2,Falta injustificada,4,No
11715,2026-01-15,586,1,1,23,3,Enfermedad,8,Sí
11716,2026-01-01,587,1,1,6,2,Enfermedad,8,Sí
11717,2026-01-12,587,1,1,6,2,Enfermedad,8,Sí
11718,2026-01-21,588,1,1,9,1,Enfermedad,8,Sí
11719,2026-01-25,588,1,1,9,1,Enfermedad,8,Sí
11720,2026-01-09,601,1,1,23,3,Enfermedad,8,Sí
11721,2026-01-07,606,1,1,6,2,Permiso personal,4,Sí
11722,2026-01-09,606,1,1,6,2,Enfermedad,8,Sí
11723,2026-01-11,606,1,1,6,2,Permiso personal,8,Sí
11724,2026-01-21,606,1,1,6,2,Permiso personal,4,Sí
11725,2026-01-08,609,1,3,16,3,Enfermedad,8,Sí
11726,2026-01-12,610,1,5,19,3,Enfermedad,8,Sí
11727,2026-01-27,610,1,5,19,3,Enfermedad,4,Sí
11728,2026-01-31,610,1,5,19,3,Enfermedad,4,Sí
11729,2026-01-25,612,1,1,18,3,Enfermedad,8,Sí
11730,2026-01-26,612,1,1,18,3,Enfermedad,8,Sí
11731,2026-01-31,612,1,1,18,3,Enfermedad,8,Sí
11732,2026-01-07,616,1,4,23,3,Permiso personal,8,Sí
11733,2026-01-28,617,1,1,24,3,Enfermedad,8,Sí
11734,2026-01-08,619,1,1,7,3,Enfermedad,8,Sí
11735,2026-01-19,619,1,1,7,3,Enfermedad,8,Sí
11736,2026-01-11,624,1,3,4,3,Permiso personal,8,Sí
11737,2026-01-04,626,2,6,25,3,Enfermedad,4,Sí
11738,2026-01-14,631,1,2,8,3,Permiso personal,8,Sí
11739,2026-01-29,636,1,5,4,2,Permiso personal,8,Sí
11740,2026-01-04,638,1,5,24,3,Enfermedad,8,Sí
11741,2026-01-29,640,1,1,3,2,Enfermedad,4,Sí
11742,2026-01-01,643,1,5,21,3,Permiso personal,8,Sí
11743,2026-01-11,645,1,5,2,3,Permiso personal,8,Sí
11744,2026-01-25,645,1,5,2,3,Falta injustificada,4,No
11745,2026-01-04,646,1,1,19,3,Enfermedad,8,Sí
11746,2026-01-09,646,1,1,19,3,Enfermedad,8,Sí
11747,2026-01-27,646,1,1,19,3,Enfermedad,8,Sí
11748,2026-01-03,647,1,1,5,3,Enfermedad,8,Sí
11749,2026-01-05,650,1,3,9,2,Permiso personal,8,Sí
11750,2026-01-13,650,1,3,9,2,Permiso personal,8,Sí
11751,2026-01-26,650,1,3,9,2,Enfermedad,8,Sí
11752,2026-01-13,651,1,4,10,3,Enfermedad,4,Sí
11753,2026-01-26,654,1,5,21,1,Enfermedad,8,Sí
11754,2026-01-25,662,1,4,11,2,Falta injustificada,8,No
11755,2026-01-02,671,1,1,9,2,Permiso personal,4,Sí
11756,2026-01-07,680,1,1,16,1,Enfermedad,4,Sí
11757,2026-01-20,680,1,1,16,1,Permiso personal,4,Sí
11758,2026-01-11,683,1,1,22,1,Enfermedad,8,Sí
11759,2026-01-07,691,2,8,25,2,Enfermedad,8,Sí
11760,2026-01-05,702,1,1,14,2,Enfermedad,8,Sí
11761,2026-01-23,705,1,1,2,2,Falta injustificada,4,No
11762,2026-01-25,708,4,12,27,4,Permiso personal,8,Sí
11763,2026-01-27,708,4,12,27,4,Enfermedad,8,Sí
11764,2026-01-02,709,1,3,4,2,Enfermedad,8,Sí
11765,2026-01-06,709,1,3,4,2,Permiso personal,4,Sí
11766,2026-01-26,709,1,3,4,2,Enfermedad,8,Sí
11767,2026-01-07,711,4,12,27,3,Enfermedad,8,Sí
11768,2026-01-30,711,4,12,27,3,Permiso personal,8,Sí
11769,2026-01-03,722,1,3,17,2,Enfermedad,4,Sí
11770,2026-01-11,723,1,1,24,4,Permiso personal,8,Sí
11771,2026-01-17,726,1,1,15,2,Enfermedad,8,Sí
11772,2026-01-28,726,1,1,15,2,Enfermedad,8,Sí
11773,2026-01-31,726,1,1,15,2,Permiso personal,8,Sí
11774,2026-01-19,727,2,6,26,3,Enfermedad,8,Sí
11775,2026-01-16,733,1,3,20,3,Enfermedad,8,Sí
11776,2026-01-22,733,1,3,20,3,Permiso personal,8,Sí
11777,2026-01-21,746,1,5,18,2,Enfermedad,4,Sí
11778,2026-01-11,749,1,1,8,3,Permiso personal,8,Sí
11779,2026-01-07,750,1,2,17,3,Enfermedad,4,Sí
11780,2026-01-20,751,1,1,11,1,Enfermedad,8,Sí
11781,2026-01-29,762,1,1,19,2,Enfermedad,8,Sí
11782,2026-01-16,766,1,2,23,2,Falta injustificada,8,No
11783,2026-01-13,771,1,1,7,2,Enfermedad,8,Sí
11784,2026-01-16,779,1,1,2,2,Enfermedad,4,Sí
11785,2026-01-05,780,1,1,8,3,Enfermedad,8,Sí
11786,2026-01-18,780,1,1,8,3,Enfermedad,8,Sí
11787,2026-01-31,795,1,3,1,1,Enfermedad,8,Sí
11788,2026-01-29,796,1,4,8,2,Permiso personal,8,Sí
11789,2026-01-09,803,1,2,8,3,Enfermedad,4,Sí
11790,2026-01-21,803,1,2,8,3,Enfermedad,8,Sí
11791,2026-01-20,805,1,1,3,3,Falta injustificada,8,No
11792,2026-01-26,805,1,1,3,3,Enfermedad,8,Sí
11793,2026-01-27,805,1,1,3,3,Permiso personal,8,Sí
11794,2026-01-28,805,1,1,3,3,Falta injustificada,8,No
11795,2026-01-03,808,1,1,5,2,Permiso personal,8,Sí
11796,2026-01-03,823,1,3,5,3,Permiso personal,8,Sí
11797,2026-01-27,827,4,11,27,3,Falta injustificada,8,No
11798,2026-01-01,830,1,1,24,2,Falta injustificada,8,No
11799,2026-01-23,830,1,1,24,2,Permiso personal,8,Sí
11800,2026-01-01,832,1,2,11,2,Enfermedad,8,Sí
11801,2026-01-07,832,1,2,11,2,Falta injustificada,8,No
11802,2026-01-26,836,5,13,27,3,Enfermedad,8,Sí
11803,2026-01-02,837,1,3,17,2,Falta injustificada,8,No
11804,2026-01-14,838,1,1,6,4,Enfermedad,8,Sí
11805,2026-01-30,844,1,3,17,3,Permiso personal,8,Sí
11806,2026-01-25,849,1,5,2,3,Permiso personal,4,Sí
11807,2026-01-01,850,1,3,22,3,Enfermedad,8,Sí
11808,2026-01-01,851,1,1,14,3,Enfermedad,8,Sí
11809,2026-01-18,868,1,1,22,2,Permiso personal,8,Sí
11810,2026-01-02,870,1,2,5,3,Falta injustificada,8,No
11811,2026-01-06,870,1,2,5,3,Enfermedad,8,Sí
11812,2026-01-26,870,1,2,5,3,Enfermedad,8,Sí
11813,2026-01-31,870,1,2,5,3,Enfermedad,8,Sí
11814,2026-01-11,871,1,1,23,2,Falta injustificada,8,No
11815,2026-01-17,871,1,1,23,2,Falta injustificada,4,No
11816,2026-01-21,872,2,6,25,3,Permiso personal,8,Sí
11817,2026-01-23,872,2,6,25,3,Falta injustificada,8,No
11818,2026-01-13,877,1,2,2,2,Enfermedad,8,Sí
11819,2026-01-16,884,1,5,24,3,Permiso personal,8,Sí
11820,2026-01-03,886,5,13,27,3,Permiso personal,4,Sí
11821,2026-01-02,887,1,2,10,3,Falta injustificada,4,No
11822,2026-01-15,887,1,2,10,3,Enfermedad,8,Sí
11823,2026-01-26,889,1,1,21,3,Enfermedad,8,Sí
11824,2026-01-15,893,4,11,27,2,Enfermedad,4,Sí
11825,2026-01-29,893,4,11,27,2,Permiso personal,8,Sí
11826,2026-01-30,893,4,11,27,2,Permiso personal,8,Sí
11827,2026-01-05,897,1,4,10,3,Enfermedad,8,Sí
11828,2026-01-12,898,1,1,7,3,Enfermedad,4,Sí
11829,2026-01-24,898,1,1,7,3,Enfermedad,4,Sí
11830,2026-02-05,3,1,4,11,4,Permiso personal,8,Sí
11831,2026-02-07,8,2,8,25,4,Enfermedad,4,Sí
11832,2026-02-13,12,1,5,10,4,Enfermedad,8,Sí
11833,2026-02-10,13,1,5,8,4,Enfermedad,8,Sí
11834,2026-02-18,14,1,4,19,4,Enfermedad,8,Sí
11835,2026-02-24,20,1,2,24,4,Permiso personal,8,Sí
11836,2026-02-05,27,1,4,22,4,Enfermedad,8,Sí
11837,2026-02-01,35,1,1,11,4,Enfermedad,8,Sí
11838,2026-02-09,38,1,3,22,4,Falta injustificada,8,No
11839,2026-02-27,38,1,3,22,4,Enfermedad,8,Sí
11840,2026-02-10,41,1,2,17,4,Permiso personal,8,Sí
11841,2026-02-18,50,2,7,26,4,Permiso personal,8,Sí
11842,2026-02-06,52,1,4,19,4,Permiso personal,8,Sí
11843,2026-02-18,53,1,5,11,4,Enfermedad,8,Sí
11844,2026-02-02,56,1,3,17,4,Enfermedad,4,Sí
11845,2026-02-15,56,1,3,17,4,Enfermedad,8,Sí
11846,2026-02-20,59,1,4,7,4,Permiso personal,8,Sí
11847,2026-02-10,65,1,3,20,4,Enfermedad,8,Sí
11848,2026-02-02,66,1,5,7,4,Permiso personal,8,Sí
11849,2026-02-24,70,2,6,26,4,Enfermedad,8,Sí
11850,2026-02-24,72,1,1,21,4,Enfermedad,8,Sí
11851,2026-02-27,83,1,1,21,4,Enfermedad,4,Sí
11852,2026-02-18,84,1,3,9,4,Enfermedad,8,Sí
11853,2026-02-08,88,1,3,19,4,Enfermedad,8,Sí
11854,2026-02-06,93,1,4,14,4,Permiso personal,4,Sí
11855,2026-02-19,97,1,3,3,4,Enfermedad,4,Sí
11856,2026-02-03,98,1,3,18,4,Permiso personal,8,Sí
11857,2026-02-02,99,1,2,5,4,Enfermedad,8,Sí
11858,2026-02-09,106,1,4,6,4,Enfermedad,8,Sí
11859,2026-02-09,108,1,2,17,4,Permiso personal,8,Sí
11860,2026-02-03,118,1,4,15,4,Permiso personal,8,Sí
11861,2026-02-22,119,1,5,4,4,Permiso personal,8,Sí
11862,2026-02-02,121,1,3,20,4,Enfermedad,8,Sí
11863,2026-02-02,122,1,2,21,4,Falta injustificada,8,No
11864,2026-02-16,122,1,2,21,4,Falta injustificada,8,No
11865,2026-02-13,124,1,1,15,4,Permiso personal,8,Sí
11866,2026-02-21,124,1,1,15,4,Permiso personal,8,Sí
11867,2026-02-09,128,1,2,2,4,Enfermedad,8,Sí
11868,2026-02-28,129,1,1,21,4,Falta injustificada,8,No
11869,2026-02-11,131,1,5,5,4,Falta injustificada,8,No
11870,2026-02-25,131,1,5,5,4,Enfermedad,8,Sí
11871,2026-02-24,135,1,4,18,4,Enfermedad,8,Sí
11872,2026-02-01,137,1,1,8,4,Permiso personal,8,Sí
11873,2026-02-25,137,1,1,8,4,Enfermedad,8,Sí
11874,2026-02-18,138,1,4,7,4,Falta injustificada,8,No
11875,2026-02-27,160,1,3,19,4,Enfermedad,8,Sí
11876,2026-02-06,165,1,2,3,4,Enfermedad,8,Sí
11877,2026-02-08,168,1,3,6,4,Enfermedad,8,Sí
11878,2026-02-24,169,1,1,7,4,Enfermedad,8,Sí
11879,2026-02-22,171,1,4,4,4,Enfermedad,8,Sí
11880,2026-02-01,176,1,1,6,4,Permiso personal,4,Sí
11881,2026-02-15,191,1,3,7,4,Falta injustificada,8,No
11882,2026-02-13,192,1,1,2,4,Permiso personal,8,Sí
11883,2026-02-24,195,1,2,14,4,Permiso personal,8,Sí
11884,2026-02-23,198,1,1,23,4,Enfermedad,8,Sí
11885,2026-02-10,205,1,1,12,4,Enfermedad,4,Sí
11886,2026-02-21,205,1,1,12,4,Enfermedad,8,Sí
11887,2026-02-14,207,1,1,3,4,Enfermedad,8,Sí
11888,2026-02-25,207,1,1,3,4,Enfermedad,4,Sí
11889,2026-02-20,208,2,6,25,4,Enfermedad,4,Sí
11890,2026-02-27,214,1,4,4,4,Enfermedad,8,Sí
11891,2026-02-08,224,5,14,27,4,Permiso personal,4,Sí
11892,2026-02-01,227,1,1,9,4,Permiso personal,8,Sí
11893,2026-02-11,229,2,8,25,4,Enfermedad,8,Sí
11894,2026-02-06,230,1,3,17,4,Falta injustificada,8,No
11895,2026-02-20,230,1,3,17,4,Permiso personal,8,Sí
11896,2026-02-24,233,2,6,25,4,Enfermedad,8,Sí
11897,2026-02-07,239,1,3,8,4,Enfermedad,8,Sí
11898,2026-02-03,247,1,5,17,4,Enfermedad,4,Sí
11899,2026-02-10,247,1,5,17,4,Enfermedad,8,Sí
11900,2026-02-08,248,1,4,2,4,Enfermedad,8,Sí
11901,2026-02-15,256,1,4,21,4,Enfermedad,8,Sí
11902,2026-02-01,259,1,3,8,4,Enfermedad,8,Sí
11903,2026-02-26,259,1,3,8,4,Enfermedad,8,Sí
11904,2026-02-16,261,1,5,23,4,Enfermedad,4,Sí
11905,2026-02-12,285,5,14,27,4,Permiso personal,8,Sí
11906,2026-02-14,289,1,3,1,4,Enfermedad,8,Sí
11907,2026-02-21,290,1,3,3,4,Enfermedad,8,Sí
11908,2026-02-13,300,5,13,27,4,Enfermedad,8,Sí
11909,2026-02-17,300,5,13,27,4,Enfermedad,8,Sí
11910,2026-02-05,301,1,5,1,4,Enfermedad,4,Sí
11911,2026-02-08,301,1,5,1,4,Enfermedad,8,Sí
11912,2026-02-14,306,1,4,4,4,Enfermedad,8,Sí
11913,2026-02-17,306,1,4,4,4,Enfermedad,8,Sí
11914,2026-02-18,306,1,4,4,4,Falta injustificada,8,No
11915,2026-02-20,310,1,2,21,4,Permiso personal,8,Sí
11916,2026-02-22,310,1,2,21,4,Enfermedad,8,Sí
11917,2026-02-15,322,6,16,27,4,Enfermedad,8,Sí
11918,2026-02-05,326,1,1,15,4,Enfermedad,4,Sí
11919,2026-02-22,326,1,1,15,4,Enfermedad,8,Sí
11920,2026-02-07,327,3,9,27,4,Permiso personal,8,Sí
11921,2026-02-05,329,2,6,26,4,Permiso personal,4,Sí
11922,2026-02-22,329,2,6,26,4,Falta injustificada,4,No
11923,2026-02-02,331,1,1,4,4,Permiso personal,8,Sí
11924,2026-02-26,333,5,14,27,4,Falta injustificada,8,No
11925,2026-02-06,335,1,5,23,4,Permiso personal,4,Sí
11926,2026-02-17,335,1,5,23,4,Enfermedad,8,Sí
11927,2026-02-19,340,5,13,27,4,Enfermedad,4,Sí
11928,2026-02-27,340,5,13,27,4,Permiso personal,4,Sí
11929,2026-02-28,340,5,13,27,4,Permiso personal,8,Sí
11930,2026-02-10,341,1,1,7,4,Permiso personal,8,Sí
11931,2026-02-03,343,1,1,15,4,Enfermedad,8,Sí
11932,2026-02-25,343,1,1,15,4,Permiso personal,8,Sí
11933,2026-02-26,343,1,1,15,4,Permiso personal,8,Sí
11934,2026-02-01,345,1,2,7,4,Enfermedad,4,Sí
11935,2026-02-13,345,1,2,7,4,Enfermedad,4,Sí
11936,2026-02-10,350,1,5,23,4,Enfermedad,8,Sí
11937,2026-02-09,357,1,5,8,3,Enfermedad,8,Sí
11938,2026-02-07,361,1,1,4,3,Enfermedad,8,Sí
11939,2026-02-16,364,1,5,2,3,Enfermedad,8,Sí
11940,2026-02-04,369,1,5,3,2,Enfermedad,8,Sí
11941,2026-02-07,369,1,5,3,2,Enfermedad,8,Sí
11942,2026-02-17,369,1,5,3,2,Enfermedad,8,Sí
11943,2026-02-06,370,2,6,26,3,Enfermedad,8,Sí
11944,2026-02-24,372,1,5,20,1,Enfermedad,8,Sí
11945,2026-02-21,375,1,3,16,1,Enfermedad,4,Sí
11946,2026-02-17,377,1,5,16,2,Enfermedad,8,Sí
11947,2026-02-19,378,1,1,17,3,Enfermedad,8,Sí
11948,2026-02-21,381,1,2,17,3,Permiso personal,8,Sí
11949,2026-02-04,382,1,2,19,1,Falta injustificada,8,No
11950,2026-02-03,385,1,1,22,2,Enfermedad,8,Sí
11951,2026-02-11,385,1,1,22,2,Enfermedad,8,Sí
11952,2026-02-20,389,1,3,6,3,Enfermedad,8,Sí
11953,2026-02-13,390,1,4,12,3,Enfermedad,8,Sí
11954,2026-02-20,391,2,7,26,2,Enfermedad,8,Sí
11955,2026-02-26,392,6,16,27,1,Enfermedad,8,Sí
11956,2026-02-11,393,1,4,4,3,Enfermedad,4,Sí
11957,2026-02-14,393,1,4,4,3,Permiso personal,8,Sí
11958,2026-02-24,393,1,4,4,3,Permiso personal,8,Sí
11959,2026-02-23,394,1,3,4,3,Enfermedad,8,Sí
11960,2026-02-12,397,1,3,7,4,Enfermedad,8,Sí
11961,2026-02-23,400,1,1,1,3,Enfermedad,4,Sí
11962,2026-02-14,401,1,3,9,1,Enfermedad,8,Sí
11963,2026-02-02,402,1,4,10,3,Enfermedad,4,Sí
11964,2026-02-19,402,1,4,10,3,Falta injustificada,8,No
11965,2026-02-18,406,1,3,4,3,Enfermedad,8,Sí
11966,2026-02-25,406,1,3,4,3,Falta injustificada,8,No
11967,2026-02-14,408,1,2,13,3,Enfermedad,8,Sí
11968,2026-02-28,415,1,1,23,2,Enfermedad,4,Sí
11969,2026-02-08,416,1,1,8,3,Enfermedad,8,Sí
11970,2026-02-19,425,1,1,7,3,Enfermedad,4,Sí
11971,2026-02-23,427,1,2,16,2,Permiso personal,4,Sí
11972,2026-02-28,432,6,15,27,2,Enfermedad,8,Sí
11973,2026-02-21,437,1,5,12,2,Permiso personal,8,Sí
11974,2026-02-04,442,1,1,2,2,Enfermedad,8,Sí
11975,2026-02-11,442,1,1,2,2,Enfermedad,8,Sí
11976,2026-02-13,444,1,3,16,2,Enfermedad,8,Sí
11977,2026-02-10,446,1,4,2,3,Enfermedad,8,Sí
11978,2026-02-03,447,2,7,26,3,Enfermedad,8,Sí
11979,2026-02-16,448,1,5,24,1,Enfermedad,8,Sí
11980,2026-02-24,449,1,3,24,3,Enfermedad,8,Sí
11981,2026-02-23,457,1,5,9,4,Enfermedad,8,Sí
11982,2026-02-06,458,1,1,19,2,Permiso personal,4,Sí
11983,2026-02-16,464,1,1,16,2,Falta injustificada,4,No
11984,2026-02-27,464,1,1,16,2,Permiso personal,8,Sí
11985,2026-02-01,466,2,7,26,2,Enfermedad,8,Sí
11986,2026-02-06,468,2,6,26,3,Enfermedad,8,Sí
11987,2026-02-09,468,2,6,26,3,Enfermedad,8,Sí
11988,2026-02-25,468,2,6,26,3,Permiso personal,8,Sí
11989,2026-02-26,474,1,5,5,2,Enfermedad,8,Sí
11990,2026-02-18,475,3,9,27,3,Enfermedad,8,Sí
11991,2026-02-09,477,5,13,27,2,Enfermedad,4,Sí
11992,2026-02-17,483,1,2,3,1,Enfermedad,8,Sí
11993,2026-02-11,489,1,1,15,1,Enfermedad,4,Sí
11994,2026-02-02,491,1,5,24,2,Permiso personal,4,Sí
11995,2026-02-22,491,1,5,24,2,Enfermedad,8,Sí
11996,2026-02-13,494,1,2,3,3,Enfermedad,8,Sí
11997,2026-02-25,494,1,2,3,3,Permiso personal,8,Sí
11998,2026-02-16,498,1,1,18,3,Enfermedad,8,Sí
11999,2026-02-04,501,1,5,23,1,Permiso personal,8,Sí
12000,2026-02-11,501,1,5,23,1,Enfermedad,8,Sí
12001,2026-02-28,501,1,5,23,1,Enfermedad,8,Sí
12002,2026-02-18,503,1,3,16,3,Enfermedad,4,Sí
12003,2026-02-25,503,1,3,16,3,Falta injustificada,8,No
12004,2026-02-26,503,1,3,16,3,Enfermedad,8,Sí
12005,2026-02-17,505,3,9,27,1,Enfermedad,4,Sí
12006,2026-02-24,505,3,9,27,1,Permiso personal,8,Sí
12007,2026-02-15,506,2,6,25,3,Enfermedad,8,Sí
12008,2026-02-12,510,5,14,27,4,Enfermedad,8,Sí
12009,2026-02-19,511,1,4,5,1,Permiso personal,8,Sí
12010,2026-02-08,518,5,14,27,2,Permiso personal,8,Sí
12011,2026-02-26,521,1,4,13,3,Enfermedad,4,Sí
12012,2026-02-04,522,1,1,7,3,Enfermedad,4,Sí
12013,2026-02-05,522,1,1,7,3,Enfermedad,8,Sí
12014,2026-02-12,522,1,1,7,3,Permiso personal,8,Sí
12015,2026-02-10,526,1,2,23,2,Enfermedad,8,Sí
12016,2026-02-20,529,1,3,24,2,Enfermedad,8,Sí
12017,2026-02-11,533,1,3,15,3,Permiso personal,8,Sí
12018,2026-02-25,536,1,1,21,3,Enfermedad,8,Sí
12019,2026-02-12,537,2,8,25,3,Permiso personal,4,Sí
12020,2026-02-03,540,1,3,14,3,Permiso personal,4,Sí
12021,2026-02-24,540,1,3,14,3,Enfermedad,8,Sí
12022,2026-02-25,543,1,1,7,3,Enfermedad,8,Sí
12023,2026-02-20,544,2,6,26,3,Enfermedad,8,Sí
12024,2026-02-01,553,1,4,3,3,Permiso personal,4,Sí
12025,2026-02-10,553,1,4,3,3,Enfermedad,4,Sí
12026,2026-02-25,558,1,1,3,2,Falta injustificada,8,No
12027,2026-02-02,568,1,1,9,2,Enfermedad,8,Sí
12028,2026-02-10,569,3,10,27,3,Enfermedad,4,Sí
12029,2026-02-17,569,3,10,27,3,Enfermedad,8,Sí
12030,2026-02-24,569,3,10,27,3,Enfermedad,8,Sí
12031,2026-02-13,571,1,3,12,3,Permiso personal,8,Sí
12032,2026-02-02,573,1,3,15,3,Enfermedad,8,Sí
12033,2026-02-02,574,1,3,22,3,Permiso personal,4,Sí
12034,2026-02-03,576,1,1,11,3,Enfermedad,8,Sí
12035,2026-02-15,577,1,3,2,2,Enfermedad,8,Sí
12036,2026-02-12,578,1,2,18,2,Enfermedad,8,Sí
12037,2026-02-13,579,1,1,2,3,Enfermedad,8,Sí
12038,2026-02-10,580,2,8,26,3,Enfermedad,8,Sí
12039,2026-02-20,586,1,1,23,3,Permiso personal,8,Sí
12040,2026-02-26,587,1,1,6,2,Enfermedad,8,Sí
12041,2026-02-19,588,1,1,9,1,Enfermedad,4,Sí
12042,2026-02-02,589,1,1,4,3,Permiso personal,8,Sí
12043,2026-02-19,594,1,1,19,2,Enfermedad,8,Sí
12044,2026-02-24,594,1,1,19,2,Enfermedad,8,Sí
12045,2026-02-18,595,2,6,25,3,Enfermedad,8,Sí
12046,2026-02-24,595,2,6,25,3,Enfermedad,8,Sí
12047,2026-02-25,595,2,6,25,3,Permiso personal,8,Sí
12048,2026-02-16,601,1,1,23,3,Enfermedad,8,Sí
12049,2026-02-24,601,1,1,23,3,Permiso personal,8,Sí
12050,2026-02-28,605,1,4,16,3,Falta injustificada,8,No
12051,2026-02-26,609,1,3,16,3,Falta injustificada,8,No
12052,2026-02-08,611,1,1,10,3,Enfermedad,8,Sí
12053,2026-02-07,619,1,1,7,3,Enfermedad,8,Sí
12054,2026-02-19,619,1,1,7,3,Permiso personal,8,Sí
12055,2026-02-27,619,1,1,7,3,Permiso personal,8,Sí
12056,2026-02-14,624,1,3,4,3,Enfermedad,8,Sí
12057,2026-02-22,626,2,6,25,3,Enfermedad,4,Sí
12058,2026-02-11,627,1,2,19,2,Falta injustificada,8,No
12059,2026-02-12,630,1,1,20,3,Permiso personal,4,Sí
12060,2026-02-01,631,1,2,8,3,Permiso personal,8,Sí
12061,2026-02-14,631,1,2,8,3,Enfermedad,8,Sí
12062,2026-02-21,631,1,2,8,3,Enfermedad,8,Sí
12063,2026-02-10,636,1,5,4,2,Enfermedad,8,Sí
12064,2026-02-11,637,1,1,22,3,Enfermedad,4,Sí
12065,2026-02-18,637,1,1,22,3,Permiso personal,8,Sí
12066,2026-02-22,638,1,5,24,3,Falta injustificada,8,No
12067,2026-02-06,639,2,6,25,2,Enfermedad,8,Sí
12068,2026-02-02,643,1,5,21,3,Enfermedad,8,Sí
12069,2026-02-19,649,1,2,6,3,Enfermedad,8,Sí
12070,2026-02-12,650,1,3,9,2,Permiso personal,4,Sí
12071,2026-02-20,653,1,1,3,3,Permiso personal,8,Sí
12072,2026-02-10,656,4,12,27,3,Falta injustificada,4,No
12073,2026-02-24,667,2,6,25,3,Permiso personal,8,Sí
12074,2026-02-27,667,2,6,25,3,Enfermedad,4,Sí
12075,2026-02-02,671,1,1,9,2,Falta injustificada,8,No
12076,2026-02-17,673,1,5,20,3,Enfermedad,8,Sí
12077,2026-02-02,674,1,2,16,2,Permiso personal,8,Sí
12078,2026-02-10,674,1,2,16,2,Enfermedad,4,Sí
12079,2026-02-14,674,1,2,16,2,Permiso personal,4,Sí
12080,2026-02-14,675,1,1,1,2,Enfermedad,8,Sí
12081,2026-02-27,675,1,1,1,2,Permiso personal,4,Sí
12082,2026-02-13,678,1,2,2,3,Falta injustificada,8,No
12083,2026-02-04,679,1,1,24,2,Permiso personal,8,Sí
12084,2026-02-09,680,1,1,16,2,Enfermedad,8,Sí
12085,2026-02-13,683,1,1,22,2,Enfermedad,8,Sí
12086,2026-02-17,698,1,1,5,3,Enfermedad,8,Sí
12087,2026-02-05,699,1,4,11,3,Enfermedad,8,Sí
12088,2026-02-13,702,1,1,14,2,Enfermedad,4,Sí
12089,2026-02-15,704,1,1,2,3,Enfermedad,8,Sí
12090,2026-02-18,706,1,1,5,2,Enfermedad,8,Sí
12091,2026-02-06,709,1,3,4,2,Enfermedad,8,Sí
12092,2026-02-09,709,1,3,4,2,Enfermedad,8,Sí
12093,2026-02-14,709,1,3,4,2,Enfermedad,4,Sí
12094,2026-02-22,711,4,12,27,3,Permiso personal,8,Sí
12095,2026-02-16,717,2,7,25,4,Falta injustificada,8,No
12096,2026-02-21,718,1,2,17,1,Enfermedad,4,Sí
12097,2026-02-17,723,1,1,24,4,Permiso personal,8,Sí
12098,2026-02-16,727,2,6,26,3,Permiso personal,8,Sí
12099,2026-02-02,743,1,3,12,2,Enfermedad,4,Sí
12100,2026-02-20,746,1,5,18,2,Permiso personal,4,Sí
12101,2026-02-11,749,1,1,8,3,Permiso personal,8,Sí
12102,2026-02-14,750,1,2,17,3,Permiso personal,8,Sí
12103,2026-02-13,753,1,5,17,2,Falta injustificada,8,No
12104,2026-02-12,756,1,3,22,3,Enfermedad,8,Sí
12105,2026-02-11,760,1,5,1,3,Enfermedad,8,Sí
12106,2026-02-07,764,2,6,25,2,Enfermedad,8,Sí
12107,2026-02-10,764,2,6,25,2,Permiso personal,8,Sí
12108,2026-02-07,767,2,6,25,3,Enfermedad,4,Sí
12109,2026-02-19,773,1,1,14,2,Permiso personal,4,Sí
12110,2026-02-22,773,1,1,14,2,Enfermedad,8,Sí
12111,2026-02-27,773,1,1,14,2,Permiso personal,4,Sí
12112,2026-02-27,776,6,15,27,2,Enfermedad,8,Sí
12113,2026-02-07,778,5,13,27,3,Enfermedad,8,Sí
12114,2026-02-11,778,5,13,27,3,Enfermedad,8,Sí
12115,2026-02-22,778,5,13,27,3,Enfermedad,8,Sí
12116,2026-02-07,779,1,1,2,2,Enfermedad,8,Sí
12117,2026-02-07,780,1,1,8,3,Permiso personal,8,Sí
12118,2026-02-19,791,2,7,26,1,Permiso personal,8,Sí
12119,2026-02-17,796,1,4,8,2,Enfermedad,8,Sí
12120,2026-02-22,800,1,3,17,2,Enfermedad,4,Sí
12121,2026-02-04,803,1,2,8,3,Enfermedad,8,Sí
12122,2026-02-17,803,1,2,8,3,Enfermedad,8,Sí
12123,2026-02-02,805,1,1,3,3,Enfermedad,8,Sí
12124,2026-02-07,807,5,13,27,3,Enfermedad,8,Sí
12125,2026-02-07,808,1,1,5,2,Falta injustificada,8,No
12126,2026-02-20,808,1,1,5,2,Enfermedad,8,Sí
12127,2026-02-26,809,1,2,1,3,Enfermedad,8,Sí
12128,2026-02-25,811,1,1,13,1,Permiso personal,8,Sí
12129,2026-02-03,812,1,4,4,3,Permiso personal,4,Sí
12130,2026-02-08,812,1,4,4,3,Falta injustificada,8,No
12131,2026-02-05,816,4,12,27,3,Permiso personal,4,Sí
12132,2026-02-08,816,4,12,27,3,Permiso personal,4,Sí
12133,2026-02-27,816,4,12,27,3,Enfermedad,8,Sí
12134,2026-02-08,822,1,1,18,3,Enfermedad,8,Sí
12135,2026-02-26,824,1,1,11,4,Permiso personal,8,Sí
12136,2026-02-02,825,5,13,27,2,Enfermedad,8,Sí
12137,2026-02-27,825,5,13,27,2,Enfermedad,8,Sí
12138,2026-02-02,827,4,11,27,3,Enfermedad,8,Sí
12139,2026-02-06,832,1,2,11,2,Permiso personal,8,Sí
12140,2026-02-20,832,1,2,11,2,Enfermedad,8,Sí
12141,2026-02-26,833,1,5,13,3,Enfermedad,8,Sí
12142,2026-02-01,836,5,13,27,3,Enfermedad,4,Sí
12143,2026-02-16,846,1,1,2,3,Enfermedad,8,Sí
12144,2026-02-24,846,1,1,2,3,Permiso personal,4,Sí
12145,2026-02-17,847,1,4,10,2,Permiso personal,8,Sí
12146,2026-02-18,847,1,4,10,2,Enfermedad,8,Sí
12147,2026-02-23,847,1,4,10,2,Permiso personal,8,Sí
12148,2026-02-25,847,1,4,10,2,Enfermedad,8,Sí
12149,2026-02-14,848,1,1,12,3,Enfermedad,4,Sí
12150,2026-02-12,850,1,3,22,3,Enfermedad,8,Sí
12151,2026-02-14,850,1,3,22,3,Permiso personal,8,Sí
12152,2026-02-22,857,2,8,26,2,Enfermedad,8,Sí
12153,2026-02-09,868,1,1,22,2,Permiso personal,4,Sí
12154,2026-02-02,871,1,1,23,2,Falta injustificada,8,No
12155,2026-02-27,871,1,1,23,2,Enfermedad,8,Sí
12156,2026-02-21,880,1,2,22,3,Enfermedad,8,Sí
12157,2026-02-18,883,1,2,18,3,Enfermedad,8,Sí
12158,2026-02-03,884,1,5,24,3,Permiso personal,8,Sí
12159,2026-02-15,884,1,5,24,3,Permiso personal,8,Sí
12160,2026-02-16,884,1,5,24,3,Permiso personal,8,Sí
12161,2026-02-20,884,1,5,24,3,Enfermedad,8,Sí
12162,2026-02-07,886,5,13,27,3,Enfermedad,4,Sí
12163,2026-02-26,889,1,1,21,3,Permiso personal,8,Sí
12164,2026-02-24,891,1,1,10,2,Enfermedad,8,Sí
12165,2026-02-15,892,1,1,19,2,Enfermedad,4,Sí
12166,2026-02-16,897,1,4,10,3,Enfermedad,8,Sí
12167,2026-02-18,900,1,5,19,1,Enfermedad,8,Sí
12168,2026-03-19,3,1,4,11,4,Enfermedad,8,Sí
12169,2026-03-09,8,2,8,25,4,Permiso personal,8,Sí
12170,2026-03-06,17,6,15,27,4,Enfermedad,4,Sí
12171,2026-03-08,22,1,5,18,4,Falta injustificada,4,No
12172,2026-03-16,35,1,1,11,4,Permiso personal,8,Sí
12173,2026-03-07,37,3,9,27,4,Permiso personal,8,Sí
12174,2026-03-23,50,2,7,26,4,Permiso personal,8,Sí
12175,2026-03-31,50,2,7,26,4,Permiso personal,8,Sí
12176,2026-03-09,52,1,4,19,4,Permiso personal,8,Sí
12177,2026-03-19,54,1,4,19,4,Permiso personal,8,Sí
12178,2026-03-20,54,1,4,19,4,Enfermedad,8,Sí
12179,2026-03-05,56,1,3,17,4,Falta injustificada,4,No
12180,2026-03-23,66,1,5,7,4,Enfermedad,8,Sí
12181,2026-03-10,68,1,2,7,4,Permiso personal,8,Sí
12182,2026-03-08,70,2,6,26,4,Falta injustificada,4,No
12183,2026-03-21,75,1,5,18,4,Enfermedad,4,Sí
12184,2026-03-15,77,2,6,25,4,Enfermedad,8,Sí
12185,2026-03-22,77,2,6,25,4,Permiso personal,8,Sí
12186,2026-03-30,77,2,6,25,4,Enfermedad,8,Sí
12187,2026-03-25,78,3,9,27,4,Enfermedad,8,Sí
12188,2026-03-17,83,1,1,21,4,Permiso personal,8,Sí
12189,2026-03-08,84,1,3,9,4,Enfermedad,8,Sí
12190,2026-03-31,84,1,3,9,4,Falta injustificada,4,No
12191,2026-03-22,88,1,3,19,4,Permiso personal,8,Sí
12192,2026-03-06,90,2,6,26,4,Falta injustificada,4,No
12193,2026-03-13,93,1,4,14,4,Falta injustificada,4,No
12194,2026-03-24,97,1,3,3,4,Enfermedad,4,Sí
12195,2026-03-30,97,1,3,3,4,Enfermedad,4,Sí
12196,2026-03-29,98,1,3,18,4,Permiso personal,4,Sí
12197,2026-03-15,100,1,4,23,4,Permiso personal,4,Sí
12198,2026-03-01,102,1,1,14,4,Permiso personal,8,Sí
12199,2026-03-31,104,4,11,27,4,Falta injustificada,4,No
12200,2026-03-28,106,1,4,6,4,Enfermedad,8,Sí
12201,2026-03-30,106,1,4,6,4,Enfermedad,8,Sí
12202,2026-03-30,112,1,1,9,4,Enfermedad,8,Sí
12203,2026-03-02,121,1,3,20,4,Enfermedad,4,Sí
12204,2026-03-06,124,1,1,15,4,Permiso personal,8,Sí
12205,2026-03-28,128,1,2,2,4,Falta injustificada,8,No
12206,2026-03-10,132,1,1,5,4,Enfermedad,8,Sí
12207,2026-03-02,135,1,4,18,4,Falta injustificada,8,No
12208,2026-03-08,137,1,1,8,4,Enfermedad,4,Sí
12209,2026-03-28,137,1,1,8,4,Enfermedad,8,Sí
12210,2026-03-29,137,1,1,8,4,Permiso personal,8,Sí
12211,2026-03-19,140,1,1,22,4,Permiso personal,8,Sí
12212,2026-03-14,155,2,6,26,4,Enfermedad,8,Sí
12213,2026-03-15,155,2,6,26,4,Enfermedad,4,Sí
12214,2026-03-05,167,1,3,22,4,Permiso personal,8,Sí
12215,2026-03-17,168,1,3,6,4,Enfermedad,4,Sí
12216,2026-03-18,168,1,3,6,4,Permiso personal,4,Sí
12217,2026-03-08,169,1,1,7,4,Enfermedad,8,Sí
12218,2026-03-14,171,1,4,4,4,Enfermedad,8,Sí
12219,2026-03-27,171,1,4,4,4,Enfermedad,8,Sí
12220,2026-03-08,176,1,1,6,4,Enfermedad,4,Sí
12221,2026-03-14,176,1,1,6,4,Falta injustificada,4,No
12222,2026-03-11,180,1,3,6,4,Enfermedad,8,Sí
12223,2026-03-13,180,1,3,6,4,Falta injustificada,4,No
12224,2026-03-02,181,1,1,9,4,Enfermedad,8,Sí
12225,2026-03-12,181,1,1,9,4,Permiso personal,8,Sí
12226,2026-03-13,181,1,1,9,4,Enfermedad,8,Sí
12227,2026-03-29,184,1,1,11,4,Enfermedad,4,Sí
12228,2026-03-03,190,6,16,27,4,Enfermedad,4,Sí
12229,2026-03-22,191,1,3,7,4,Enfermedad,8,Sí
12230,2026-03-06,192,1,1,2,4,Enfermedad,8,Sí
12231,2026-03-07,193,1,4,21,4,Enfermedad,8,Sí
12232,2026-03-12,193,1,4,21,4,Permiso personal,8,Sí
12233,2026-03-05,199,6,15,27,4,Enfermedad,8,Sí
12234,2026-03-22,199,6,15,27,4,Permiso personal,8,Sí
12235,2026-03-09,205,1,1,12,4,Enfermedad,8,Sí
12236,2026-03-27,213,1,4,14,4,Enfermedad,8,Sí
12237,2026-03-04,214,1,4,4,4,Permiso personal,4,Sí
12238,2026-03-19,214,1,4,4,4,Permiso personal,8,Sí
12239,2026-03-28,222,1,2,4,4,Permiso personal,8,Sí
12240,2026-03-05,224,5,14,27,4,Enfermedad,8,Sí
12241,2026-03-17,239,1,3,8,4,Enfermedad,8,Sí
12242,2026-03-04,245,1,1,5,4,Enfermedad,8,Sí
12243,2026-03-20,248,1,4,2,4,Permiso personal,8,Sí
12244,2026-03-11,252,1,2,21,4,Enfermedad,8,Sí
12245,2026-03-29,256,1,4,21,4,Falta injustificada,8,No
12246,2026-03-16,259,1,3,8,4,Enfermedad,8,Sí
12247,2026-03-24,259,1,3,8,4,Enfermedad,8,Sí
12248,2026-03-21,263,1,3,12,4,Enfermedad,4,Sí
12249,2026-03-14,270,1,3,18,4,Enfermedad,8,Sí
12250,2026-03-19,270,1,3,18,4,Permiso personal,8,Sí
12251,2026-03-05,278,1,1,5,4,Enfermedad,8,Sí
12252,2026-03-13,278,1,1,5,4,Enfermedad,8,Sí
12253,2026-03-19,278,1,1,5,4,Enfermedad,8,Sí
12254,2026-03-20,289,1,3,1,4,Enfermedad,8,Sí
12255,2026-03-20,290,1,3,3,4,Enfermedad,8,Sí
12256,2026-03-28,290,1,3,3,4,Falta injustificada,8,No
12257,2026-03-06,291,1,2,2,4,Enfermedad,4,Sí
12258,2026-03-04,294,1,1,1,4,Permiso personal,8,Sí
12259,2026-03-24,295,1,5,18,4,Enfermedad,8,Sí
12260,2026-03-28,299,2,6,25,4,Enfermedad,4,Sí
12261,2026-03-20,300,5,13,27,4,Enfermedad,4,Sí
12262,2026-03-24,300,5,13,27,4,Permiso personal,8,Sí
12263,2026-03-09,303,1,1,24,4,Enfermedad,4,Sí
12264,2026-03-20,303,1,1,24,4,Permiso personal,8,Sí
12265,2026-03-23,303,1,1,24,4,Enfermedad,8,Sí
12266,2026-03-02,304,1,3,7,4,Enfermedad,8,Sí
12267,2026-03-16,304,1,3,7,4,Enfermedad,4,Sí
12268,2026-03-05,306,1,4,4,4,Permiso personal,8,Sí
12269,2026-03-06,306,1,4,4,4,Enfermedad,4,Sí
12270,2026-03-11,306,1,4,4,4,Enfermedad,8,Sí
12271,2026-03-17,306,1,4,4,4,Enfermedad,8,Sí
12272,2026-03-13,310,1,2,21,4,Enfermedad,8,Sí
12273,2026-03-31,310,1,2,21,4,Permiso personal,8,Sí
12274,2026-03-21,320,1,4,10,4,Enfermedad,4,Sí
12275,2026-03-24,320,1,4,10,4,Permiso personal,8,Sí
12276,2026-03-30,321,6,16,27,4,Enfermedad,8,Sí
12277,2026-03-09,322,6,16,27,4,Enfermedad,4,Sí
12278,2026-03-11,326,1,1,15,4,Permiso personal,8,Sí
12279,2026-03-15,340,5,13,27,4,Enfermedad,4,Sí
12280,2026-03-22,343,1,1,15,4,Permiso personal,4,Sí
12281,2026-03-05,350,1,5,23,4,Falta injustificada,8,No
12282,2026-03-22,350,1,5,23,4,Enfermedad,8,Sí
12283,2026-03-17,351,1,1,11,3,Enfermedad,8,Sí
12284,2026-03-15,353,1,2,9,2,Enfermedad,8,Sí
12285,2026-03-21,353,1,2,9,2,Permiso personal,8,Sí
12286,2026-03-30,353,1,2,9,2,Permiso personal,8,Sí
12287,2026-03-11,354,1,1,1,3,Enfermedad,4,Sí
12288,2026-03-13,355,1,5,2,3,Enfermedad,8,Sí
12289,2026-03-28,360,1,2,23,3,Permiso personal,8,Sí
12290,2026-03-05,361,1,1,4,3,Enfermedad,8,Sí
12291,2026-03-05,364,1,5,2,3,Enfermedad,8,Sí
12292,2026-03-11,369,1,5,3,2,Enfermedad,4,Sí
12293,2026-03-14,369,1,5,3,2,Permiso personal,8,Sí
12294,2026-03-24,371,1,5,8,2,Enfermedad,8,Sí
12295,2026-03-17,372,1,5,20,2,Permiso personal,8,Sí
12296,2026-03-18,372,1,5,20,2,Falta injustificada,8,No
12297,2026-03-27,375,1,3,16,1,Enfermedad,8,Sí
12298,2026-03-25,376,3,10,27,4,Permiso personal,8,Sí
12299,2026-03-30,378,1,1,17,4,Enfermedad,4,Sí
12300,2026-03-08,385,1,1,22,2,Enfermedad,8,Sí
12301,2026-03-26,389,1,3,6,3,Enfermedad,4,Sí
12302,2026-03-01,392,6,16,27,1,Enfermedad,8,Sí
12303,2026-03-18,393,1,4,4,3,Permiso personal,8,Sí
12304,2026-03-30,393,1,4,4,3,Enfermedad,4,Sí
12305,2026-03-03,394,1,3,4,3,Enfermedad,8,Sí
12306,2026-03-13,397,1,3,7,4,Enfermedad,8,Sí
12307,2026-03-21,397,1,3,7,4,Falta injustificada,8,No
12308,2026-03-26,397,1,3,7,4,Enfermedad,8,Sí
12309,2026-03-16,398,5,14,27,3,Enfermedad,8,Sí
12310,2026-03-30,400,1,1,1,3,Permiso personal,4,Sí
12311,2026-03-14,402,1,4,10,3,Enfermedad,8,Sí
12312,2026-03-21,404,1,5,10,3,Enfermedad,4,Sí
12313,2026-03-06,405,1,1,7,2,Enfermedad,8,Sí
12314,2026-03-20,410,1,1,21,3,Enfermedad,8,Sí
12315,2026-03-06,415,1,1,23,2,Enfermedad,8,Sí
12316,2026-03-27,417,1,1,19,3,Falta injustificada,8,No
12317,2026-03-29,417,1,1,19,3,Permiso personal,8,Sí
12318,2026-03-18,419,1,2,22,1,Enfermedad,4,Sí
12319,2026-03-25,420,1,5,17,2,Enfermedad,8,Sí
12320,2026-03-01,423,1,5,22,2,Enfermedad,8,Sí
12321,2026-03-09,427,1,2,16,2,Permiso personal,4,Sí
12322,2026-03-10,427,1,2,16,2,Permiso personal,8,Sí
12323,2026-03-29,427,1,2,16,2,Enfermedad,8,Sí
12324,2026-03-31,427,1,2,16,2,Falta injustificada,8,No
12325,2026-03-17,428,1,2,15,4,Permiso personal,4,Sí
12326,2026-03-28,428,1,2,15,4,Enfermedad,8,Sí
12327,2026-03-31,428,1,2,15,4,Permiso personal,8,Sí
12328,2026-03-20,432,6,15,27,2,Permiso personal,4,Sí
12329,2026-03-24,432,6,15,27,2,Permiso personal,8,Sí
12330,2026-03-11,438,2,6,25,3,Enfermedad,8,Sí
12331,2026-03-06,439,3,9,27,2,Enfermedad,8,Sí
12332,2026-03-21,439,3,9,27,2,Falta injustificada,8,No
12333,2026-03-25,439,3,9,27,2,Permiso personal,8,Sí
12334,2026-03-31,442,1,1,2,3,Enfermedad,4,Sí
12335,2026-03-13,443,1,2,23,1,Falta injustificada,4,No
12336,2026-03-28,443,1,2,23,1,Enfermedad,8,Sí
12337,2026-03-11,445,1,2,16,3,Enfermedad,8,Sí
12338,2026-03-20,446,1,4,2,3,Permiso personal,4,Sí
12339,2026-03-26,446,1,4,2,3,Enfermedad,4,Sí
12340,2026-03-22,449,1,3,24,3,Enfermedad,8,Sí
12341,2026-03-02,450,2,7,26,1,Falta injustificada,8,No
12342,2026-03-03,457,1,5,9,4,Enfermedad,8,Sí
12343,2026-03-12,461,1,3,17,3,Permiso personal,4,Sí
12344,2026-03-08,464,1,1,16,2,Enfermedad,4,Sí
12345,2026-03-15,465,1,5,19,2,Enfermedad,8,Sí
12346,2026-03-19,465,1,5,19,2,Enfermedad,8,Sí
12347,2026-03-23,468,2,6,26,3,Enfermedad,8,Sí
12348,2026-03-30,468,2,6,26,3,Enfermedad,8,Sí
12349,2026-03-23,470,1,2,11,1,Enfermedad,8,Sí
12350,2026-03-07,472,1,1,9,3,Falta injustificada,8,No
12351,2026-03-13,472,1,1,9,3,Permiso personal,4,Sí
12352,2026-03-25,474,1,5,5,2,Falta injustificada,4,No
12353,2026-03-08,477,5,13,27,2,Permiso personal,8,Sí
12354,2026-03-09,482,1,3,23,1,Permiso personal,4,Sí
12355,2026-03-06,485,1,5,5,1,Permiso personal,4,Sí
12356,2026-03-09,485,1,5,5,1,Enfermedad,4,Sí
12357,2026-03-29,486,1,4,18,3,Enfermedad,8,Sí
12358,2026-03-16,489,1,1,15,1,Enfermedad,8,Sí
12359,2026-03-25,489,1,1,15,1,Enfermedad,8,Sí
12360,2026-03-28,491,1,5,24,2,Enfermedad,8,Sí
12361,2026-03-30,491,1,5,24,2,Enfermedad,8,Sí
12362,2026-03-27,493,1,5,18,2,Enfermedad,8,Sí
12363,2026-03-09,496,1,5,5,3,Enfermedad,4,Sí
12364,2026-03-26,497,1,1,14,3,Enfermedad,8,Sí
12365,2026-03-10,498,1,1,18,3,Permiso personal,8,Sí
12366,2026-03-12,501,1,5,23,1,Enfermedad,8,Sí
12367,2026-03-10,503,1,3,16,3,Permiso personal,4,Sí
12368,2026-03-16,506,2,6,25,3,Permiso personal,8,Sí
12369,2026-03-04,508,1,4,14,3,Permiso personal,8,Sí
12370,2026-03-16,510,5,14,27,4,Enfermedad,8,Sí
12371,2026-03-08,514,1,1,17,2,Enfermedad,8,Sí
12372,2026-03-08,521,1,4,13,3,Enfermedad,8,Sí
12373,2026-03-27,522,1,1,7,3,Falta injustificada,8,No
12374,2026-03-12,523,1,1,9,4,Permiso personal,8,Sí
12375,2026-03-18,524,6,15,27,3,Permiso personal,8,Sí
12376,2026-03-30,524,6,15,27,3,Enfermedad,8,Sí
12377,2026-03-19,528,1,1,4,1,Enfermedad,8,Sí
12378,2026-03-24,532,1,5,11,3,Permiso personal,8,Sí
12379,2026-03-09,533,1,3,15,3,Enfermedad,4,Sí
12380,2026-03-27,534,1,2,22,3,Enfermedad,4,Sí
12381,2026-03-06,536,1,1,21,4,Enfermedad,4,Sí
12382,2026-03-26,536,1,1,21,4,Enfermedad,8,Sí
12383,2026-03-07,540,1,3,14,4,Enfermedad,8,Sí
12384,2026-03-17,540,1,3,14,4,Permiso personal,4,Sí
12385,2026-03-02,548,2,6,26,3,Enfermedad,8,Sí
12386,2026-03-24,548,2,6,26,3,Enfermedad,8,Sí
12387,2026-03-07,549,1,1,23,3,Permiso personal,8,Sí
12388,2026-03-04,550,1,2,7,2,Permiso personal,8,Sí
12389,2026-03-19,550,1,2,7,2,Enfermedad,4,Sí
12390,2026-03-22,550,1,2,7,2,Enfermedad,4,Sí
12391,2026-03-28,555,1,5,12,1,Permiso personal,8,Sí
12392,2026-03-14,557,1,3,18,3,Enfermedad,8,Sí
12393,2026-03-11,558,1,1,3,2,Enfermedad,8,Sí
12394,2026-03-28,558,1,1,3,2,Falta injustificada,4,No
12395,2026-03-21,561,1,1,15,3,Enfermedad,4,Sí
12396,2026-03-26,563,1,3,13,3,Enfermedad,8,Sí
12397,2026-03-15,564,2,6,26,3,Enfermedad,8,Sí
12398,2026-03-20,565,1,1,2,1,Enfermedad,8,Sí
12399,2026-03-17,569,3,10,27,3,Enfermedad,8,Sí
12400,2026-03-05,574,1,3,22,3,Enfermedad,8,Sí
12401,2026-03-03,576,1,1,11,3,Enfermedad,8,Sí
12402,2026-03-21,578,1,2,18,2,Enfermedad,8,Sí
12403,2026-03-13,579,1,1,2,4,Enfermedad,8,Sí
12404,2026-03-28,579,1,1,2,4,Enfermedad,4,Sí
12405,2026-03-31,579,1,1,2,4,Permiso personal,8,Sí
12406,2026-03-26,585,1,5,1,2,Enfermedad,8,Sí
12407,2026-03-17,586,1,1,23,3,Permiso personal,8,Sí
12408,2026-03-30,588,1,1,9,1,Permiso personal,8,Sí
12409,2026-03-23,589,1,1,4,3,Enfermedad,8,Sí
12410,2026-03-02,596,2,6,26,3,Permiso personal,4,Sí
12411,2026-03-09,596,2,6,26,3,Enfermedad,8,Sí
12412,2026-03-09,601,1,1,23,3,Enfermedad,8,Sí
12413,2026-03-07,603,1,1,11,3,Permiso personal,8,Sí
12414,2026-03-19,605,1,4,16,3,Enfermedad,4,Sí
12415,2026-03-11,606,1,1,6,3,Permiso personal,8,Sí
12416,2026-03-30,609,1,3,16,3,Enfermedad,8,Sí
12417,2026-03-24,610,1,5,19,3,Permiso personal,8,Sí
12418,2026-03-10,611,1,1,10,3,Enfermedad,4,Sí
12419,2026-03-30,617,1,1,24,3,Permiso personal,4,Sí
12420,2026-03-31,617,1,1,24,3,Enfermedad,8,Sí
12421,2026-03-13,619,1,1,7,3,Permiso personal,8,Sí
12422,2026-03-16,619,1,1,7,3,Falta injustificada,4,No
12423,2026-03-23,619,1,1,7,3,Enfermedad,4,Sí
12424,2026-03-10,624,1,3,4,3,Enfermedad,4,Sí
12425,2026-03-11,628,1,1,10,2,Enfermedad,8,Sí
12426,2026-03-13,628,1,1,10,2,Enfermedad,8,Sí
12427,2026-03-27,628,1,1,10,2,Enfermedad,8,Sí
12428,2026-03-25,631,1,2,8,3,Falta injustificada,8,No
12429,2026-03-28,634,1,2,1,1,Enfermedad,8,Sí
12430,2026-03-04,636,1,5,4,2,Enfermedad,8,Sí
12431,2026-03-31,636,1,5,4,2,Permiso personal,8,Sí
12432,2026-03-04,638,1,5,24,3,Permiso personal,8,Sí
12433,2026-03-15,638,1,5,24,3,Falta injustificada,8,No
12434,2026-03-31,638,1,5,24,3,Enfermedad,8,Sí
12435,2026-03-31,639,2,6,25,3,Enfermedad,4,Sí
12436,2026-03-25,642,2,6,25,2,Permiso personal,8,Sí
12437,2026-03-13,646,1,1,19,3,Enfermedad,8,Sí
12438,2026-03-12,648,1,5,12,3,Permiso personal,8,Sí
12439,2026-03-11,656,4,12,27,3,Permiso personal,8,Sí
12440,2026-03-12,656,4,12,27,3,Enfermedad,8,Sí
12441,2026-03-10,657,5,14,27,1,Enfermedad,8,Sí
12442,2026-03-06,662,1,4,11,2,Enfermedad,8,Sí
12443,2026-03-14,662,1,4,11,2,Permiso personal,8,Sí
12444,2026-03-12,671,1,1,9,2,Enfermedad,4,Sí
12445,2026-03-26,671,1,1,9,2,Enfermedad,8,Sí
12446,2026-03-02,672,1,1,19,2,Enfermedad,8,Sí
12447,2026-03-05,672,1,1,19,2,Enfermedad,8,Sí
12448,2026-03-04,673,1,5,20,3,Permiso personal,4,Sí
12449,2026-03-08,674,1,2,16,3,Enfermedad,8,Sí
12450,2026-03-11,678,1,2,2,3,Falta injustificada,8,No
12451,2026-03-10,680,1,1,16,2,Falta injustificada,8,No
12452,2026-03-27,692,2,6,25,2,Permiso personal,8,Sí
12453,2026-03-03,695,1,1,17,2,Enfermedad,8,Sí
12454,2026-03-22,695,1,1,17,2,Falta injustificada,8,No
12455,2026-03-23,695,1,1,17,2,Enfermedad,8,Sí
12456,2026-03-07,698,1,1,5,3,Enfermedad,8,Sí
12457,2026-03-25,698,1,1,5,3,Enfermedad,8,Sí
12458,2026-03-19,699,1,4,11,3,Enfermedad,8,Sí
12459,2026-03-07,701,1,4,7,3,Permiso personal,8,Sí
12460,2026-03-03,708,4,12,27,4,Enfermedad,8,Sí
12461,2026-03-17,708,4,12,27,4,Enfermedad,8,Sí
12462,2026-03-09,709,1,3,4,3,Permiso personal,8,Sí
12463,2026-03-16,709,1,3,4,3,Enfermedad,8,Sí
12464,2026-03-07,717,2,7,25,4,Permiso personal,4,Sí
12465,2026-03-27,725,1,4,18,3,Permiso personal,8,Sí
12466,2026-03-10,743,1,3,12,2,Enfermedad,8,Sí
12467,2026-03-22,743,1,3,12,2,Enfermedad,8,Sí
12468,2026-03-03,747,1,1,5,3,Enfermedad,4,Sí
12469,2026-03-05,749,1,1,8,3,Enfermedad,8,Sí
12470,2026-03-17,749,1,1,8,3,Enfermedad,8,Sí
12471,2026-03-04,750,1,2,17,3,Enfermedad,8,Sí
12472,2026-03-08,753,1,5,17,2,Permiso personal,8,Sí
12473,2026-03-26,756,1,3,22,3,Permiso personal,8,Sí
12474,2026-03-10,757,1,4,1,2,Enfermedad,8,Sí
12475,2026-03-08,760,1,5,1,3,Enfermedad,8,Sí
12476,2026-03-30,762,1,1,19,2,Enfermedad,4,Sí
12477,2026-03-25,764,2,6,25,2,Enfermedad,4,Sí
12478,2026-03-14,766,1,2,23,2,Enfermedad,8,Sí
12479,2026-03-15,767,2,6,25,3,Falta injustificada,4,No
12480,2026-03-16,769,1,4,23,1,Permiso personal,8,Sí
12481,2026-03-07,773,1,1,14,2,Falta injustificada,8,No
12482,2026-03-08,773,1,1,14,2,Enfermedad,4,Sí
12483,2026-03-13,776,6,15,27,2,Permiso personal,8,Sí
12484,2026-03-04,778,5,13,27,3,Enfermedad,4,Sí
12485,2026-03-14,778,5,13,27,3,Enfermedad,8,Sí
12486,2026-03-18,778,5,13,27,3,Enfermedad,4,Sí
12487,2026-03-02,780,1,1,8,3,Falta injustificada,8,No
12488,2026-03-13,780,1,1,8,3,Permiso personal,8,Sí
12489,2026-03-12,782,1,1,10,3,Enfermedad,8,Sí
12490,2026-03-21,782,1,1,10,3,Enfermedad,8,Sí
12491,2026-03-29,795,1,3,1,1,Permiso personal,4,Sí
12492,2026-03-16,800,1,3,17,2,Falta injustificada,4,No
12493,2026-03-25,803,1,2,8,3,Enfermedad,8,Sí
12494,2026-03-22,805,1,1,3,3,Enfermedad,8,Sí
12495,2026-03-03,807,5,13,27,3,Falta injustificada,8,No
12496,2026-03-25,811,1,1,13,1,Permiso personal,8,Sí
12497,2026-03-19,815,1,1,22,1,Enfermedad,8,Sí
12498,2026-03-12,816,4,12,27,3,Falta injustificada,8,No
12499,2026-03-17,817,1,1,22,1,Enfermedad,4,Sí
12500,2026-03-31,817,1,1,22,1,Enfermedad,8,Sí
12501,2026-03-23,822,1,1,18,3,Enfermedad,8,Sí
12502,2026-03-12,824,1,1,11,4,Enfermedad,8,Sí
12503,2026-03-04,827,4,11,27,3,Permiso personal,8,Sí
12504,2026-03-14,827,4,11,27,3,Permiso personal,8,Sí
12505,2026-03-18,827,4,11,27,3,Permiso personal,8,Sí
12506,2026-03-31,827,4,11,27,3,Enfermedad,4,Sí
12507,2026-03-25,838,1,1,6,4,Enfermedad,8,Sí
12508,2026-03-06,845,1,4,15,1,Permiso personal,4,Sí
12509,2026-03-01,848,1,1,12,3,Permiso personal,8,Sí
12510,2026-03-17,848,1,1,12,3,Enfermedad,4,Sí
12511,2026-03-14,849,1,5,2,3,Permiso personal,8,Sí
12512,2026-03-14,851,1,1,14,3,Permiso personal,8,Sí
12513,2026-03-06,857,2,8,26,2,Enfermedad,8,Sí
12514,2026-03-28,857,2,8,26,2,Permiso personal,8,Sí
12515,2026-03-01,858,1,4,14,3,Permiso personal,8,Sí
12516,2026-03-24,860,1,5,7,3,Permiso personal,4,Sí
12517,2026-03-02,862,1,2,4,3,Permiso personal,8,Sí
12518,2026-03-02,870,1,2,5,3,Falta injustificada,8,No
12519,2026-03-22,871,1,1,23,2,Falta injustificada,8,No
12520,2026-03-15,877,1,2,2,2,Permiso personal,8,Sí
12521,2026-03-23,877,1,2,2,2,Enfermedad,8,Sí
12522,2026-03-10,880,1,2,22,3,Falta injustificada,8,No
12523,2026-03-04,883,1,2,18,3,Enfermedad,8,Sí
12524,2026-03-10,883,1,2,18,3,Falta injustificada,8,No
12525,2026-03-14,886,5,13,27,3,Permiso personal,8,Sí
12526,2026-03-20,886,5,13,27,3,Enfermedad,8,Sí
12527,2026-03-05,888,1,2,12,1,Enfermedad,8,Sí
12528,2026-03-13,891,1,1,10,2,Enfermedad,8,Sí
12529,2026-03-22,891,1,1,10,2,Permiso personal,8,Sí
12530,2026-03-27,892,1,1,19,2,Falta injustificada,8,No
12531,2026-03-22,897,1,4,10,3,Permiso personal,8,Sí
12532,2026-03-08,898,1,1,7,3,Permiso personal,8,Sí
12533,2026-04-05,8,2,8,25,4,Permiso personal,8,Sí
12534,2026-04-22,8,2,8,25,4,Enfermedad,8,Sí
12535,2026-04-27,8,2,8,25,4,Permiso personal,8,Sí
12536,2026-04-22,12,1,5,10,4,Enfermedad,8,Sí
12537,2026-04-23,12,1,5,10,4,Permiso personal,8,Sí
12538,2026-04-14,13,1,5,8,4,Permiso personal,8,Sí
12539,2026-04-24,13,1,5,8,4,Enfermedad,4,Sí
12540,2026-04-29,14,1,4,19,4,Enfermedad,8,Sí
12541,2026-04-02,17,6,15,27,4,Enfermedad,8,Sí
12542,2026-04-25,17,6,15,27,4,Enfermedad,8,Sí
12543,2026-04-27,17,6,15,27,4,Permiso personal,8,Sí
12544,2026-04-15,20,1,2,24,4,Enfermedad,8,Sí
12545,2026-04-06,35,1,1,11,4,Enfermedad,8,Sí
12546,2026-04-19,49,1,3,19,4,Permiso personal,8,Sí
12547,2026-04-19,50,2,7,26,4,Enfermedad,8,Sí
12548,2026-04-21,51,1,2,11,4,Enfermedad,8,Sí
12549,2026-04-16,53,1,5,11,4,Enfermedad,8,Sí
12550,2026-04-11,54,1,4,19,4,Enfermedad,8,Sí
12551,2026-04-15,54,1,4,19,4,Enfermedad,4,Sí
12552,2026-04-21,56,1,3,17,4,Enfermedad,8,Sí
12553,2026-04-26,56,1,3,17,4,Enfermedad,8,Sí
12554,2026-04-26,58,1,3,10,4,Enfermedad,8,Sí
12555,2026-04-23,59,1,4,7,4,Permiso personal,8,Sí
12556,2026-04-19,65,1,3,20,4,Enfermedad,8,Sí
12557,2026-04-06,66,1,5,7,4,Enfermedad,4,Sí
12558,2026-04-17,66,1,5,7,4,Enfermedad,8,Sí
12559,2026-04-18,66,1,5,7,4,Permiso personal,8,Sí
12560,2026-04-20,66,1,5,7,4,Enfermedad,4,Sí
12561,2026-04-17,68,1,2,7,4,Enfermedad,8,Sí
12562,2026-04-18,68,1,2,7,4,Enfermedad,8,Sí
12563,2026-04-05,70,2,6,26,4,Permiso personal,8,Sí
12564,2026-04-13,72,1,1,21,4,Enfermedad,8,Sí
12565,2026-04-12,77,2,6,25,4,Falta injustificada,8,No
12566,2026-04-16,80,1,3,12,4,Enfermedad,4,Sí
12567,2026-04-06,84,1,3,9,4,Enfermedad,8,Sí
12568,2026-04-01,89,1,4,19,4,Permiso personal,8,Sí
12569,2026-04-12,93,1,4,14,4,Permiso personal,8,Sí
12570,2026-04-01,97,1,3,3,4,Falta injustificada,8,No
12571,2026-04-12,98,1,3,18,4,Enfermedad,4,Sí
12572,2026-04-19,100,1,4,23,4,Permiso personal,8,Sí
12573,2026-04-20,100,1,4,23,4,Enfermedad,8,Sí
12574,2026-04-30,102,1,1,14,4,Enfermedad,8,Sí
12575,2026-04-30,108,1,2,17,4,Permiso personal,8,Sí
12576,2026-04-16,112,1,1,9,4,Permiso personal,4,Sí
12577,2026-04-05,137,1,1,8,4,Permiso personal,8,Sí
12578,2026-04-09,139,1,5,11,4,Enfermedad,8,Sí
12579,2026-04-14,139,1,5,11,4,Enfermedad,8,Sí
12580,2026-04-20,140,1,1,22,4,Permiso personal,8,Sí
12581,2026-04-30,140,1,1,22,4,Falta injustificada,8,No
12582,2026-04-14,145,1,2,1,4,Enfermedad,8,Sí
12583,2026-04-10,152,1,1,20,4,Enfermedad,8,Sí
12584,2026-04-25,155,2,6,26,4,Enfermedad,8,Sí
12585,2026-04-14,163,1,5,22,4,Enfermedad,8,Sí
12586,2026-04-18,163,1,5,22,4,Enfermedad,4,Sí
12587,2026-04-11,165,1,2,3,4,Permiso personal,8,Sí
12588,2026-04-09,167,1,3,22,4,Enfermedad,8,Sí
12589,2026-04-16,167,1,3,22,4,Permiso personal,8,Sí
12590,2026-04-25,176,1,1,6,4,Permiso personal,8,Sí
12591,2026-04-09,180,1,3,6,4,Permiso personal,8,Sí
12592,2026-04-01,181,1,1,9,4,Falta injustificada,8,No
12593,2026-04-21,181,1,1,9,4,Enfermedad,8,Sí
12594,2026-04-24,187,1,3,20,4,Falta injustificada,8,No
12595,2026-04-13,188,1,4,1,4,Permiso personal,8,Sí
12596,2026-04-19,190,6,16,27,4,Permiso personal,4,Sí
12597,2026-04-07,203,4,12,27,4,Enfermedad,8,Sí
12598,2026-04-12,205,1,1,12,4,Enfermedad,8,Sí
12599,2026-04-15,207,1,1,3,4,Enfermedad,4,Sí
12600,2026-04-30,207,1,1,3,4,Enfermedad,4,Sí
12601,2026-04-09,208,2,6,25,4,Falta injustificada,8,No
12602,2026-04-25,213,1,4,14,4,Enfermedad,8,Sí
12603,2026-04-01,222,1,2,4,4,Enfermedad,8,Sí
12604,2026-04-01,224,5,14,27,4,Enfermedad,8,Sí
12605,2026-04-08,230,1,3,17,4,Enfermedad,8,Sí
12606,2026-04-17,236,1,1,2,4,Enfermedad,8,Sí
12607,2026-04-26,239,1,3,8,4,Enfermedad,4,Sí
12608,2026-04-16,241,1,1,14,4,Permiso personal,8,Sí
12609,2026-04-10,242,1,1,2,4,Enfermedad,8,Sí
12610,2026-04-04,243,1,5,12,4,Permiso personal,4,Sí
12611,2026-04-17,243,1,5,12,4,Permiso personal,8,Sí
12612,2026-04-19,245,1,1,5,4,Enfermedad,8,Sí
12613,2026-04-13,247,1,5,17,4,Permiso personal,8,Sí
12614,2026-04-19,247,1,5,17,4,Enfermedad,8,Sí
12615,2026-04-02,252,1,2,21,4,Permiso personal,8,Sí
12616,2026-04-29,259,1,3,8,4,Permiso personal,8,Sí
12617,2026-04-17,263,1,3,12,4,Enfermedad,8,Sí
12618,2026-04-22,270,1,3,18,4,Permiso personal,8,Sí
12619,2026-04-23,270,1,3,18,4,Enfermedad,8,Sí
12620,2026-04-12,280,1,4,13,4,Permiso personal,8,Sí
12621,2026-04-23,280,1,4,13,4,Permiso personal,8,Sí
12622,2026-04-01,285,5,14,27,4,Enfermedad,8,Sí
12623,2026-04-17,285,5,14,27,4,Enfermedad,8,Sí
12624,2026-04-24,285,5,14,27,4,Enfermedad,8,Sí
12625,2026-04-04,289,1,3,1,4,Falta injustificada,8,No
12626,2026-04-24,289,1,3,1,4,Enfermedad,4,Sí
12627,2026-04-08,291,1,2,2,4,Permiso personal,8,Sí
12628,2026-04-19,291,1,2,2,4,Permiso personal,8,Sí
12629,2026-04-29,294,1,1,1,4,Enfermedad,8,Sí
12630,2026-04-01,295,1,5,18,4,Enfermedad,8,Sí
12631,2026-04-12,295,1,5,18,4,Enfermedad,8,Sí
12632,2026-04-08,299,2,6,25,4,Enfermedad,8,Sí
12633,2026-04-09,299,2,6,25,4,Enfermedad,8,Sí
12634,2026-04-07,300,5,13,27,4,Enfermedad,8,Sí
12635,2026-04-30,300,5,13,27,4,Permiso personal,8,Sí
12636,2026-04-08,307,1,5,2,4,Permiso personal,8,Sí
12637,2026-04-14,307,1,5,2,4,Enfermedad,8,Sí
12638,2026-04-08,326,1,1,15,4,Enfermedad,4,Sí
12639,2026-04-22,326,1,1,15,4,Enfermedad,8,Sí
12640,2026-04-08,327,3,9,27,4,Enfermedad,8,Sí
12641,2026-04-24,335,1,5,23,4,Falta injustificada,8,No
12642,2026-04-10,340,5,13,27,4,Enfermedad,8,Sí
12643,2026-04-11,340,5,13,27,4,Enfermedad,8,Sí
12644,2026-04-07,343,1,1,15,4,Enfermedad,4,Sí
12645,2026-04-20,349,6,15,27,4,Permiso personal,8,Sí
12646,2026-04-13,350,1,5,23,4,Enfermedad,4,Sí
12647,2026-04-01,351,1,1,11,3,Enfermedad,4,Sí
12648,2026-04-29,351,1,1,11,3,Permiso personal,8,Sí
12649,2026-04-11,354,1,1,1,3,Permiso personal,4,Sí
12650,2026-04-29,354,1,1,1,3,Permiso personal,8,Sí
12651,2026-04-21,355,1,5,2,3,Permiso personal,4,Sí
12652,2026-04-08,357,1,5,8,3,Permiso personal,8,Sí
12653,2026-04-14,359,1,3,11,1,Enfermedad,8,Sí
12654,2026-04-02,360,1,2,23,4,Enfermedad,4,Sí
12655,2026-04-10,369,1,5,3,2,Permiso personal,8,Sí
12656,2026-04-29,370,2,6,26,3,Enfermedad,8,Sí
12657,2026-04-21,371,1,5,8,2,Permiso personal,4,Sí
12658,2026-04-16,375,1,3,16,1,Enfermedad,4,Sí
12659,2026-04-16,376,3,10,27,4,Enfermedad,8,Sí
12660,2026-04-16,383,1,1,9,1,Permiso personal,4,Sí
12661,2026-04-07,384,2,6,25,3,Permiso personal,8,Sí
12662,2026-04-27,386,1,1,5,1,Enfermedad,4,Sí
12663,2026-04-19,388,1,2,17,1,Permiso personal,8,Sí
12664,2026-04-02,389,1,3,6,3,Falta injustificada,4,No
12665,2026-04-22,391,2,7,26,2,Enfermedad,4,Sí
12666,2026-04-06,394,1,3,4,3,Enfermedad,8,Sí
12667,2026-04-24,394,1,3,4,3,Enfermedad,8,Sí
12668,2026-04-13,395,1,3,2,2,Permiso personal,8,Sí
12669,2026-04-07,397,1,3,7,4,Permiso personal,4,Sí
12670,2026-04-18,397,1,3,7,4,Enfermedad,8,Sí
12671,2026-04-24,398,5,14,27,3,Enfermedad,8,Sí
12672,2026-04-12,406,1,3,4,3,Permiso personal,8,Sí
12673,2026-04-05,408,1,2,13,3,Enfermedad,8,Sí
12674,2026-04-01,410,1,1,21,3,Falta injustificada,8,No
12675,2026-04-06,423,1,5,22,2,Enfermedad,8,Sí
12676,2026-04-08,425,1,1,7,3,Permiso personal,8,Sí
12677,2026-04-14,428,1,2,15,4,Enfermedad,8,Sí
12678,2026-04-18,428,1,2,15,4,Enfermedad,8,Sí
12679,2026-04-12,435,1,4,7,3,Falta injustificada,8,No
12680,2026-04-18,438,2,6,25,3,Enfermedad,8,Sí
12681,2026-04-25,443,1,2,23,1,Enfermedad,8,Sí
12682,2026-04-01,445,1,2,16,3,Permiso personal,4,Sí
12683,2026-04-11,445,1,2,16,3,Permiso personal,8,Sí
12684,2026-04-12,445,1,2,16,3,Enfermedad,8,Sí
12685,2026-04-04,446,1,4,2,3,Enfermedad,8,Sí
12686,2026-04-13,447,2,7,26,3,Enfermedad,8,Sí
12687,2026-04-19,449,1,3,24,3,Enfermedad,8,Sí
12688,2026-04-17,450,2,7,26,1,Permiso personal,8,Sí
12689,2026-04-26,452,1,3,21,3,Enfermedad,8,Sí
12690,2026-04-30,452,1,3,21,3,Permiso personal,8,Sí
12691,2026-04-03,457,1,5,9,4,Enfermedad,4,Sí
12692,2026-04-17,457,1,5,9,4,Falta injustificada,8,No
12693,2026-04-26,458,1,1,19,2,Enfermedad,8,Sí
12694,2026-04-22,459,4,11,27,2,Enfermedad,8,Sí
12695,2026-04-07,462,3,10,27,3,Permiso personal,4,Sí
12696,2026-04-20,465,1,5,19,2,Enfermedad,8,Sí
12697,2026-04-04,472,1,1,9,3,Enfermedad,8,Sí
12698,2026-04-01,473,1,1,5,2,Enfermedad,8,Sí
12699,2026-04-17,473,1,1,5,2,Enfermedad,8,Sí
12700,2026-04-29,474,1,5,5,2,Permiso personal,8,Sí
12701,2026-04-17,475,3,9,27,3,Enfermedad,4,Sí
12702,2026-04-28,475,3,9,27,3,Falta injustificada,8,No
12703,2026-04-15,483,1,2,3,2,Enfermedad,8,Sí
12704,2026-04-23,483,1,2,3,2,Enfermedad,4,Sí
12705,2026-04-07,485,1,5,5,1,Enfermedad,8,Sí
12706,2026-04-15,489,1,1,15,2,Permiso personal,8,Sí
12707,2026-04-29,491,1,5,24,2,Enfermedad,8,Sí
12708,2026-04-29,497,1,1,14,3,Permiso personal,8,Sí
12709,2026-04-10,501,1,5,23,2,Enfermedad,4,Sí
12710,2026-04-18,501,1,5,23,2,Enfermedad,8,Sí
12711,2026-04-22,503,1,3,16,3,Enfermedad,8,Sí
12712,2026-04-01,505,3,9,27,2,Enfermedad,4,Sí
12713,2026-04-19,506,2,6,25,3,Falta injustificada,4,No
12714,2026-04-18,508,1,4,14,3,Falta injustificada,8,No
12715,2026-04-23,510,5,14,27,4,Permiso personal,8,Sí
12716,2026-04-11,513,1,1,23,3,Enfermedad,8,Sí
12717,2026-04-22,518,5,14,27,3,Enfermedad,8,Sí
12718,2026-04-03,522,1,1,7,3,Enfermedad,8,Sí
12719,2026-04-23,524,6,15,27,3,Enfermedad,8,Sí
12720,2026-04-12,526,1,2,23,2,Enfermedad,8,Sí
12721,2026-04-28,526,1,2,23,2,Enfermedad,8,Sí
12722,2026-04-02,528,1,1,4,1,Enfermedad,8,Sí
12723,2026-04-19,528,1,1,4,1,Enfermedad,4,Sí
12724,2026-04-23,529,1,3,24,3,Enfermedad,8,Sí
12725,2026-04-07,533,1,3,15,3,Enfermedad,8,Sí
12726,2026-04-14,533,1,3,15,3,Enfermedad,4,Sí
12727,2026-04-18,533,1,3,15,3,Enfermedad,4,Sí
12728,2026-04-19,533,1,3,15,3,Permiso personal,4,Sí
12729,2026-04-27,534,1,2,22,3,Enfermedad,4,Sí
12730,2026-04-18,537,2,8,25,3,Enfermedad,4,Sí
12731,2026-04-20,540,1,3,14,4,Enfermedad,8,Sí
12732,2026-04-04,544,2,6,26,3,Enfermedad,8,Sí
12733,2026-04-09,550,1,2,7,2,Enfermedad,8,Sí
12734,2026-04-14,552,2,8,25,2,Enfermedad,8,Sí
12735,2026-04-06,553,1,4,3,3,Enfermedad,8,Sí
12736,2026-04-09,553,1,4,3,3,Enfermedad,8,Sí
12737,2026-04-29,554,1,4,24,1,Enfermedad,4,Sí
12738,2026-04-10,555,1,5,12,2,Enfermedad,4,Sí
12739,2026-04-10,556,1,1,7,3,Enfermedad,8,Sí
12740,2026-04-18,556,1,1,7,3,Enfermedad,8,Sí
12741,2026-04-22,561,1,1,15,3,Enfermedad,8,Sí
12742,2026-04-25,564,2,6,26,3,Permiso personal,4,Sí
12743,2026-04-30,564,2,6,26,3,Enfermedad,8,Sí
12744,2026-04-09,565,1,1,2,1,Enfermedad,8,Sí
12745,2026-04-01,566,6,15,27,4,Enfermedad,8,Sí
12746,2026-04-15,566,6,15,27,4,Enfermedad,8,Sí
12747,2026-04-22,573,1,3,15,3,Enfermedad,8,Sí
12748,2026-04-23,574,1,3,22,3,Permiso personal,4,Sí
12749,2026-04-19,576,1,1,11,3,Permiso personal,8,Sí
12750,2026-04-07,579,1,1,2,4,Permiso personal,8,Sí
12751,2026-04-07,583,1,3,12,3,Enfermedad,4,Sí
12752,2026-04-18,585,1,5,1,2,Enfermedad,8,Sí
12753,2026-04-29,587,1,1,6,2,Enfermedad,4,Sí
12754,2026-04-11,589,1,1,4,3,Enfermedad,8,Sí
12755,2026-04-04,591,2,6,26,1,Enfermedad,8,Sí
12756,2026-04-21,595,2,6,25,3,Enfermedad,4,Sí
12757,2026-04-15,599,2,6,26,2,Falta injustificada,4,No
12758,2026-04-23,601,1,1,23,3,Enfermedad,8,Sí
12759,2026-04-18,605,1,4,16,3,Permiso personal,8,Sí
12760,2026-04-30,605,1,4,16,3,Permiso personal,8,Sí
12761,2026-04-17,606,1,1,6,3,Enfermedad,4,Sí
12762,2026-04-01,609,1,3,16,3,Permiso personal,8,Sí
12763,2026-04-09,609,1,3,16,3,Enfermedad,8,Sí
12764,2026-04-16,609,1,3,16,3,Enfermedad,8,Sí
12765,2026-04-05,612,1,1,18,3,Enfermedad,4,Sí
12766,2026-04-06,616,1,4,23,3,Enfermedad,4,Sí
12767,2026-04-14,616,1,4,23,3,Falta injustificada,8,No
12768,2026-04-26,617,1,1,24,3,Falta injustificada,4,No
12769,2026-04-29,620,1,2,23,1,Falta injustificada,8,No
12770,2026-04-12,624,1,3,4,3,Enfermedad,8,Sí
12771,2026-04-22,624,1,3,4,3,Enfermedad,8,Sí
12772,2026-04-05,626,2,6,25,4,Enfermedad,4,Sí
12773,2026-04-16,626,2,6,25,4,Enfermedad,8,Sí
12774,2026-04-22,628,1,1,10,3,Enfermedad,8,Sí
12775,2026-04-08,629,1,5,23,2,Permiso personal,8,Sí
12776,2026-04-21,629,1,5,23,2,Permiso personal,8,Sí
12777,2026-04-05,630,1,1,20,3,Enfermedad,8,Sí
12778,2026-04-29,630,1,1,20,3,Enfermedad,8,Sí
12779,2026-04-20,631,1,2,8,3,Enfermedad,4,Sí
12780,2026-04-05,634,1,2,1,1,Permiso personal,4,Sí
12781,2026-04-16,634,1,2,1,1,Enfermedad,8,Sí
12782,2026-04-14,636,1,5,4,3,Falta injustificada,8,No
12783,2026-04-27,637,1,1,22,3,Permiso personal,8,Sí
12784,2026-04-26,638,1,5,24,3,Enfermedad,4,Sí
12785,2026-04-05,640,1,1,3,3,Permiso personal,4,Sí
12786,2026-04-20,646,1,1,19,3,Permiso personal,4,Sí
12787,2026-04-07,650,1,3,9,3,Falta injustificada,4,No
12788,2026-04-29,651,1,4,10,3,Enfermedad,8,Sí
12789,2026-04-20,652,1,1,10,3,Enfermedad,8,Sí
12790,2026-04-21,656,4,12,27,3,Enfermedad,8,Sí
12791,2026-04-21,659,1,1,23,1,Permiso personal,8,Sí
12792,2026-04-03,662,1,4,11,2,Enfermedad,8,Sí
12793,2026-04-09,662,1,4,11,2,Enfermedad,8,Sí
12794,2026-04-22,662,1,4,11,2,Enfermedad,8,Sí
12795,2026-04-23,662,1,4,11,2,Permiso personal,8,Sí
12796,2026-04-04,667,2,6,25,3,Enfermedad,8,Sí
12797,2026-04-24,667,2,6,25,3,Enfermedad,8,Sí
12798,2026-04-17,674,1,2,16,3,Permiso personal,8,Sí
12799,2026-04-06,679,1,1,24,2,Permiso personal,8,Sí
12800,2026-04-09,679,1,1,24,2,Enfermedad,8,Sí
12801,2026-04-13,680,1,1,16,2,Enfermedad,4,Sí
12802,2026-04-23,692,2,6,25,2,Enfermedad,8,Sí
12803,2026-04-28,699,1,4,11,3,Enfermedad,8,Sí
12804,2026-04-07,701,1,4,7,3,Enfermedad,4,Sí
12805,2026-04-24,705,1,1,2,2,Permiso personal,8,Sí
12806,2026-04-08,708,4,12,27,4,Enfermedad,8,Sí
12807,2026-04-04,709,1,3,4,3,Permiso personal,8,Sí
12808,2026-04-10,709,1,3,4,3,Enfermedad,8,Sí
12809,2026-04-24,711,4,12,27,3,Enfermedad,8,Sí
12810,2026-04-16,718,1,2,17,2,Falta injustificada,8,No
12811,2026-04-17,718,1,2,17,2,Enfermedad,4,Sí
12812,2026-04-03,719,1,5,2,1,Falta injustificada,4,No
12813,2026-04-09,719,1,5,2,1,Permiso personal,8,Sí
12814,2026-04-08,722,1,3,17,2,Enfermedad,8,Sí
12815,2026-04-29,722,1,3,17,2,Enfermedad,8,Sí
12816,2026-04-26,724,1,1,7,1,Enfermedad,8,Sí
12817,2026-04-02,726,1,1,15,2,Falta injustificada,8,No
12818,2026-04-11,726,1,1,15,2,Enfermedad,8,Sí
12819,2026-04-28,733,1,3,20,4,Enfermedad,8,Sí
12820,2026-04-29,735,4,12,27,3,Enfermedad,8,Sí
12821,2026-04-02,746,1,5,18,2,Enfermedad,8,Sí
12822,2026-04-01,753,1,5,17,2,Permiso personal,8,Sí
12823,2026-04-12,753,1,5,17,2,Enfermedad,8,Sí
12824,2026-04-06,756,1,3,22,3,Enfermedad,8,Sí
12825,2026-04-23,756,1,3,22,3,Falta injustificada,8,No
12826,2026-04-17,766,1,2,23,2,Falta injustificada,8,No
12827,2026-04-26,767,2,6,25,3,Permiso personal,8,Sí
12828,2026-04-13,769,1,4,23,1,Enfermedad,4,Sí
12829,2026-04-16,770,1,1,14,1,Enfermedad,4,Sí
12830,2026-04-20,771,1,1,7,3,Permiso personal,8,Sí
12831,2026-04-27,771,1,1,7,3,Enfermedad,4,Sí
12832,2026-04-09,776,6,15,27,2,Enfermedad,8,Sí
12833,2026-04-02,791,2,7,26,1,Permiso personal,8,Sí
12834,2026-04-23,794,1,4,18,1,Falta injustificada,8,No
12835,2026-04-02,795,1,3,1,2,Permiso personal,4,Sí
12836,2026-04-24,795,1,3,1,2,Permiso personal,8,Sí
12837,2026-04-14,803,1,2,8,3,Falta injustificada,8,No
12838,2026-04-07,805,1,1,3,3,Enfermedad,8,Sí
12839,2026-04-29,805,1,1,3,3,Enfermedad,8,Sí
12840,2026-04-13,807,5,13,27,3,Enfermedad,8,Sí
12841,2026-04-17,807,5,13,27,3,Enfermedad,8,Sí
12842,2026-04-24,807,5,13,27,3,Enfermedad,8,Sí
12843,2026-04-26,808,1,1,5,2,Enfermedad,8,Sí
12844,2026-04-27,808,1,1,5,2,Enfermedad,8,Sí
12845,2026-04-07,811,1,1,13,1,Permiso personal,8,Sí
12846,2026-04-19,812,1,4,4,4,Enfermedad,8,Sí
12847,2026-04-22,817,1,1,22,2,Enfermedad,8,Sí
12848,2026-04-16,824,1,1,11,4,Enfermedad,4,Sí
12849,2026-04-17,824,1,1,11,4,Permiso personal,8,Sí
12850,2026-04-10,829,1,1,17,3,Enfermedad,8,Sí
12851,2026-04-02,831,1,1,22,1,Permiso personal,8,Sí
12852,2026-04-03,831,1,1,22,1,Falta injustificada,4,No
12853,2026-04-12,833,1,5,13,3,Permiso personal,8,Sí
12854,2026-04-02,845,1,4,15,1,Enfermedad,8,Sí
12855,2026-04-28,845,1,4,15,1,Enfermedad,8,Sí
12856,2026-04-21,847,1,4,10,2,Enfermedad,8,Sí
12857,2026-04-14,848,1,1,12,3,Permiso personal,8,Sí
12858,2026-04-18,848,1,1,12,3,Permiso personal,8,Sí
12859,2026-04-27,848,1,1,12,3,Enfermedad,8,Sí
12860,2026-04-04,849,1,5,2,3,Permiso personal,8,Sí
12861,2026-04-06,849,1,5,2,3,Enfermedad,8,Sí
12862,2026-04-17,849,1,5,2,3,Enfermedad,8,Sí
12863,2026-04-03,850,1,3,22,3,Enfermedad,4,Sí
12864,2026-04-06,857,2,8,26,3,Permiso personal,4,Sí
12865,2026-04-19,857,2,8,26,3,Enfermedad,8,Sí
12866,2026-04-15,860,1,5,7,3,Enfermedad,8,Sí
12867,2026-04-26,863,1,2,22,2,Falta injustificada,8,No
12868,2026-04-01,874,1,3,11,3,Enfermedad,8,Sí
12869,2026-04-18,880,1,2,22,3,Enfermedad,4,Sí
12870,2026-04-23,880,1,2,22,3,Enfermedad,8,Sí
12871,2026-04-13,884,1,5,24,3,Permiso personal,8,Sí
12872,2026-04-10,887,1,2,10,3,Enfermedad,8,Sí
12873,2026-04-16,888,1,2,12,1,Permiso personal,8,Sí
12874,2026-04-05,891,1,1,10,2,Falta injustificada,8,No
12875,2026-04-03,892,1,1,19,2,Permiso personal,8,Sí
12876,2026-04-25,892,1,1,19,2,Permiso personal,8,Sí
12877,2026-04-12,893,4,11,27,2,Permiso personal,8,Sí
12878,2026-04-05,897,1,4,10,3,Enfermedad,8,Sí
12879,2026-05-23,2,2,7,25,4,Permiso personal,8,Sí
12880,2026-05-15,3,1,4,11,4,Enfermedad,8,Sí
12881,2026-05-25,3,1,4,11,4,Permiso personal,8,Sí
12882,2026-05-31,3,1,4,11,4,Permiso personal,4,Sí
12883,2026-05-27,6,1,5,7,4,Enfermedad,8,Sí
12884,2026-05-11,9,1,1,11,4,Enfermedad,8,Sí
12885,2026-05-05,12,1,5,10,4,Permiso personal,8,Sí
12886,2026-05-06,12,1,5,10,4,Enfermedad,4,Sí
12887,2026-05-13,12,1,5,10,4,Falta injustificada,4,No
12888,2026-05-11,13,1,5,8,4,Enfermedad,8,Sí
12889,2026-05-06,20,1,2,24,4,Enfermedad,4,Sí
12890,2026-05-11,20,1,2,24,4,Falta injustificada,8,No
12891,2026-05-07,21,1,3,21,4,Enfermedad,8,Sí
12892,2026-05-05,22,1,5,18,4,Enfermedad,8,Sí
12893,2026-05-30,25,1,3,11,4,Enfermedad,8,Sí
12894,2026-05-10,35,1,1,11,4,Enfermedad,8,Sí
12895,2026-05-09,38,1,3,22,4,Permiso personal,8,Sí
12896,2026-05-24,38,1,3,22,4,Enfermedad,8,Sí
12897,2026-05-06,41,1,2,17,4,Enfermedad,8,Sí
12898,2026-05-14,49,1,3,19,4,Permiso personal,4,Sí
12899,2026-05-25,51,1,2,11,4,Enfermedad,8,Sí
12900,2026-05-24,53,1,5,11,4,Enfermedad,8,Sí
12901,2026-05-31,53,1,5,11,4,Enfermedad,4,Sí
12902,2026-05-16,54,1,4,19,4,Enfermedad,4,Sí
12903,2026-05-21,54,1,4,19,4,Enfermedad,8,Sí
12904,2026-05-06,56,1,3,17,4,Enfermedad,8,Sí
12905,2026-05-17,58,1,3,10,4,Enfermedad,4,Sí
12906,2026-05-18,59,1,4,7,4,Enfermedad,8,Sí
12907,2026-05-26,68,1,2,7,4,Permiso personal,8,Sí
12908,2026-05-13,70,2,6,26,4,Enfermedad,8,Sí
12909,2026-05-27,70,2,6,26,4,Enfermedad,8,Sí
12910,2026-05-13,75,1,5,18,4,Enfermedad,4,Sí
12911,2026-05-16,75,1,5,18,4,Falta injustificada,8,No
12912,2026-05-21,75,1,5,18,4,Enfermedad,8,Sí
12913,2026-05-19,78,3,9,27,4,Enfermedad,8,Sí
12914,2026-05-26,78,3,9,27,4,Permiso personal,4,Sí
12915,2026-05-11,80,1,3,12,4,Enfermedad,4,Sí
12916,2026-05-14,80,1,3,12,4,Enfermedad,8,Sí
12917,2026-05-18,80,1,3,12,4,Falta injustificada,4,No
12918,2026-05-04,83,1,1,21,4,Enfermedad,8,Sí
12919,2026-05-31,88,1,3,19,4,Enfermedad,4,Sí
12920,2026-05-25,90,2,6,26,4,Falta injustificada,8,No
12921,2026-05-06,96,1,1,12,4,Permiso personal,8,Sí
12922,2026-05-22,96,1,1,12,4,Enfermedad,4,Sí
12923,2026-05-06,97,1,3,3,4,Permiso personal,8,Sí
12924,2026-05-11,98,1,3,18,4,Permiso personal,8,Sí
12925,2026-05-10,100,1,4,23,4,Enfermedad,8,Sí
12926,2026-05-01,102,1,1,14,4,Enfermedad,4,Sí
12927,2026-05-01,108,1,2,17,4,Enfermedad,8,Sí
12928,2026-05-07,119,1,5,4,4,Permiso personal,8,Sí
12929,2026-05-24,119,1,5,4,4,Enfermedad,8,Sí
12930,2026-05-04,121,1,3,20,4,Permiso personal,8,Sí
12931,2026-05-18,121,1,3,20,4,Enfermedad,4,Sí
12932,2026-05-15,122,1,2,21,4,Permiso personal,8,Sí
12933,2026-05-21,129,1,1,21,4,Enfermedad,8,Sí
12934,2026-05-26,132,1,1,5,4,Enfermedad,8,Sí
12935,2026-05-29,137,1,1,8,4,Enfermedad,4,Sí
12936,2026-05-30,137,1,1,8,4,Permiso personal,4,Sí
12937,2026-05-08,138,1,4,7,4,Falta injustificada,8,No
12938,2026-05-21,138,1,4,7,4,Enfermedad,8,Sí
12939,2026-05-08,139,1,5,11,4,Enfermedad,8,Sí
12940,2026-05-19,139,1,5,11,4,Falta injustificada,4,No
12941,2026-05-14,140,1,1,22,4,Permiso personal,8,Sí
12942,2026-05-27,140,1,1,22,4,Falta injustificada,4,No
12943,2026-05-13,155,2,6,26,4,Enfermedad,4,Sí
12944,2026-05-11,160,1,3,19,4,Permiso personal,8,Sí
12945,2026-05-03,161,1,3,22,4,Permiso personal,8,Sí
12946,2026-05-27,161,1,3,22,4,Enfermedad,8,Sí
12947,2026-05-29,165,1,2,3,4,Enfermedad,8,Sí
12948,2026-05-04,167,1,3,22,4,Enfermedad,8,Sí
12949,2026-05-04,169,1,1,7,4,Enfermedad,8,Sí
12950,2026-05-02,171,1,4,4,4,Enfermedad,8,Sí
12951,2026-05-13,180,1,3,6,4,Enfermedad,8,Sí
12952,2026-05-20,180,1,3,6,4,Falta injustificada,8,No
12953,2026-05-19,187,1,3,20,4,Enfermedad,8,Sí
12954,2026-05-25,190,6,16,27,4,Permiso personal,8,Sí
12955,2026-05-07,192,1,1,2,4,Enfermedad,4,Sí
12956,2026-05-18,192,1,1,2,4,Enfermedad,4,Sí
12957,2026-05-19,195,1,2,14,4,Enfermedad,8,Sí
12958,2026-05-29,199,6,15,27,4,Permiso personal,8,Sí
12959,2026-05-01,207,1,1,3,4,Permiso personal,8,Sí
12960,2026-05-21,213,1,4,14,4,Enfermedad,8,Sí
12961,2026-05-23,213,1,4,14,4,Enfermedad,8,Sí
12962,2026-05-25,216,1,4,20,4,Enfermedad,8,Sí
12963,2026-05-16,222,1,2,4,4,Permiso personal,8,Sí
12964,2026-05-19,222,1,2,4,4,Permiso personal,8,Sí
12965,2026-05-18,230,1,3,17,4,Permiso personal,8,Sí
12966,2026-05-21,235,1,3,17,4,Permiso personal,8,Sí
12967,2026-05-23,243,1,5,12,4,Enfermedad,8,Sí
12968,2026-05-07,245,1,1,5,4,Enfermedad,4,Sí
12969,2026-05-14,245,1,1,5,4,Permiso personal,8,Sí
12970,2026-05-16,247,1,5,17,4,Enfermedad,4,Sí
12971,2026-05-16,248,1,4,2,4,Enfermedad,4,Sí
12972,2026-05-14,252,1,2,21,4,Permiso personal,8,Sí
12973,2026-05-27,256,1,4,21,4,Enfermedad,8,Sí
12974,2026-05-15,261,1,5,23,4,Enfermedad,8,Sí
12975,2026-05-30,261,1,5,23,4,Enfermedad,4,Sí
12976,2026-05-01,263,1,3,12,4,Permiso personal,8,Sí
12977,2026-05-02,268,1,5,10,4,Permiso personal,8,Sí
12978,2026-05-17,268,1,5,10,4,Enfermedad,8,Sí
12979,2026-05-10,280,1,4,13,4,Enfermedad,4,Sí
12980,2026-05-26,280,1,4,13,4,Enfermedad,8,Sí
12981,2026-05-01,285,5,14,27,4,Enfermedad,8,Sí
12982,2026-05-15,285,5,14,27,4,Enfermedad,8,Sí
12983,2026-05-16,291,1,2,2,4,Falta injustificada,4,No
12984,2026-05-31,291,1,2,2,4,Enfermedad,8,Sí
12985,2026-05-12,295,1,5,18,4,Enfermedad,8,Sí
12986,2026-05-10,303,1,1,24,4,Falta injustificada,8,No
12987,2026-05-11,303,1,1,24,4,Enfermedad,8,Sí
12988,2026-05-29,304,1,3,7,4,Enfermedad,8,Sí
12989,2026-05-27,306,1,4,4,4,Enfermedad,8,Sí
12990,2026-05-25,309,1,4,9,4,Falta injustificada,8,No
12991,2026-05-26,321,6,16,27,4,Falta injustificada,4,No
12992,2026-05-19,322,6,16,27,4,Permiso personal,8,Sí
12993,2026-05-27,322,6,16,27,4,Permiso personal,8,Sí
12994,2026-05-02,326,1,1,15,4,Permiso personal,4,Sí
12995,2026-05-02,327,3,9,27,4,Permiso personal,8,Sí
12996,2026-05-05,327,3,9,27,4,Permiso personal,8,Sí
12997,2026-05-23,327,3,9,27,4,Enfermedad,8,Sí
12998,2026-05-27,329,2,6,26,4,Enfermedad,8,Sí
12999,2026-05-31,331,1,1,4,4,Permiso personal,8,Sí
13000,2026-05-01,333,5,14,27,4,Permiso personal,8,Sí
13001,2026-05-21,340,5,13,27,4,Enfermedad,8,Sí
13002,2026-05-05,341,1,1,7,4,Enfermedad,8,Sí
13003,2026-05-12,345,1,2,7,4,Enfermedad,8,Sí
13004,2026-05-29,345,1,2,7,4,Enfermedad,8,Sí
13005,2026-05-13,350,1,5,23,4,Falta injustificada,4,No
13006,2026-05-20,357,1,5,8,3,Enfermedad,4,Sí
13007,2026-05-18,359,1,3,11,1,Enfermedad,8,Sí
13008,2026-05-15,369,1,5,3,2,Permiso personal,8,Sí
13009,2026-05-20,369,1,5,3,2,Falta injustificada,4,No
13010,2026-05-24,373,2,6,25,1,Permiso personal,4,Sí
13011,2026-05-28,375,1,3,16,2,Enfermedad,8,Sí
13012,2026-05-20,377,1,5,16,3,Enfermedad,8,Sí
13013,2026-05-06,378,1,1,17,4,Enfermedad,4,Sí
13014,2026-05-03,382,1,2,19,2,Enfermedad,4,Sí
13015,2026-05-10,382,1,2,19,2,Permiso personal,8,Sí
13016,2026-05-13,382,1,2,19,2,Permiso personal,8,Sí
13017,2026-05-13,383,1,1,9,1,Enfermedad,8,Sí
13018,2026-05-26,383,1,1,9,1,Enfermedad,4,Sí
13019,2026-05-28,383,1,1,9,1,Permiso personal,4,Sí
13020,2026-05-02,386,1,1,5,1,Enfermedad,8,Sí
13021,2026-05-07,388,1,2,17,1,Permiso personal,8,Sí
13022,2026-05-18,388,1,2,17,1,Permiso personal,4,Sí
13023,2026-05-20,389,1,3,6,3,Enfermedad,4,Sí
13024,2026-05-23,390,1,4,12,3,Permiso personal,4,Sí
13025,2026-05-20,391,2,7,26,2,Falta injustificada,4,No
13026,2026-05-02,393,1,4,4,3,Enfermedad,4,Sí
13027,2026-05-26,393,1,4,4,3,Enfermedad,4,Sí
13028,2026-05-09,394,1,3,4,3,Enfermedad,8,Sí
13029,2026-05-11,398,5,14,27,3,Enfermedad,4,Sí
13030,2026-05-12,400,1,1,1,3,Enfermedad,8,Sí
13031,2026-05-29,402,1,4,10,3,Permiso personal,4,Sí
13032,2026-05-08,404,1,5,10,3,Enfermedad,8,Sí
13033,2026-05-27,404,1,5,10,3,Permiso personal,4,Sí
13034,2026-05-01,408,1,2,13,3,Enfermedad,4,Sí
13035,2026-05-31,408,1,2,13,3,Enfermedad,8,Sí
13036,2026-05-24,410,1,1,21,3,Falta injustificada,4,No
13037,2026-05-12,419,1,2,22,2,Enfermedad,8,Sí
13038,2026-05-03,420,1,5,17,2,Permiso personal,8,Sí
13039,2026-05-18,421,1,1,13,3,Enfermedad,8,Sí
13040,2026-05-15,425,1,1,7,3,Enfermedad,8,Sí
13041,2026-05-16,425,1,1,7,3,Enfermedad,4,Sí
13042,2026-05-05,432,6,15,27,2,Permiso personal,8,Sí
13043,2026-05-13,432,6,15,27,2,Enfermedad,8,Sí
13044,2026-05-13,435,1,4,7,3,Enfermedad,4,Sí
13045,2026-05-11,437,1,5,12,2,Enfermedad,4,Sí
13046,2026-05-23,437,1,5,12,2,Permiso personal,8,Sí
13047,2026-05-28,438,2,6,25,3,Enfermedad,8,Sí
13048,2026-05-31,442,1,1,2,3,Enfermedad,8,Sí
13049,2026-05-09,444,1,3,16,2,Falta injustificada,8,No
13050,2026-05-20,445,1,2,16,3,Enfermedad,8,Sí
13051,2026-05-31,445,1,2,16,3,Permiso personal,8,Sí
13052,2026-05-22,446,1,4,2,3,Permiso personal,8,Sí
13053,2026-05-02,449,1,3,24,3,Falta injustificada,8,No
13054,2026-05-24,452,1,3,21,3,Enfermedad,8,Sí
13055,2026-05-30,452,1,3,21,3,Permiso personal,8,Sí
13056,2026-05-27,456,1,2,15,3,Permiso personal,8,Sí
13057,2026-05-10,459,4,11,27,2,Enfermedad,8,Sí
13058,2026-05-24,462,3,10,27,3,Enfermedad,8,Sí
13059,2026-05-18,465,1,5,19,2,Permiso personal,8,Sí
13060,2026-05-23,465,1,5,19,2,Enfermedad,8,Sí
13061,2026-05-06,470,1,2,11,2,Permiso personal,4,Sí
13062,2026-05-12,475,3,9,27,3,Permiso personal,8,Sí
13063,2026-05-17,477,5,13,27,2,Enfermedad,8,Sí
13064,2026-05-08,481,1,1,20,3,Enfermedad,8,Sí
13065,2026-05-15,481,1,1,20,3,Falta injustificada,4,No
13066,2026-05-14,486,1,4,18,3,Permiso personal,4,Sí
13067,2026-05-16,487,2,6,26,1,Permiso personal,4,Sí
13068,2026-05-04,491,1,5,24,2,Permiso personal,8,Sí
13069,2026-05-18,491,1,5,24,2,Enfermedad,8,Sí
13070,2026-05-23,491,1,5,24,2,Enfermedad,4,Sí
13071,2026-05-01,495,1,2,9,3,Permiso personal,4,Sí
13072,2026-05-05,496,1,5,5,3,Enfermedad,8,Sí
13073,2026-05-31,497,1,1,14,3,Enfermedad,4,Sí
13074,2026-05-25,498,1,1,18,3,Enfermedad,8,Sí
13075,2026-05-13,503,1,3,16,3,Enfermedad,8,Sí
13076,2026-05-30,506,2,6,25,3,Enfermedad,8,Sí
13077,2026-05-30,509,1,3,13,2,Enfermedad,8,Sí
13078,2026-05-10,514,1,1,17,2,Enfermedad,8,Sí
13079,2026-05-29,514,1,1,17,2,Permiso personal,8,Sí
13080,2026-05-14,517,1,2,8,1,Permiso personal,8,Sí
13081,2026-05-26,517,1,2,8,1,Enfermedad,8,Sí
13082,2026-05-18,524,6,15,27,3,Enfermedad,4,Sí
13083,2026-05-24,526,1,2,23,2,Enfermedad,4,Sí
13084,2026-05-02,529,1,3,24,3,Enfermedad,8,Sí
13085,2026-05-07,531,1,1,15,1,Enfermedad,8,Sí
13086,2026-05-21,531,1,1,15,1,Enfermedad,8,Sí
13087,2026-05-19,532,1,5,11,3,Permiso personal,4,Sí
13088,2026-05-26,532,1,5,11,3,Enfermedad,8,Sí
13089,2026-05-10,533,1,3,15,3,Enfermedad,8,Sí
13090,2026-05-05,534,1,2,22,3,Enfermedad,4,Sí
13091,2026-05-02,536,1,1,21,4,Enfermedad,8,Sí
13092,2026-05-13,536,1,1,21,4,Falta injustificada,8,No
13093,2026-05-28,536,1,1,21,4,Enfermedad,8,Sí
13094,2026-05-29,537,2,8,25,3,Enfermedad,8,Sí
13095,2026-05-10,540,1,3,14,4,Enfermedad,4,Sí
13096,2026-05-11,540,1,3,14,4,Enfermedad,8,Sí
13097,2026-05-12,540,1,3,14,4,Enfermedad,8,Sí
13098,2026-05-13,550,1,2,7,2,Enfermedad,8,Sí
13099,2026-05-07,552,2,8,25,2,Enfermedad,8,Sí
13100,2026-05-10,553,1,4,3,4,Enfermedad,8,Sí
13101,2026-05-23,556,1,1,7,3,Enfermedad,8,Sí
13102,2026-05-14,558,1,1,3,2,Permiso personal,8,Sí
13103,2026-05-26,558,1,1,3,2,Enfermedad,4,Sí
13104,2026-05-16,561,1,1,15,3,Permiso personal,8,Sí
13105,2026-05-29,564,2,6,26,3,Enfermedad,8,Sí
13106,2026-05-01,566,6,15,27,4,Enfermedad,8,Sí
13107,2026-05-08,573,1,3,15,3,Enfermedad,8,Sí
13108,2026-05-27,574,1,3,22,3,Permiso personal,8,Sí
13109,2026-05-03,575,1,3,8,1,Enfermedad,8,Sí
13110,2026-05-10,578,1,2,18,2,Enfermedad,8,Sí
13111,2026-05-31,578,1,2,18,2,Permiso personal,8,Sí
13112,2026-05-07,579,1,1,2,4,Enfermedad,4,Sí
13113,2026-05-28,579,1,1,2,4,Enfermedad,8,Sí
13114,2026-05-31,583,1,3,12,3,Enfermedad,8,Sí
13115,2026-05-01,601,1,1,23,3,Enfermedad,8,Sí
13116,2026-05-24,605,1,4,16,3,Enfermedad,4,Sí
13117,2026-05-01,608,1,2,17,2,Permiso personal,8,Sí
13118,2026-05-11,609,1,3,16,3,Falta injustificada,8,No
13119,2026-05-17,611,1,1,10,3,Enfermedad,8,Sí
13120,2026-05-30,612,1,1,18,3,Falta injustificada,8,No
13121,2026-05-18,616,1,4,23,3,Permiso personal,4,Sí
13122,2026-05-29,639,2,6,25,3,Enfermedad,4,Sí
13123,2026-05-24,640,1,1,3,3,Permiso personal,8,Sí
13124,2026-05-22,641,1,1,15,1,Permiso personal,8,Sí
13125,2026-05-15,642,2,6,25,2,Permiso personal,8,Sí
13126,2026-05-29,642,2,6,25,2,Permiso personal,8,Sí
13127,2026-05-17,648,1,5,12,4,Enfermedad,4,Sí
13128,2026-05-11,650,1,3,9,3,Enfermedad,8,Sí
13129,2026-05-25,650,1,3,9,3,Enfermedad,8,Sí
13130,2026-05-17,654,1,5,21,2,Permiso personal,8,Sí
13131,2026-05-30,654,1,5,21,2,Falta injustificada,8,No
13132,2026-05-20,656,4,12,27,3,Permiso personal,8,Sí
13133,2026-05-21,656,4,12,27,3,Enfermedad,4,Sí
13134,2026-05-08,664,1,1,7,3,Enfermedad,8,Sí
13135,2026-05-22,664,1,1,7,3,Permiso personal,8,Sí
13136,2026-05-05,665,1,4,16,3,Permiso personal,8,Sí
13137,2026-05-07,665,1,4,16,3,Enfermedad,8,Sí
13138,2026-05-14,665,1,4,16,3,Enfermedad,8,Sí
13139,2026-05-21,671,1,1,9,2,Permiso personal,8,Sí
13140,2026-05-11,672,1,1,19,2,Enfermedad,4,Sí
13141,2026-05-19,672,1,1,19,2,Enfermedad,4,Sí
13142,2026-05-04,673,1,5,20,3,Permiso personal,8,Sí
13143,2026-05-25,673,1,5,20,3,Enfermedad,8,Sí
13144,2026-05-24,676,1,1,7,2,Permiso personal,4,Sí
13145,2026-05-18,678,1,2,2,3,Permiso personal,8,Sí
13146,2026-05-04,679,1,1,24,2,Permiso personal,8,Sí
13147,2026-05-18,679,1,1,24,2,Permiso personal,4,Sí
13148,2026-05-30,691,2,8,25,2,Falta injustificada,8,No
13149,2026-05-25,692,2,6,25,2,Permiso personal,8,Sí
13150,2026-05-28,692,2,6,25,2,Falta injustificada,8,No
13151,2026-05-08,698,1,1,5,3,Enfermedad,4,Sí
13152,2026-05-27,698,1,1,5,3,Falta injustificada,8,No
13153,2026-05-12,699,1,4,11,3,Falta injustificada,4,No
13154,2026-05-20,699,1,4,11,3,Enfermedad,8,Sí
13155,2026-05-10,701,1,4,7,3,Falta injustificada,8,No
13156,2026-05-06,704,1,1,2,3,Enfermedad,8,Sí
13157,2026-05-19,705,1,1,2,2,Permiso personal,8,Sí
13158,2026-05-14,706,1,1,5,2,Enfermedad,8,Sí
13159,2026-05-22,706,1,1,5,2,Permiso personal,8,Sí
13160,2026-05-01,711,4,12,27,3,Falta injustificada,4,No
13161,2026-05-24,711,4,12,27,3,Permiso personal,8,Sí
13162,2026-05-16,718,1,2,17,2,Permiso personal,8,Sí
13163,2026-05-20,718,1,2,17,2,Enfermedad,8,Sí
13164,2026-05-22,724,1,1,7,1,Enfermedad,4,Sí
13165,2026-05-21,725,1,4,18,3,Permiso personal,4,Sí
13166,2026-05-03,732,1,1,21,3,Enfermedad,8,Sí
13167,2026-05-21,739,1,5,7,1,Enfermedad,8,Sí
13168,2026-05-06,740,1,2,4,2,Enfermedad,8,Sí
13169,2026-05-27,740,1,2,4,2,Enfermedad,8,Sí
13170,2026-05-13,742,1,2,14,3,Enfermedad,4,Sí
13171,2026-05-17,746,1,5,18,2,Enfermedad,8,Sí
13172,2026-05-21,747,1,1,5,3,Enfermedad,4,Sí
13173,2026-05-07,749,1,1,8,3,Enfermedad,4,Sí
13174,2026-05-17,749,1,1,8,3,Permiso personal,4,Sí
13175,2026-05-12,750,1,2,17,3,Enfermedad,8,Sí
13176,2026-05-23,753,1,5,17,3,Enfermedad,8,Sí
13177,2026-05-14,756,1,3,22,3,Enfermedad,8,Sí
13178,2026-05-25,756,1,3,22,3,Enfermedad,4,Sí
13179,2026-05-01,760,1,5,1,3,Enfermedad,8,Sí
13180,2026-05-21,760,1,5,1,3,Falta injustificada,8,No
13181,2026-05-08,762,1,1,19,2,Enfermedad,8,Sí
13182,2026-05-07,766,1,2,23,2,Permiso personal,4,Sí
13183,2026-05-25,766,1,2,23,2,Enfermedad,4,Sí
13184,2026-05-19,769,1,4,23,1,Falta injustificada,4,No
13185,2026-05-21,769,1,4,23,1,Enfermedad,8,Sí
13186,2026-05-26,770,1,1,14,1,Enfermedad,8,Sí
13187,2026-05-28,770,1,1,14,1,Permiso personal,4,Sí
13188,2026-05-03,771,1,1,7,3,Enfermedad,4,Sí
13189,2026-05-17,773,1,1,14,2,Permiso personal,8,Sí
13190,2026-05-17,778,5,13,27,3,Enfermedad,8,Sí
13191,2026-05-09,779,1,1,2,2,Permiso personal,8,Sí
13192,2026-05-22,781,1,3,21,3,Enfermedad,8,Sí
13193,2026-05-13,782,1,1,10,3,Enfermedad,4,Sí
13194,2026-05-21,789,2,8,26,1,Enfermedad,4,Sí
13195,2026-05-25,791,2,7,26,2,Enfermedad,4,Sí
13196,2026-05-17,793,1,5,2,1,Enfermedad,8,Sí
13197,2026-05-29,803,1,2,8,3,Permiso personal,8,Sí
13198,2026-05-30,806,1,1,14,3,Enfermedad,4,Sí
13199,2026-05-31,808,1,1,5,2,Enfermedad,8,Sí
13200,2026-05-28,817,1,1,22,2,Permiso personal,8,Sí
13201,2026-05-11,819,1,3,12,1,Permiso personal,8,Sí
13202,2026-05-13,819,1,3,12,1,Enfermedad,8,Sí
13203,2026-05-13,823,1,3,5,3,Permiso personal,8,Sí
13204,2026-05-14,825,5,13,27,2,Permiso personal,8,Sí
13205,2026-05-07,830,1,1,24,3,Permiso personal,8,Sí
13206,2026-05-09,831,1,1,22,1,Enfermedad,8,Sí
13207,2026-05-14,833,1,5,13,3,Permiso personal,4,Sí
13208,2026-05-05,840,1,4,24,3,Permiso personal,8,Sí
13209,2026-05-15,844,1,3,17,3,Enfermedad,8,Sí
13210,2026-05-02,845,1,4,15,2,Enfermedad,8,Sí
13211,2026-05-25,847,1,4,10,2,Permiso personal,8,Sí
13212,2026-05-28,847,1,4,10,2,Enfermedad,8,Sí
13213,2026-05-05,849,1,5,2,4,Enfermedad,4,Sí
13214,2026-05-15,850,1,3,22,3,Enfermedad,8,Sí
13215,2026-05-10,851,1,1,14,3,Enfermedad,4,Sí
13216,2026-05-24,851,1,1,14,3,Falta injustificada,8,No
13217,2026-05-30,858,1,4,14,4,Falta injustificada,8,No
13218,2026-05-16,862,1,2,4,3,Permiso personal,8,Sí
13219,2026-05-04,863,1,2,22,2,Enfermedad,4,Sí
13220,2026-05-06,872,2,6,25,3,Enfermedad,8,Sí
13221,2026-05-29,872,2,6,25,3,Enfermedad,4,Sí
13222,2026-05-17,877,1,2,2,2,Enfermedad,8,Sí
13223,2026-05-25,877,1,2,2,2,Permiso personal,8,Sí
13224,2026-05-20,883,1,2,18,3,Enfermedad,8,Sí
13225,2026-05-24,883,1,2,18,3,Permiso personal,8,Sí
13226,2026-05-06,886,5,13,27,3,Enfermedad,8,Sí
13227,2026-05-24,886,5,13,27,3,Falta injustificada,8,No
13228,2026-05-29,886,5,13,27,3,Enfermedad,8,Sí
13229,2026-05-04,889,1,1,21,3,Enfermedad,8,Sí
13230,2026-05-09,892,1,1,19,2,Enfermedad,4,Sí
13231,2026-05-15,893,4,11,27,2,Permiso personal,8,Sí
13232,2026-05-27,893,4,11,27,2,Falta injustificada,8,No
13233,2026-05-23,897,1,4,10,3,Enfermedad,8,Sí
13234,2026-06-19,2,2,7,25,4,Permiso personal,8,Sí
13235,2026-06-22,2,2,7,25,4,Enfermedad,8,Sí
13236,2026-06-11,6,1,5,7,4,Enfermedad,8,Sí
13237,2026-06-20,8,2,8,25,4,Falta injustificada,8,No
13238,2026-06-07,9,1,1,11,4,Enfermedad,8,Sí
13239,2026-06-20,9,1,1,11,4,Enfermedad,8,Sí
13240,2026-06-21,9,1,1,11,4,Enfermedad,8,Sí
13241,2026-06-11,13,1,5,8,4,Falta injustificada,8,No
13242,2026-06-25,13,1,5,8,4,Enfermedad,8,Sí
13243,2026-06-06,17,6,15,27,4,Enfermedad,8,Sí
13244,2026-06-24,20,1,2,24,4,Permiso personal,4,Sí
13245,2026-06-07,22,1,5,18,4,Enfermedad,8,Sí
13246,2026-06-05,27,1,4,22,4,Permiso personal,8,Sí
13247,2026-06-29,35,1,1,11,4,Enfermedad,8,Sí
13248,2026-06-05,41,1,2,17,4,Permiso personal,8,Sí
13249,2026-06-24,50,2,7,26,4,Enfermedad,8,Sí
13250,2026-06-07,51,1,2,11,4,Enfermedad,8,Sí
13251,2026-06-21,51,1,2,11,4,Enfermedad,4,Sí
13252,2026-06-21,53,1,5,11,4,Enfermedad,8,Sí
13253,2026-06-10,54,1,4,19,4,Enfermedad,8,Sí
13254,2026-06-16,54,1,4,19,4,Permiso personal,8,Sí
13255,2026-06-01,56,1,3,17,4,Enfermedad,8,Sí
13256,2026-06-28,56,1,3,17,4,Enfermedad,8,Sí
13257,2026-06-08,58,1,3,10,4,Falta injustificada,4,No
13258,2026-06-15,58,1,3,10,4,Enfermedad,4,Sí
13259,2026-06-14,65,1,3,20,4,Enfermedad,8,Sí
13260,2026-06-04,66,1,5,7,4,Enfermedad,8,Sí
13261,2026-06-11,70,2,6,26,4,Enfermedad,8,Sí
13262,2026-06-11,75,1,5,18,4,Enfermedad,8,Sí
13263,2026-06-02,78,3,9,27,4,Enfermedad,4,Sí
13264,2026-06-04,83,1,1,21,4,Enfermedad,8,Sí
13265,2026-06-11,84,1,3,9,4,Falta injustificada,8,No
13266,2026-06-28,84,1,3,9,4,Falta injustificada,4,No
13267,2026-06-06,89,1,4,19,4,Enfermedad,8,Sí
13268,2026-06-30,89,1,4,19,4,Enfermedad,8,Sí
13269,2026-06-25,90,2,6,26,4,Permiso personal,8,Sí
13270,2026-06-11,96,1,1,12,4,Permiso personal,8,Sí
13271,2026-06-03,97,1,3,3,4,Enfermedad,4,Sí
13272,2026-06-10,97,1,3,3,4,Falta injustificada,4,No
13273,2026-06-22,97,1,3,3,4,Enfermedad,8,Sí
13274,2026-06-23,98,1,3,18,4,Enfermedad,8,Sí
13275,2026-06-22,99,1,2,5,4,Permiso personal,8,Sí
13276,2026-06-23,100,1,4,23,4,Enfermedad,8,Sí
13277,2026-06-25,104,4,11,27,4,Permiso personal,8,Sí
13278,2026-06-15,106,1,4,6,4,Enfermedad,8,Sí
13279,2026-06-23,119,1,5,4,4,Enfermedad,4,Sí
13280,2026-06-29,121,1,3,20,4,Permiso personal,8,Sí
13281,2026-06-07,122,1,2,21,4,Enfermedad,4,Sí
13282,2026-06-26,122,1,2,21,4,Enfermedad,8,Sí
13283,2026-06-04,124,1,1,15,4,Enfermedad,8,Sí
13284,2026-06-06,124,1,1,15,4,Permiso personal,8,Sí
13285,2026-06-13,124,1,1,15,4,Enfermedad,8,Sí
13286,2026-06-16,124,1,1,15,4,Enfermedad,8,Sí
13287,2026-06-24,131,1,5,5,4,Falta injustificada,8,No
13288,2026-06-05,138,1,4,7,4,Enfermedad,4,Sí
13289,2026-06-08,140,1,1,22,4,Permiso personal,8,Sí
13290,2026-06-28,140,1,1,22,4,Enfermedad,8,Sí
13291,2026-06-05,145,1,2,1,4,Permiso personal,4,Sí
13292,2026-06-01,160,1,3,19,4,Permiso personal,8,Sí
13293,2026-06-29,161,1,3,22,4,Enfermedad,8,Sí
13294,2026-06-02,163,1,5,22,4,Permiso personal,8,Sí
13295,2026-06-13,165,1,2,3,4,Permiso personal,8,Sí
13296,2026-06-04,168,1,3,6,4,Enfermedad,8,Sí
13297,2026-06-10,169,1,1,7,4,Permiso personal,8,Sí
13298,2026-06-11,171,1,4,4,4,Permiso personal,8,Sí
13299,2026-06-14,171,1,4,4,4,Enfermedad,8,Sí
13300,2026-06-04,180,1,3,6,4,Enfermedad,8,Sí
13301,2026-06-03,181,1,1,9,4,Permiso personal,8,Sí
13302,2026-06-10,181,1,1,9,4,Enfermedad,8,Sí
13303,2026-06-30,181,1,1,9,4,Enfermedad,8,Sí
13304,2026-06-12,184,1,1,11,4,Enfermedad,8,Sí
13305,2026-06-28,184,1,1,11,4,Enfermedad,4,Sí
13306,2026-06-19,187,1,3,20,4,Permiso personal,4,Sí
13307,2026-06-05,188,1,4,1,4,Enfermedad,4,Sí
13308,2026-06-16,191,1,3,7,4,Enfermedad,8,Sí
13309,2026-06-19,191,1,3,7,4,Permiso personal,8,Sí
13310,2026-06-04,192,1,1,2,4,Enfermedad,4,Sí
13311,2026-06-05,192,1,1,2,4,Enfermedad,8,Sí
13312,2026-06-14,199,6,15,27,4,Enfermedad,8,Sí
13313,2026-06-09,205,1,1,12,4,Enfermedad,8,Sí
13314,2026-06-19,205,1,1,12,4,Enfermedad,8,Sí
13315,2026-06-05,207,1,1,3,4,Falta injustificada,4,No
13316,2026-06-10,207,1,1,3,4,Enfermedad,8,Sí
13317,2026-06-19,207,1,1,3,4,Permiso personal,8,Sí
13318,2026-06-03,208,2,6,25,4,Permiso personal,8,Sí
13319,2026-06-19,213,1,4,14,4,Enfermedad,8,Sí
13320,2026-06-09,216,1,4,20,4,Permiso personal,8,Sí
13321,2026-06-25,216,1,4,20,4,Enfermedad,8,Sí
13322,2026-06-30,222,1,2,4,4,Enfermedad,8,Sí
13323,2026-06-17,224,5,14,27,4,Falta injustificada,8,No
13324,2026-06-13,229,2,8,25,4,Enfermedad,8,Sí
13325,2026-06-16,229,2,8,25,4,Falta injustificada,8,No
13326,2026-06-03,230,1,3,17,4,Falta injustificada,8,No
13327,2026-06-05,230,1,3,17,4,Enfermedad,4,Sí
13328,2026-06-09,233,2,6,25,4,Enfermedad,8,Sí
13329,2026-06-06,236,1,1,2,4,Falta injustificada,8,No
13330,2026-06-11,236,1,1,2,4,Enfermedad,8,Sí
13331,2026-06-27,239,1,3,8,4,Falta injustificada,8,No
13332,2026-06-20,242,1,1,2,4,Falta injustificada,8,No
13333,2026-06-25,242,1,1,2,4,Permiso personal,8,Sí
13334,2026-06-17,243,1,5,12,4,Permiso personal,4,Sí
13335,2026-06-11,245,1,1,5,4,Enfermedad,4,Sí
13336,2026-06-14,245,1,1,5,4,Enfermedad,8,Sí
13337,2026-06-01,247,1,5,17,4,Enfermedad,4,Sí
13338,2026-06-07,247,1,5,17,4,Permiso personal,4,Sí
13339,2026-06-29,247,1,5,17,4,Enfermedad,8,Sí
13340,2026-06-05,248,1,4,2,4,Enfermedad,4,Sí
13341,2026-06-04,252,1,2,21,4,Enfermedad,8,Sí
13342,2026-06-18,256,1,4,21,4,Permiso personal,8,Sí
13343,2026-06-10,259,1,3,8,4,Enfermedad,8,Sí
13344,2026-06-26,263,1,3,12,4,Enfermedad,4,Sí
13345,2026-06-11,278,1,1,5,4,Enfermedad,4,Sí
13346,2026-06-23,278,1,1,5,4,Enfermedad,4,Sí
13347,2026-06-26,285,5,14,27,4,Falta injustificada,8,No
13348,2026-06-09,289,1,3,1,4,Falta injustificada,8,No
13349,2026-06-16,289,1,3,1,4,Enfermedad,8,Sí
13350,2026-06-26,289,1,3,1,4,Enfermedad,8,Sí
13351,2026-06-18,291,1,2,2,4,Falta injustificada,8,No
13352,2026-06-28,291,1,2,2,4,Enfermedad,8,Sí
13353,2026-06-30,299,2,6,25,4,Enfermedad,4,Sí
13354,2026-06-26,300,5,13,27,4,Enfermedad,8,Sí
13355,2026-06-22,303,1,1,24,4,Enfermedad,4,Sí
13356,2026-06-29,304,1,3,7,4,Permiso personal,4,Sí
13357,2026-06-08,307,1,5,2,4,Falta injustificada,8,No
13358,2026-06-03,309,1,4,9,4,Permiso personal,8,Sí
13359,2026-06-20,309,1,4,9,4,Falta injustificada,4,No
13360,2026-06-19,314,2,7,25,4,Enfermedad,8,Sí
13361,2026-06-24,314,2,7,25,4,Enfermedad,8,Sí
13362,2026-06-05,320,1,4,10,4,Enfermedad,8,Sí
13363,2026-06-04,321,6,16,27,4,Enfermedad,4,Sí
13364,2026-06-30,322,6,16,27,4,Permiso personal,8,Sí
13365,2026-06-05,327,3,9,27,4,Enfermedad,8,Sí
13366,2026-06-19,327,3,9,27,4,Permiso personal,4,Sí
13367,2026-06-19,331,1,1,4,4,Enfermedad,8,Sí
13368,2026-06-09,335,1,5,23,4,Falta injustificada,8,No
13369,2026-06-05,340,5,13,27,4,Enfermedad,8,Sí
13370,2026-06-09,341,1,1,7,4,Permiso personal,8,Sí
13371,2026-06-15,343,1,1,15,4,Enfermedad,8,Sí
13372,2026-06-22,343,1,1,15,4,Permiso personal,8,Sí
13373,2026-06-17,348,1,4,13,4,Permiso personal,8,Sí
13374,2026-06-18,348,1,4,13,4,Enfermedad,8,Sí
13375,2026-06-02,349,6,15,27,4,Falta injustificada,8,No
13376,2026-06-30,349,6,15,27,4,Enfermedad,8,Sí
13377,2026-06-15,351,1,1,11,3,Permiso personal,8,Sí
13378,2026-06-28,354,1,1,1,3,Permiso personal,8,Sí
13379,2026-06-02,355,1,5,2,4,Enfermedad,8,Sí
13380,2026-06-11,357,1,5,8,3,Falta injustificada,8,No
13381,2026-06-23,357,1,5,8,3,Enfermedad,8,Sí
13382,2026-06-02,358,1,2,13,3,Enfermedad,8,Sí
13383,2026-06-06,358,1,2,13,3,Permiso personal,4,Sí
13384,2026-06-20,358,1,2,13,3,Permiso personal,8,Sí
13385,2026-06-15,359,1,3,11,2,Enfermedad,8,Sí
13386,2026-06-25,360,1,2,23,4,Enfermedad,8,Sí
13387,2026-06-04,369,1,5,3,2,Enfermedad,4,Sí
13388,2026-06-17,370,2,6,26,3,Enfermedad,8,Sí
13389,2026-06-23,371,1,5,8,3,Falta injustificada,8,No
13390,2026-06-19,373,2,6,25,1,Falta injustificada,8,No
13391,2026-06-04,375,1,3,16,2,Permiso personal,8,Sí
13392,2026-06-23,377,1,5,16,3,Enfermedad,8,Sí
13393,2026-06-30,377,1,5,16,3,Permiso personal,4,Sí
13394,2026-06-02,378,1,1,17,4,Enfermedad,8,Sí
13395,2026-06-10,378,1,1,17,4,Enfermedad,4,Sí
13396,2026-06-05,381,1,2,17,3,Falta injustificada,4,No
13397,2026-06-18,381,1,2,17,3,Permiso personal,8,Sí
13398,2026-06-12,382,1,2,19,2,Enfermedad,8,Sí
13399,2026-06-26,382,1,2,19,2,Permiso personal,8,Sí
13400,2026-06-04,385,1,1,22,2,Permiso personal,8,Sí
13401,2026-06-03,386,1,1,5,2,Permiso personal,8,Sí
13402,2026-06-20,386,1,1,5,2,Enfermedad,8,Sí
13403,2026-06-20,388,1,2,17,2,Permiso personal,8,Sí
13404,2026-06-12,390,1,4,12,3,Enfermedad,8,Sí
13405,2026-06-16,390,1,4,12,3,Permiso personal,8,Sí
13406,2026-06-25,390,1,4,12,3,Enfermedad,4,Sí
13407,2026-06-19,391,2,7,26,2,Enfermedad,8,Sí
13408,2026-06-14,392,6,16,27,2,Enfermedad,4,Sí
13409,2026-06-07,393,1,4,4,3,Enfermedad,8,Sí
13410,2026-06-10,396,6,16,27,1,Enfermedad,8,Sí
13411,2026-06-25,396,6,16,27,1,Enfermedad,4,Sí
13412,2026-06-26,398,5,14,27,3,Enfermedad,4,Sí
13413,2026-06-06,401,1,3,9,2,Permiso personal,8,Sí
13414,2026-06-21,401,1,3,9,2,Enfermedad,4,Sí
13415,2026-06-23,401,1,3,9,2,Falta injustificada,8,No
13416,2026-06-01,402,1,4,10,3,Enfermedad,8,Sí
13417,2026-06-02,404,1,5,10,3,Permiso personal,8,Sí
13418,2026-06-24,404,1,5,10,3,Permiso personal,4,Sí
13419,2026-06-02,406,1,3,4,3,Enfermedad,4,Sí
13420,2026-06-07,406,1,3,4,3,Falta injustificada,8,No
13421,2026-06-28,406,1,3,4,3,Permiso personal,8,Sí
13422,2026-06-07,408,1,2,13,3,Falta injustificada,8,No
13423,2026-06-17,411,1,1,21,1,Enfermedad,8,Sí
13424,2026-06-17,417,1,1,19,3,Enfermedad,8,Sí
13425,2026-06-03,418,1,1,24,1,Permiso personal,8,Sí
13426,2026-06-20,418,1,1,24,1,Enfermedad,8,Sí
13427,2026-06-02,419,1,2,22,2,Enfermedad,8,Sí
13428,2026-06-23,419,1,2,22,2,Enfermedad,8,Sí
13429,2026-06-02,420,1,5,17,2,Falta injustificada,8,No
13430,2026-06-24,421,1,1,13,3,Permiso personal,8,Sí
13431,2026-06-20,425,1,1,7,3,Enfermedad,4,Sí
13432,2026-06-02,428,1,2,15,4,Enfermedad,8,Sí
13433,2026-06-06,428,1,2,15,4,Enfermedad,8,Sí
13434,2026-06-05,432,6,15,27,2,Enfermedad,8,Sí
13435,2026-06-01,434,1,1,15,3,Enfermedad,8,Sí
13436,2026-06-02,435,1,4,7,3,Enfermedad,8,Sí
13437,2026-06-29,435,1,4,7,3,Enfermedad,8,Sí
13438,2026-06-04,437,1,5,12,2,Enfermedad,8,Sí
13439,2026-06-20,437,1,5,12,2,Enfermedad,8,Sí
13440,2026-06-28,437,1,5,12,2,Permiso personal,8,Sí
13441,2026-06-03,442,1,1,2,3,Enfermedad,8,Sí
13442,2026-06-02,446,1,4,2,3,Enfermedad,8,Sí
13443,2026-06-25,446,1,4,2,3,Enfermedad,8,Sí
13444,2026-06-08,449,1,3,24,3,Falta injustificada,8,No
13445,2026-06-09,449,1,3,24,3,Enfermedad,8,Sí
13446,2026-06-15,450,2,7,26,2,Enfermedad,8,Sí
13447,2026-06-17,452,1,3,21,3,Enfermedad,4,Sí
13448,2026-06-06,456,1,2,15,3,Enfermedad,8,Sí
13449,2026-06-13,456,1,2,15,3,Enfermedad,8,Sí
13450,2026-06-15,456,1,2,15,3,Enfermedad,4,Sí
13451,2026-06-08,458,1,1,19,2,Enfermedad,8,Sí
13452,2026-06-07,459,4,11,27,2,Permiso personal,8,Sí
13453,2026-06-11,459,4,11,27,2,Enfermedad,8,Sí
13454,2026-06-28,459,4,11,27,2,Enfermedad,8,Sí
13455,2026-06-10,462,3,10,27,3,Enfermedad,8,Sí
13456,2026-06-21,464,1,1,16,3,Enfermedad,8,Sí
13457,2026-06-22,464,1,1,16,3,Permiso personal,8,Sí
13458,2026-06-30,464,1,1,16,3,Enfermedad,4,Sí
13459,2026-06-01,465,1,5,19,2,Enfermedad,8,Sí
13460,2026-06-20,465,1,5,19,2,Permiso personal,8,Sí
13461,2026-06-27,465,1,5,19,2,Permiso personal,8,Sí
13462,2026-06-06,466,2,7,26,2,Permiso personal,8,Sí
13463,2026-06-28,466,2,7,26,2,Enfermedad,8,Sí
13464,2026-06-18,472,1,1,9,3,Permiso personal,8,Sí
13465,2026-06-19,472,1,1,9,3,Permiso personal,8,Sí
13466,2026-06-09,477,5,13,27,2,Permiso personal,8,Sí
13467,2026-06-09,478,6,15,27,3,Enfermedad,4,Sí
13468,2026-06-13,478,6,15,27,3,Enfermedad,8,Sí
13469,2026-06-13,481,1,1,20,3,Enfermedad,8,Sí
13470,2026-06-30,481,1,1,20,3,Enfermedad,8,Sí
13471,2026-06-11,482,1,3,23,2,Enfermedad,8,Sí
13472,2026-06-24,482,1,3,23,2,Enfermedad,4,Sí
13473,2026-06-09,483,1,2,3,2,Enfermedad,8,Sí
13474,2026-06-24,483,1,2,3,2,Enfermedad,4,Sí
13475,2026-06-22,486,1,4,18,3,Permiso personal,4,Sí
13476,2026-06-26,486,1,4,18,3,Permiso personal,8,Sí
13477,2026-06-10,487,2,6,26,1,Permiso personal,8,Sí
13478,2026-06-24,489,1,1,15,2,Falta injustificada,8,No
13479,2026-06-25,489,1,1,15,2,Permiso personal,8,Sí
13480,2026-06-22,496,1,5,5,4,Enfermedad,8,Sí
13481,2026-06-04,497,1,1,14,3,Falta injustificada,8,No
13482,2026-06-03,498,1,1,18,3,Enfermedad,4,Sí
13483,2026-06-20,505,3,9,27,2,Enfermedad,8,Sí
13484,2026-06-10,508,1,4,14,3,Permiso personal,4,Sí
13485,2026-06-04,511,1,4,5,2,Enfermedad,8,Sí
13486,2026-06-30,513,1,1,23,3,Enfermedad,8,Sí
13487,2026-06-15,514,1,1,17,2,Falta injustificada,8,No
13488,2026-06-04,516,2,8,25,1,Enfermedad,4,Sí
13489,2026-06-16,516,2,8,25,1,Enfermedad,8,Sí
13490,2026-06-20,516,2,8,25,1,Permiso personal,8,Sí
13491,2026-06-26,516,2,8,25,1,Enfermedad,8,Sí
13492,2026-06-08,518,5,14,27,3,Falta injustificada,8,No
13493,2026-06-29,520,1,1,12,1,Enfermedad,8,Sí
13494,2026-06-05,522,1,1,7,3,Permiso personal,4,Sí
13495,2026-06-25,524,6,15,27,3,Enfermedad,8,Sí
13496,2026-06-29,524,6,15,27,3,Enfermedad,4,Sí
13497,2026-06-28,526,1,2,23,2,Enfermedad,8,Sí
13498,2026-06-21,529,1,3,24,3,Permiso personal,8,Sí
13499,2026-06-29,532,1,5,11,3,Enfermedad,8,Sí
13500,2026-06-13,536,1,1,21,4,Enfermedad,8,Sí
13501,2026-06-10,537,2,8,25,3,Enfermedad,8,Sí
13502,2026-06-20,537,2,8,25,3,Enfermedad,8,Sí
13503,2026-06-15,538,2,7,26,2,Permiso personal,8,Sí
13504,2026-06-17,538,2,7,26,2,Enfermedad,8,Sí
13505,2026-06-28,549,1,1,23,3,Permiso personal,8,Sí
13506,2026-06-18,550,1,2,7,2,Enfermedad,8,Sí
13507,2026-06-10,552,2,8,25,2,Enfermedad,8,Sí
13508,2026-06-16,552,2,8,25,2,Permiso personal,8,Sí
13509,2026-06-16,553,1,4,3,4,Permiso personal,8,Sí
13510,2026-06-23,553,1,4,3,4,Permiso personal,8,Sí
13511,2026-06-15,554,1,4,24,2,Enfermedad,8,Sí
13512,2026-06-23,554,1,4,24,2,Falta injustificada,8,No
13513,2026-06-13,555,1,5,12,2,Permiso personal,4,Sí
13514,2026-06-28,556,1,1,7,3,Permiso personal,4,Sí
13515,2026-06-28,557,1,3,18,3,Enfermedad,8,Sí
13516,2026-06-13,558,1,1,3,2,Enfermedad,8,Sí
13517,2026-06-27,561,1,1,15,3,Enfermedad,8,Sí
13518,2026-06-18,564,2,6,26,3,Permiso personal,8,Sí
13519,2026-06-15,567,1,3,12,3,Enfermedad,8,Sí
13520,2026-06-10,571,1,3,12,3,Permiso personal,4,Sí
13521,2026-06-25,571,1,3,12,3,Falta injustificada,8,No
13522,2026-06-06,577,1,3,2,2,Enfermedad,8,Sí
13523,2026-06-03,578,1,2,18,2,Enfermedad,8,Sí
13524,2026-06-13,578,1,2,18,2,Falta injustificada,8,No
13525,2026-06-28,578,1,2,18,2,Enfermedad,8,Sí
13526,2026-06-16,579,1,1,2,4,Enfermedad,8,Sí
13527,2026-06-16,582,1,4,12,3,Enfermedad,4,Sí
13528,2026-06-12,583,1,3,12,3,Permiso personal,4,Sí
13529,2026-06-21,583,1,3,12,3,Permiso personal,8,Sí
13530,2026-06-19,586,1,1,23,3,Enfermedad,8,Sí
13531,2026-06-30,586,1,1,23,3,Enfermedad,4,Sí
13532,2026-06-15,587,1,1,6,3,Permiso personal,4,Sí
13533,2026-06-29,587,1,1,6,3,Enfermedad,8,Sí
13534,2026-06-11,595,2,6,25,3,Enfermedad,8,Sí
13535,2026-06-28,596,2,6,26,3,Permiso personal,8,Sí
13536,2026-06-08,601,1,1,23,3,Enfermedad,8,Sí
13537,2026-06-26,601,1,1,23,3,Enfermedad,4,Sí
13538,2026-06-05,605,1,4,16,3,Falta injustificada,8,No
13539,2026-06-21,605,1,4,16,3,Permiso personal,8,Sí
13540,2026-06-14,606,1,1,6,3,Enfermedad,4,Sí
13541,2026-06-04,608,1,2,17,2,Permiso personal,8,Sí
13542,2026-06-10,609,1,3,16,3,Falta injustificada,8,No
13543,2026-06-25,609,1,3,16,3,Enfermedad,8,Sí
13544,2026-06-27,610,1,5,19,3,Enfermedad,4,Sí
13545,2026-06-12,611,1,1,10,4,Enfermedad,8,Sí
13546,2026-06-21,611,1,1,10,4,Permiso personal,8,Sí
13547,2026-06-29,611,1,1,10,4,Permiso personal,8,Sí
13548,2026-06-08,612,1,1,18,3,Enfermedad,8,Sí
13549,2026-06-27,612,1,1,18,3,Permiso personal,4,Sí
13550,2026-06-28,612,1,1,18,3,Enfermedad,8,Sí
13551,2026-06-22,616,1,4,23,3,Permiso personal,8,Sí
13552,2026-06-01,617,1,1,24,3,Enfermedad,8,Sí
13553,2026-06-22,619,1,1,7,3,Permiso personal,8,Sí
13554,2026-06-29,623,1,5,14,1,Enfermedad,8,Sí
13555,2026-06-14,624,1,3,4,3,Enfermedad,8,Sí
13556,2026-06-21,624,1,3,4,3,Enfermedad,8,Sí
13557,2026-06-09,628,1,1,10,3,Falta injustificada,4,No
13558,2026-06-11,630,1,1,20,3,Enfermedad,8,Sí
13559,2026-06-15,630,1,1,20,3,Enfermedad,8,Sí
13560,2026-06-28,634,1,2,1,2,Enfermedad,8,Sí
13561,2026-06-01,637,1,1,22,3,Permiso personal,8,Sí
13562,2026-06-03,637,1,1,22,3,Enfermedad,8,Sí
13563,2026-06-20,638,1,5,24,3,Falta injustificada,8,No
13564,2026-06-01,640,1,1,3,3,Enfermedad,4,Sí
13565,2026-06-22,640,1,1,3,3,Enfermedad,8,Sí
13566,2026-06-14,641,1,1,15,1,Permiso personal,8,Sí
13567,2026-06-25,642,2,6,25,2,Enfermedad,8,Sí
13568,2026-06-01,645,1,5,2,3,Enfermedad,8,Sí
13569,2026-06-07,645,1,5,2,3,Enfermedad,8,Sí
13570,2026-06-07,646,1,1,19,3,Enfermedad,4,Sí
13571,2026-06-23,646,1,1,19,3,Falta injustificada,8,No
13572,2026-06-11,649,1,2,6,3,Enfermedad,8,Sí
13573,2026-06-27,649,1,2,6,3,Permiso personal,8,Sí
13574,2026-06-10,651,1,4,10,4,Permiso personal,8,Sí
13575,2026-06-10,659,1,1,23,1,Enfermedad,4,Sí
13576,2026-06-26,663,6,15,27,1,Enfermedad,8,Sí
13577,2026-06-10,664,1,1,7,3,Enfermedad,8,Sí
13578,2026-06-08,665,1,4,16,3,Falta injustificada,8,No
13579,2026-06-23,665,1,4,16,3,Enfermedad,8,Sí
13580,2026-06-30,665,1,4,16,3,Enfermedad,8,Sí
13581,2026-06-08,667,2,6,25,3,Enfermedad,4,Sí
13582,2026-06-10,671,1,1,9,2,Enfermedad,4,Sí
13583,2026-06-17,673,1,5,20,3,Enfermedad,8,Sí
13584,2026-06-12,675,1,1,1,2,Permiso personal,8,Sí
13585,2026-06-15,675,1,1,1,2,Permiso personal,8,Sí
13586,2026-06-26,676,1,1,7,2,Enfermedad,4,Sí
13587,2026-06-23,677,1,2,8,1,Falta injustificada,8,No
13588,2026-06-30,677,1,2,8,1,Enfermedad,8,Sí
13589,2026-06-01,678,1,2,2,3,Enfermedad,8,Sí
13590,2026-06-23,678,1,2,2,3,Enfermedad,8,Sí
13591,2026-06-30,678,1,2,2,3,Enfermedad,8,Sí
13592,2026-06-02,679,1,1,24,2,Enfermedad,4,Sí
13593,2026-06-07,679,1,1,24,2,Enfermedad,8,Sí
13594,2026-06-13,680,1,1,16,2,Enfermedad,4,Sí
13595,2026-06-15,680,1,1,16,2,Enfermedad,8,Sí
13596,2026-06-17,680,1,1,16,2,Enfermedad,8,Sí
13597,2026-06-27,684,1,1,15,1,Enfermedad,8,Sí
13598,2026-06-16,685,1,2,11,1,Enfermedad,8,Sí
13599,2026-06-18,685,1,2,11,1,Enfermedad,8,Sí
13600,2026-06-19,692,2,6,25,2,Enfermedad,8,Sí
13601,2026-06-24,692,2,6,25,2,Falta injustificada,8,No
13602,2026-06-01,695,1,1,17,2,Permiso personal,4,Sí
13603,2026-06-03,699,1,4,11,3,Falta injustificada,8,No
13604,2026-06-16,699,1,4,11,3,Enfermedad,8,Sí
13605,2026-06-03,701,1,4,7,3,Permiso personal,8,Sí
13606,2026-06-07,701,1,4,7,3,Enfermedad,8,Sí
13607,2026-06-24,701,1,4,7,3,Permiso personal,4,Sí
13608,2026-06-06,705,1,1,2,2,Enfermedad,8,Sí
13609,2026-06-11,705,1,1,2,2,Enfermedad,8,Sí
13610,2026-06-24,705,1,1,2,2,Enfermedad,8,Sí
13611,2026-06-26,705,1,1,2,2,Enfermedad,8,Sí
13612,2026-06-30,706,1,1,5,2,Permiso personal,4,Sí
13613,2026-06-03,708,4,12,27,4,Permiso personal,4,Sí
13614,2026-06-06,709,1,3,4,3,Enfermedad,8,Sí
13615,2026-06-09,709,1,3,4,3,Enfermedad,8,Sí
13616,2026-06-26,713,1,1,5,3,Enfermedad,8,Sí
13617,2026-06-09,714,1,5,12,1,Permiso personal,4,Sí
13618,2026-06-22,714,1,5,12,1,Enfermedad,8,Sí
13619,2026-06-28,714,1,5,12,1,Enfermedad,8,Sí
13620,2026-06-12,718,1,2,17,2,Enfermedad,8,Sí
13621,2026-06-26,718,1,2,17,2,Permiso personal,8,Sí
13622,2026-06-30,722,1,3,17,2,Enfermedad,8,Sí
13623,2026-06-18,724,1,1,7,2,Permiso personal,8,Sí
13624,2026-06-10,725,1,4,18,3,Enfermedad,4,Sí
13625,2026-06-07,735,4,12,27,3,Permiso personal,8,Sí
13626,2026-06-17,739,1,5,7,1,Enfermedad,8,Sí
13627,2026-06-09,740,1,2,4,2,Enfermedad,8,Sí
13628,2026-06-29,742,1,2,14,3,Permiso personal,8,Sí
13629,2026-06-29,743,1,3,12,2,Permiso personal,8,Sí
13630,2026-06-26,745,3,10,27,1,Enfermedad,8,Sí
13631,2026-06-23,747,1,1,5,3,Enfermedad,8,Sí
13632,2026-06-09,749,1,1,8,3,Falta injustificada,4,No
13633,2026-06-17,749,1,1,8,3,Permiso personal,8,Sí
13634,2026-06-06,750,1,2,17,3,Enfermedad,8,Sí
13635,2026-06-10,753,1,5,17,3,Permiso personal,4,Sí
13636,2026-06-25,753,1,5,17,3,Enfermedad,8,Sí
13637,2026-06-26,753,1,5,17,3,Enfermedad,8,Sí
13638,2026-06-10,756,1,3,22,3,Enfermedad,8,Sí
13639,2026-06-15,756,1,3,22,3,Permiso personal,8,Sí
13640,2026-06-02,757,1,4,1,2,Permiso personal,8,Sí
13641,2026-06-24,757,1,4,1,2,Enfermedad,8,Sí
13642,2026-06-24,760,1,5,1,3,Permiso personal,4,Sí
13643,2026-06-03,762,1,1,19,2,Enfermedad,8,Sí
13644,2026-06-03,763,1,3,1,1,Falta injustificada,8,No
13645,2026-06-12,766,1,2,23,2,Enfermedad,8,Sí
13646,2026-06-29,766,1,2,23,2,Enfermedad,8,Sí
13647,2026-06-02,769,1,4,23,2,Permiso personal,8,Sí
13648,2026-06-11,769,1,4,23,2,Permiso personal,4,Sí
13649,2026-06-29,771,1,1,7,3,Enfermedad,8,Sí
13650,2026-06-06,773,1,1,14,2,Permiso personal,8,Sí
13651,2026-06-05,774,1,1,13,1,Enfermedad,8,Sí
13652,2026-06-21,774,1,1,13,1,Enfermedad,8,Sí
13653,2026-06-20,778,5,13,27,3,Permiso personal,4,Sí
13654,2026-06-30,778,5,13,27,3,Permiso personal,8,Sí
13655,2026-06-07,779,1,1,2,2,Permiso personal,4,Sí
13656,2026-06-01,791,2,7,26,2,Enfermedad,8,Sí
13657,2026-06-19,793,1,5,2,1,Enfermedad,4,Sí
13658,2026-06-04,795,1,3,1,2,Permiso personal,4,Sí
13659,2026-06-26,803,1,2,8,3,Enfermedad,4,Sí
13660,2026-06-10,806,1,1,14,3,Enfermedad,8,Sí
13661,2026-06-20,806,1,1,14,3,Enfermedad,8,Sí
13662,2026-06-07,807,5,13,27,3,Permiso personal,8,Sí
13663,2026-06-07,812,1,4,4,4,Permiso personal,8,Sí
13664,2026-06-25,812,1,4,4,4,Permiso personal,8,Sí
13665,2026-06-29,812,1,4,4,4,Enfermedad,8,Sí
13666,2026-06-08,815,1,1,22,2,Enfermedad,8,Sí
13667,2026-06-13,817,1,1,22,2,Permiso personal,8,Sí
13668,2026-06-24,817,1,1,22,2,Enfermedad,4,Sí
13669,2026-06-04,819,1,3,12,1,Permiso personal,8,Sí
13670,2026-06-09,821,2,7,26,4,Enfermedad,8,Sí
13671,2026-06-07,822,1,1,18,3,Enfermedad,8,Sí
13672,2026-06-12,823,1,3,5,3,Permiso personal,8,Sí
13673,2026-06-05,824,1,1,11,4,Enfermedad,8,Sí
13674,2026-06-23,825,5,13,27,2,Falta injustificada,8,No
13675,2026-06-14,827,4,11,27,3,Permiso personal,8,Sí
13676,2026-06-29,827,4,11,27,3,Enfermedad,8,Sí
13677,2026-06-14,830,1,1,24,3,Falta injustificada,8,No
13678,2026-06-04,836,5,13,27,4,Permiso personal,8,Sí
13679,2026-06-28,837,1,3,17,3,Enfermedad,8,Sí
13680,2026-06-25,840,1,4,24,3,Falta injustificada,4,No
13681,2026-06-07,847,1,4,10,2,Enfermedad,8,Sí
13682,2026-06-21,848,1,1,12,3,Permiso personal,8,Sí
13683,2026-06-20,849,1,5,2,4,Enfermedad,8,Sí
13684,2026-06-27,849,1,5,2,4,Permiso personal,8,Sí
13685,2026-06-05,857,2,8,26,3,Permiso personal,8,Sí
13686,2026-06-06,857,2,8,26,3,Enfermedad,8,Sí
13687,2026-06-07,857,2,8,26,3,Permiso personal,8,Sí
13688,2026-06-22,857,2,8,26,3,Enfermedad,8,Sí
13689,2026-06-07,858,1,4,14,4,Enfermedad,8,Sí
13690,2026-06-28,858,1,4,14,4,Enfermedad,8,Sí
13691,2026-06-07,861,1,2,4,2,Enfermedad,8,Sí
13692,2026-06-11,861,1,2,4,2,Enfermedad,4,Sí
13693,2026-06-06,862,1,2,4,3,Permiso personal,8,Sí
13694,2026-06-09,863,1,2,22,2,Enfermedad,8,Sí
13695,2026-06-19,863,1,2,22,2,Enfermedad,8,Sí
13696,2026-06-18,871,1,1,23,3,Enfermedad,8,Sí
13697,2026-06-07,872,2,6,25,3,Permiso personal,8,Sí
13698,2026-06-09,874,1,3,11,3,Permiso personal,8,Sí
13699,2026-06-15,874,1,3,11,3,Permiso personal,4,Sí
13700,2026-06-22,874,1,3,11,3,Permiso personal,8,Sí
13701,2026-06-21,878,1,5,9,1,Enfermedad,8,Sí
13702,2026-06-19,886,5,13,27,3,Enfermedad,8,Sí
13703,2026-06-01,888,1,2,12,2,Permiso personal,8,Sí
13704,2026-06-10,888,1,2,12,2,Enfermedad,8,Sí
13705,2026-06-06,891,1,1,10,3,Enfermedad,8,Sí
13706,2026-06-02,894,4,12,27,3,Permiso personal,4,Sí
13707,2026-06-19,900,1,5,19,2,Permiso personal,4,Sí
13708,2026-07-03,2,2,7,25,4,Enfermedad,4,Sí
13709,2026-07-07,2,2,7,25,4,Enfermedad,8,Sí
13710,2026-07-25,2,2,7,25,4,Permiso personal,8,Sí
13711,2026-07-19,3,1,4,11,4,Permiso personal,8,Sí
13712,2026-07-14,8,2,8,25,4,Enfermedad,8,Sí
13713,2026-07-06,13,1,5,8,4,Enfermedad,8,Sí
13714,2026-07-17,13,1,5,8,4,Permiso personal,4,Sí
13715,2026-07-29,13,1,5,8,4,Falta injustificada,4,No
13716,2026-07-30,13,1,5,8,4,Enfermedad,8,Sí
13717,2026-07-23,14,1,4,19,4,Enfermedad,8,Sí
13718,2026-07-14,20,1,2,24,4,Enfermedad,8,Sí
13719,2026-07-15,20,1,2,24,4,Enfermedad,4,Sí
13720,2026-07-24,20,1,2,24,4,Enfermedad,8,Sí
13721,2026-07-01,25,1,3,11,4,Permiso personal,8,Sí
13722,2026-07-15,25,1,3,11,4,Enfermedad,4,Sí
13723,2026-07-24,25,1,3,11,4,Permiso personal,4,Sí
13724,2026-07-19,35,1,1,11,4,Enfermedad,8,Sí
13725,2026-07-11,38,1,3,22,4,Permiso personal,8,Sí
13726,2026-07-01,41,1,2,17,4,Enfermedad,8,Sí
13727,2026-07-07,41,1,2,17,4,Enfermedad,8,Sí
13728,2026-07-31,41,1,2,17,4,Enfermedad,8,Sí
13729,2026-07-08,49,1,3,19,4,Falta injustificada,8,No
13730,2026-07-22,49,1,3,19,4,Permiso personal,8,Sí
13731,2026-07-04,52,1,4,19,4,Enfermedad,8,Sí
13732,2026-07-22,53,1,5,11,4,Enfermedad,8,Sí
13733,2026-07-30,53,1,5,11,4,Enfermedad,4,Sí
13734,2026-07-05,56,1,3,17,4,Enfermedad,8,Sí
13735,2026-07-09,56,1,3,17,4,Permiso personal,8,Sí
13736,2026-07-26,56,1,3,17,4,Enfermedad,8,Sí
13737,2026-07-03,59,1,4,7,4,Permiso personal,8,Sí
13738,2026-07-27,59,1,4,7,4,Falta injustificada,8,No
13739,2026-07-26,66,1,5,7,4,Enfermedad,8,Sí
13740,2026-07-30,66,1,5,7,4,Permiso personal,4,Sí
13741,2026-07-01,68,1,2,7,4,Enfermedad,8,Sí
13742,2026-07-24,68,1,2,7,4,Enfermedad,8,Sí
13743,2026-07-22,70,2,6,26,4,Enfermedad,8,Sí
13744,2026-07-27,77,2,6,25,4,Permiso personal,8,Sí
13745,2026-07-11,78,3,9,27,4,Enfermedad,8,Sí
13746,2026-07-10,83,1,1,21,4,Enfermedad,8,Sí
13747,2026-07-15,83,1,1,21,4,Permiso personal,8,Sí
13748,2026-07-30,84,1,3,9,4,Permiso personal,8,Sí
13749,2026-07-11,88,1,3,19,4,Falta injustificada,8,No
13750,2026-07-19,88,1,3,19,4,Permiso personal,4,Sí
13751,2026-07-17,90,2,6,26,4,Enfermedad,8,Sí
13752,2026-07-20,90,2,6,26,4,Enfermedad,8,Sí
13753,2026-07-20,93,1,4,14,4,Enfermedad,8,Sí
13754,2026-07-05,100,1,4,23,4,Falta injustificada,8,No
13755,2026-07-23,102,1,1,14,4,Falta injustificada,8,No
13756,2026-07-21,106,1,4,6,4,Permiso personal,8,Sí
13757,2026-07-22,106,1,4,6,4,Enfermedad,4,Sí
13758,2026-07-19,119,1,5,4,4,Permiso personal,8,Sí
13759,2026-07-22,119,1,5,4,4,Permiso personal,8,Sí
13760,2026-07-10,121,1,3,20,4,Enfermedad,8,Sí
13761,2026-07-09,122,1,2,21,4,Permiso personal,8,Sí
13762,2026-07-23,131,1,5,5,4,Enfermedad,8,Sí
13763,2026-07-12,135,1,4,18,4,Permiso personal,8,Sí
13764,2026-07-17,135,1,4,18,4,Enfermedad,4,Sí
13765,2026-07-07,140,1,1,22,4,Enfermedad,8,Sí
13766,2026-07-09,140,1,1,22,4,Enfermedad,8,Sí
13767,2026-07-15,140,1,1,22,4,Enfermedad,8,Sí
13768,2026-07-23,152,1,1,20,4,Permiso personal,4,Sí
13769,2026-07-08,160,1,3,19,4,Enfermedad,8,Sí
13770,2026-07-06,161,1,3,22,4,Permiso personal,8,Sí
13771,2026-07-16,161,1,3,22,4,Enfermedad,4,Sí
13772,2026-07-17,165,1,2,3,4,Enfermedad,4,Sí
13773,2026-07-18,165,1,2,3,4,Falta injustificada,4,No
13774,2026-07-23,167,1,3,22,4,Permiso personal,8,Sí
13775,2026-07-05,169,1,1,7,4,Permiso personal,8,Sí
13776,2026-07-02,171,1,4,4,4,Enfermedad,4,Sí
13777,2026-07-04,171,1,4,4,4,Enfermedad,8,Sí
13778,2026-07-24,171,1,4,4,4,Falta injustificada,8,No
13779,2026-07-25,184,1,1,11,4,Enfermedad,8,Sí
13780,2026-07-21,187,1,3,20,4,Enfermedad,8,Sí
13781,2026-07-11,192,1,1,2,4,Enfermedad,8,Sí
13782,2026-07-07,195,1,2,14,4,Falta injustificada,4,No
13783,2026-07-04,198,1,1,23,4,Enfermedad,8,Sí
13784,2026-07-10,198,1,1,23,4,Permiso personal,8,Sí
13785,2026-07-06,199,6,15,27,4,Enfermedad,8,Sí
13786,2026-07-12,203,4,12,27,4,Enfermedad,8,Sí
13787,2026-07-16,203,4,12,27,4,Enfermedad,4,Sí
13788,2026-07-19,203,4,12,27,4,Enfermedad,8,Sí
13789,2026-07-27,203,4,12,27,4,Permiso personal,8,Sí
13790,2026-07-30,203,4,12,27,4,Permiso personal,8,Sí
13791,2026-07-25,205,1,1,12,4,Enfermedad,8,Sí
13792,2026-07-23,213,1,4,14,4,Enfermedad,8,Sí
13793,2026-07-12,214,1,4,4,4,Falta injustificada,4,No
13794,2026-07-19,214,1,4,4,4,Enfermedad,4,Sí
13795,2026-07-14,216,1,4,20,4,Enfermedad,8,Sí
13796,2026-07-24,222,1,2,4,4,Enfermedad,8,Sí
13797,2026-07-14,229,2,8,25,4,Enfermedad,8,Sí
13798,2026-07-08,230,1,3,17,4,Enfermedad,4,Sí
13799,2026-07-04,233,2,6,25,4,Enfermedad,8,Sí
13800,2026-07-29,239,1,3,8,4,Enfermedad,8,Sí
13801,2026-07-19,241,1,1,14,4,Permiso personal,8,Sí
13802,2026-07-10,242,1,1,2,4,Enfermedad,8,Sí
13803,2026-07-26,242,1,1,2,4,Permiso personal,8,Sí
13804,2026-07-03,247,1,5,17,4,Permiso personal,8,Sí
13805,2026-07-26,247,1,5,17,4,Enfermedad,8,Sí
13806,2026-07-19,248,1,4,2,4,Permiso personal,8,Sí
13807,2026-07-24,248,1,4,2,4,Enfermedad,8,Sí
13808,2026-07-08,252,1,2,21,4,Enfermedad,8,Sí
13809,2026-07-20,252,1,2,21,4,Permiso personal,8,Sí
13810,2026-07-29,256,1,4,21,4,Enfermedad,4,Sí
13811,2026-07-09,257,1,2,22,4,Enfermedad,4,Sí
13812,2026-07-02,259,1,3,8,4,Enfermedad,8,Sí
13813,2026-07-14,259,1,3,8,4,Permiso personal,8,Sí
13814,2026-07-07,261,1,5,23,4,Enfermedad,4,Sí
13815,2026-07-22,263,1,3,12,4,Permiso personal,4,Sí
13816,2026-07-23,263,1,3,12,4,Falta injustificada,8,No
13817,2026-07-14,268,1,5,10,4,Permiso personal,8,Sí
13818,2026-07-21,268,1,5,10,4,Enfermedad,8,Sí
13819,2026-07-15,270,1,3,18,4,Permiso personal,4,Sí
13820,2026-07-30,270,1,3,18,4,Enfermedad,4,Sí
13821,2026-07-15,278,1,1,5,4,Enfermedad,8,Sí
13822,2026-07-25,278,1,1,5,4,Enfermedad,8,Sí
13823,2026-07-29,278,1,1,5,4,Falta injustificada,4,No
13824,2026-07-15,280,1,4,13,4,Permiso personal,8,Sí
13825,2026-07-08,285,5,14,27,4,Enfermedad,8,Sí
13826,2026-07-09,285,5,14,27,4,Enfermedad,8,Sí
13827,2026-07-18,285,5,14,27,4,Enfermedad,8,Sí
13828,2026-07-25,285,5,14,27,4,Permiso personal,8,Sí
13829,2026-07-05,289,1,3,1,4,Permiso personal,8,Sí
13830,2026-07-18,291,1,2,2,4,Enfermedad,8,Sí
13831,2026-07-04,292,2,6,26,4,Enfermedad,8,Sí
13832,2026-07-26,295,1,5,18,4,Permiso personal,8,Sí
13833,2026-07-25,299,2,6,25,4,Enfermedad,8,Sí
13834,2026-07-09,304,1,3,7,4,Enfermedad,4,Sí
13835,2026-07-17,304,1,3,7,4,Enfermedad,8,Sí
13836,2026-07-25,304,1,3,7,4,Permiso personal,8,Sí
13837,2026-07-14,307,1,5,2,4,Enfermedad,8,Sí
13838,2026-07-12,309,1,4,9,4,Permiso personal,8,Sí
13839,2026-07-17,314,2,7,25,4,Enfermedad,8,Sí
13840,2026-07-22,321,6,16,27,4,Enfermedad,8,Sí
13841,2026-07-13,322,6,16,27,4,Enfermedad,8,Sí
13842,2026-07-22,327,3,9,27,4,Permiso personal,8,Sí
13843,2026-07-24,327,3,9,27,4,Enfermedad,8,Sí
13844,2026-07-17,331,1,1,4,4,Permiso personal,8,Sí
13845,2026-07-10,340,5,13,27,4,Permiso personal,8,Sí
13846,2026-07-16,340,5,13,27,4,Falta injustificada,4,No
13847,2026-07-01,341,1,1,7,4,Enfermedad,8,Sí
13848,2026-07-24,341,1,1,7,4,Permiso personal,8,Sí
13849,2026-07-22,343,1,1,15,4,Falta injustificada,8,No
13850,2026-07-13,345,1,2,7,4,Permiso personal,8,Sí
13851,2026-07-21,345,1,2,7,4,Enfermedad,8,Sí
13852,2026-07-28,345,1,2,7,4,Enfermedad,8,Sí
13853,2026-07-07,348,1,4,13,4,Enfermedad,8,Sí
13854,2026-07-16,349,6,15,27,4,Permiso personal,8,Sí
13855,2026-07-08,351,1,1,11,3,Enfermedad,4,Sí
13856,2026-07-01,354,1,1,1,3,Enfermedad,8,Sí
13857,2026-07-23,355,1,5,2,4,Permiso personal,4,Sí
13858,2026-07-23,357,1,5,8,3,Enfermedad,8,Sí
13859,2026-07-17,359,1,3,11,2,Permiso personal,8,Sí
13860,2026-07-26,359,1,3,11,2,Enfermedad,8,Sí
13861,2026-07-05,360,1,2,23,4,Enfermedad,8,Sí
13862,2026-07-31,360,1,2,23,4,Falta injustificada,4,No
13863,2026-07-31,362,1,5,17,1,Permiso personal,8,Sí
13864,2026-07-19,365,3,9,27,1,Enfermedad,8,Sí
13865,2026-07-24,369,1,5,3,2,Enfermedad,8,Sí
13866,2026-07-24,370,2,6,26,3,Permiso personal,4,Sí
13867,2026-07-08,371,1,5,8,3,Permiso personal,8,Sí
13868,2026-07-29,371,1,5,8,3,Enfermedad,4,Sí
13869,2026-07-15,372,1,5,20,2,Enfermedad,8,Sí
13870,2026-07-18,372,1,5,20,2,Enfermedad,8,Sí
13871,2026-07-22,375,1,3,16,2,Permiso personal,8,Sí
13872,2026-07-10,376,3,10,27,4,Enfermedad,8,Sí
13873,2026-07-03,377,1,5,16,3,Enfermedad,8,Sí
13874,2026-07-10,384,2,6,25,3,Enfermedad,4,Sí
13875,2026-07-06,385,1,1,22,2,Permiso personal,8,Sí
13876,2026-07-19,385,1,1,22,2,Permiso personal,4,Sí
13877,2026-07-19,388,1,2,17,2,Enfermedad,8,Sí
13878,2026-07-19,389,1,3,6,3,Enfermedad,8,Sí
13879,2026-07-25,390,1,4,12,3,Permiso personal,4,Sí
13880,2026-07-29,391,2,7,26,2,Enfermedad,8,Sí
13881,2026-07-31,391,2,7,26,2,Enfermedad,8,Sí
13882,2026-07-13,392,6,16,27,2,Enfermedad,8,Sí
13883,2026-07-23,392,6,16,27,2,Enfermedad,8,Sí
13884,2026-07-19,393,1,4,4,3,Enfermedad,8,Sí
13885,2026-07-21,393,1,4,4,3,Permiso personal,8,Sí
13886,2026-07-23,397,1,3,7,4,Permiso personal,8,Sí
13887,2026-07-13,398,5,14,27,3,Enfermedad,8,Sí
13888,2026-07-14,398,5,14,27,3,Enfermedad,8,Sí
13889,2026-07-05,400,1,1,1,3,Enfermedad,8,Sí
13890,2026-07-14,400,1,1,1,3,Permiso personal,4,Sí
13891,2026-07-24,401,1,3,9,2,Permiso personal,8,Sí
13892,2026-07-06,402,1,4,10,3,Falta injustificada,8,No
13893,2026-07-10,404,1,5,10,3,Enfermedad,8,Sí
13894,2026-07-19,406,1,3,4,3,Enfermedad,8,Sí
13895,2026-07-26,406,1,3,4,3,Permiso personal,8,Sí
13896,2026-07-08,410,1,1,21,3,Enfermedad,8,Sí
13897,2026-07-11,411,1,1,21,1,Permiso personal,8,Sí
13898,2026-07-22,417,1,1,19,3,Enfermedad,8,Sí
13899,2026-07-29,417,1,1,19,3,Enfermedad,8,Sí
13900,2026-07-03,418,1,1,24,2,Enfermedad,8,Sí
13901,2026-07-04,418,1,1,24,2,Enfermedad,8,Sí
13902,2026-07-22,419,1,2,22,2,Enfermedad,4,Sí
13903,2026-07-19,420,1,5,17,2,Enfermedad,8,Sí
13904,2026-07-11,432,6,15,27,3,Enfermedad,8,Sí
13905,2026-07-31,432,6,15,27,3,Enfermedad,4,Sí
13906,2026-07-15,433,1,3,9,1,Falta injustificada,8,No
13907,2026-07-20,433,1,3,9,1,Falta injustificada,8,No
13908,2026-07-01,435,1,4,7,3,Falta injustificada,8,No
13909,2026-07-15,435,1,4,7,3,Permiso personal,8,Sí
13910,2026-07-19,435,1,4,7,3,Permiso personal,8,Sí
13911,2026-07-28,435,1,4,7,3,Enfermedad,8,Sí
13912,2026-07-16,437,1,5,12,3,Enfermedad,4,Sí
13913,2026-07-30,439,3,9,27,2,Enfermedad,8,Sí
13914,2026-07-22,445,1,2,16,3,Enfermedad,8,Sí
13915,2026-07-07,446,1,4,2,4,Permiso personal,8,Sí
13916,2026-07-29,446,1,4,2,4,Enfermedad,8,Sí
13917,2026-07-02,447,2,7,26,3,Enfermedad,8,Sí
13918,2026-07-25,449,1,3,24,3,Permiso personal,8,Sí
13919,2026-07-03,450,2,7,26,2,Enfermedad,8,Sí
13920,2026-07-15,456,1,2,15,3,Permiso personal,8,Sí
13921,2026-07-21,456,1,2,15,3,Permiso personal,4,Sí
13922,2026-07-10,457,1,5,9,4,Enfermedad,8,Sí
13923,2026-07-25,458,1,1,19,3,Enfermedad,8,Sí
13924,2026-07-04,459,4,11,27,2,Permiso personal,8,Sí
13925,2026-07-07,461,1,3,17,3,Falta injustificada,8,No
13926,2026-07-10,464,1,1,16,3,Enfermedad,8,Sí
13927,2026-07-21,464,1,1,16,3,Permiso personal,8,Sí
13928,2026-07-27,465,1,5,19,2,Enfermedad,8,Sí
13929,2026-07-11,466,2,7,26,3,Enfermedad,8,Sí
13930,2026-07-18,470,1,2,11,2,Enfermedad,8,Sí
13931,2026-07-16,474,1,5,5,2,Enfermedad,8,Sí
13932,2026-07-18,474,1,5,5,2,Enfermedad,8,Sí
13933,2026-07-22,477,5,13,27,3,Permiso personal,8,Sí
13934,2026-07-13,478,6,15,27,3,Permiso personal,4,Sí
13935,2026-07-27,478,6,15,27,3,Falta injustificada,8,No
13936,2026-07-08,481,1,1,20,3,Enfermedad,8,Sí
13937,2026-07-18,481,1,1,20,3,Falta injustificada,4,No
13938,2026-07-23,481,1,1,20,3,Enfermedad,8,Sí
13939,2026-07-28,481,1,1,20,3,Falta injustificada,4,No
13940,2026-07-03,482,1,3,23,2,Permiso personal,8,Sí
13941,2026-07-13,483,1,2,3,2,Falta injustificada,8,No
13942,2026-07-16,486,1,4,18,4,Enfermedad,8,Sí
13943,2026-07-14,489,1,1,15,2,Enfermedad,8,Sí
13944,2026-07-11,491,1,5,24,2,Permiso personal,8,Sí
13945,2026-07-05,493,1,5,18,3,Enfermedad,8,Sí
13946,2026-07-14,496,1,5,5,4,Permiso personal,8,Sí
13947,2026-07-29,496,1,5,5,4,Falta injustificada,8,No
13948,2026-07-11,498,1,1,18,3,Permiso personal,8,Sí
13949,2026-07-15,498,1,1,18,3,Permiso personal,8,Sí
13950,2026-07-03,499,1,1,18,2,Permiso personal,8,Sí
13951,2026-07-07,499,1,1,18,2,Enfermedad,4,Sí
13952,2026-07-02,501,1,5,23,2,Enfermedad,4,Sí
13953,2026-07-10,501,1,5,23,2,Permiso personal,8,Sí
13954,2026-07-24,503,1,3,16,3,Enfermedad,8,Sí
13955,2026-07-28,503,1,3,16,3,Permiso personal,4,Sí
13956,2026-07-29,503,1,3,16,3,Falta injustificada,8,No
13957,2026-07-01,505,3,9,27,2,Enfermedad,8,Sí
13958,2026-07-05,505,3,9,27,2,Falta injustificada,8,No
13959,2026-07-20,506,2,6,25,3,Enfermedad,8,Sí
13960,2026-07-11,508,1,4,14,3,Enfermedad,8,Sí
13961,2026-07-19,508,1,4,14,3,Enfermedad,4,Sí
13962,2026-07-26,508,1,4,14,3,Enfermedad,4,Sí
13963,2026-07-17,509,1,3,13,2,Permiso personal,8,Sí
13964,2026-07-06,510,5,14,27,4,Enfermedad,4,Sí
13965,2026-07-14,510,5,14,27,4,Enfermedad,4,Sí
13966,2026-07-19,511,1,4,5,2,Enfermedad,4,Sí
13967,2026-07-20,512,1,4,9,2,Falta injustificada,8,No
13968,2026-07-03,513,1,1,23,3,Falta injustificada,8,No
13969,2026-07-17,514,1,1,17,2,Enfermedad,8,Sí
13970,2026-07-17,516,2,8,25,1,Permiso personal,8,Sí
13971,2026-07-20,518,5,14,27,3,Permiso personal,8,Sí
13972,2026-07-29,522,1,1,7,3,Enfermedad,8,Sí
13973,2026-07-01,524,6,15,27,3,Enfermedad,8,Sí
13974,2026-07-09,524,6,15,27,3,Permiso personal,4,Sí
13975,2026-07-04,528,1,1,4,2,Enfermedad,8,Sí
13976,2026-07-16,529,1,3,24,3,Permiso personal,8,Sí
13977,2026-07-10,531,1,1,15,2,Enfermedad,8,Sí
13978,2026-07-02,532,1,5,11,3,Enfermedad,4,Sí
13979,2026-07-29,533,1,3,15,3,Permiso personal,8,Sí
13980,2026-07-03,534,1,2,22,4,Enfermedad,8,Sí
13981,2026-07-21,537,2,8,25,3,Enfermedad,8,Sí
13982,2026-07-06,538,2,7,26,2,Permiso personal,8,Sí
13983,2026-07-05,540,1,3,14,4,Enfermedad,8,Sí
13984,2026-07-25,540,1,3,14,4,Permiso personal,8,Sí
13985,2026-07-16,549,1,1,23,3,Enfermedad,4,Sí
13986,2026-07-03,550,1,2,7,2,Enfermedad,8,Sí
13987,2026-07-12,550,1,2,7,2,Enfermedad,8,Sí
13988,2026-07-29,550,1,2,7,2,Enfermedad,8,Sí
13989,2026-07-24,552,2,8,25,2,Enfermedad,8,Sí
13990,2026-07-28,555,1,5,12,2,Enfermedad,8,Sí
13991,2026-07-31,555,1,5,12,2,Permiso personal,8,Sí
13992,2026-07-26,556,1,1,7,3,Enfermedad,8,Sí
13993,2026-07-14,558,1,1,3,2,Permiso personal,8,Sí
13994,2026-07-16,558,1,1,3,2,Enfermedad,8,Sí
13995,2026-07-17,558,1,1,3,2,Enfermedad,4,Sí
13996,2026-07-07,561,1,1,15,3,Falta injustificada,8,No
13997,2026-07-05,563,1,3,13,3,Enfermedad,8,Sí
13998,2026-07-10,563,1,3,13,3,Enfermedad,4,Sí
13999,2026-07-18,569,3,10,27,3,Enfermedad,8,Sí
14000,2026-07-26,570,1,5,14,1,Enfermedad,8,Sí
14001,2026-07-30,570,1,5,14,1,Enfermedad,8,Sí
14002,2026-07-01,571,1,3,12,3,Enfermedad,4,Sí
14003,2026-07-31,571,1,3,12,3,Enfermedad,4,Sí
14004,2026-07-28,573,1,3,15,3,Enfermedad,8,Sí
14005,2026-07-23,574,1,3,22,3,Enfermedad,8,Sí
14006,2026-07-18,575,1,3,8,2,Enfermedad,8,Sí
14007,2026-07-25,575,1,3,8,2,Permiso personal,8,Sí
14008,2026-07-03,585,1,5,1,2,Enfermedad,8,Sí
14009,2026-07-08,587,1,1,6,3,Enfermedad,8,Sí
14010,2026-07-13,587,1,1,6,3,Enfermedad,8,Sí
14011,2026-07-16,587,1,1,6,3,Enfermedad,8,Sí
14012,2026-07-06,595,2,6,25,3,Enfermedad,8,Sí
14013,2026-07-14,595,2,6,25,3,Enfermedad,8,Sí
14014,2026-07-01,599,2,6,26,2,Permiso personal,8,Sí
14015,2026-07-16,599,2,6,26,2,Permiso personal,8,Sí
14016,2026-07-23,599,2,6,26,2,Enfermedad,8,Sí
14017,2026-07-22,600,1,4,3,1,Enfermedad,4,Sí
14018,2026-07-02,605,1,4,16,4,Enfermedad,8,Sí
14019,2026-07-02,606,1,1,6,3,Enfermedad,4,Sí
14020,2026-07-08,606,1,1,6,3,Enfermedad,8,Sí
14021,2026-07-09,606,1,1,6,3,Permiso personal,8,Sí
14022,2026-07-13,608,1,2,17,2,Enfermedad,8,Sí
14023,2026-07-19,611,1,1,10,4,Enfermedad,8,Sí
14024,2026-07-28,611,1,1,10,4,Permiso personal,8,Sí
14025,2026-07-02,612,1,1,18,3,Enfermedad,8,Sí
14026,2026-07-07,614,2,6,25,1,Permiso personal,8,Sí
14027,2026-07-09,614,2,6,25,1,Permiso personal,8,Sí
14028,2026-07-14,614,2,6,25,1,Enfermedad,8,Sí
14029,2026-07-22,614,2,6,25,1,Falta injustificada,8,No
14030,2026-07-01,616,1,4,23,3,Enfermedad,8,Sí
14031,2026-07-06,616,1,4,23,3,Enfermedad,8,Sí
14032,2026-07-14,616,1,4,23,3,Enfermedad,8,Sí
14033,2026-07-03,619,1,1,7,3,Permiso personal,8,Sí
14034,2026-07-04,619,1,1,7,3,Enfermedad,8,Sí
14035,2026-07-30,621,1,1,12,1,Enfermedad,8,Sí
14036,2026-07-27,623,1,5,14,1,Enfermedad,8,Sí
14037,2026-07-19,626,2,6,25,4,Permiso personal,8,Sí
14038,2026-07-05,631,1,2,8,3,Enfermedad,8,Sí
14039,2026-07-18,631,1,2,8,3,Permiso personal,8,Sí
14040,2026-07-20,637,1,1,22,3,Falta injustificada,8,No
14041,2026-07-18,638,1,5,24,3,Enfermedad,8,Sí
14042,2026-07-02,640,1,1,3,3,Enfermedad,4,Sí
14043,2026-07-04,640,1,1,3,3,Enfermedad,8,Sí
14044,2026-07-23,640,1,1,3,3,Falta injustificada,8,No
14045,2026-07-03,641,1,1,15,2,Enfermedad,8,Sí
14046,2026-07-26,647,1,1,5,3,Permiso personal,8,Sí
14047,2026-07-21,649,1,2,6,3,Falta injustificada,8,No
14048,2026-07-02,650,1,3,9,3,Enfermedad,8,Sí
14049,2026-07-25,654,1,5,21,2,Permiso personal,8,Sí
14050,2026-07-28,659,1,1,23,2,Enfermedad,4,Sí
14051,2026-07-15,664,1,1,7,3,Enfermedad,8,Sí
14052,2026-07-22,664,1,1,7,3,Enfermedad,8,Sí
14053,2026-07-06,665,1,4,16,3,Permiso personal,4,Sí
14054,2026-07-26,667,2,6,25,3,Enfermedad,8,Sí
14055,2026-07-29,669,1,1,23,2,Enfermedad,4,Sí
14056,2026-07-27,671,1,1,9,2,Enfermedad,8,Sí
14057,2026-07-23,675,1,1,1,2,Enfermedad,4,Sí
14058,2026-07-16,676,1,1,7,3,Permiso personal,8,Sí
14059,2026-07-11,677,1,2,8,1,Enfermedad,8,Sí
14060,2026-07-23,678,1,2,2,3,Enfermedad,8,Sí
14061,2026-07-20,679,1,1,24,2,Permiso personal,8,Sí
14062,2026-07-01,680,1,1,16,2,Enfermedad,8,Sí
14063,2026-07-18,680,1,1,16,2,Enfermedad,8,Sí
14064,2026-07-10,683,1,1,22,2,Permiso personal,4,Sí
14065,2026-07-12,683,1,1,22,2,Enfermedad,8,Sí
14066,2026-07-10,691,2,8,25,2,Permiso personal,4,Sí
14067,2026-07-06,693,1,1,9,2,Falta injustificada,8,No
14068,2026-07-13,699,1,4,11,3,Enfermedad,8,Sí
14069,2026-07-22,699,1,4,11,3,Enfermedad,8,Sí
14070,2026-07-03,703,1,2,13,1,Permiso personal,8,Sí
14071,2026-07-20,703,1,2,13,1,Enfermedad,8,Sí
14072,2026-07-16,704,1,1,2,3,Permiso personal,8,Sí
14073,2026-07-29,704,1,1,2,3,Enfermedad,8,Sí
14074,2026-07-21,705,1,1,2,3,Enfermedad,8,Sí
14075,2026-07-20,709,1,3,4,3,Falta injustificada,8,No
14076,2026-07-16,710,1,2,17,1,Permiso personal,8,Sí
14077,2026-07-18,711,4,12,27,3,Enfermedad,8,Sí
14078,2026-07-16,713,1,1,5,3,Permiso personal,8,Sí
14079,2026-07-17,713,1,1,5,3,Permiso personal,4,Sí
14080,2026-07-07,714,1,5,12,1,Enfermedad,4,Sí
14081,2026-07-29,714,1,5,12,1,Enfermedad,8,Sí
14082,2026-07-01,718,1,2,17,2,Permiso personal,8,Sí
14083,2026-07-24,718,1,2,17,2,Enfermedad,4,Sí
14084,2026-07-30,718,1,2,17,2,Enfermedad,8,Sí
14085,2026-07-18,722,1,3,17,2,Permiso personal,8,Sí
14086,2026-07-22,722,1,3,17,2,Enfermedad,8,Sí
14087,2026-07-05,724,1,1,7,2,Falta injustificada,4,No
14088,2026-07-25,725,1,4,18,3,Enfermedad,8,Sí
14089,2026-07-30,725,1,4,18,3,Enfermedad,4,Sí
14090,2026-07-01,733,1,3,20,4,Enfermedad,8,Sí
14091,2026-07-25,733,1,3,20,4,Permiso personal,4,Sí
14092,2026-07-24,738,1,4,9,1,Enfermedad,8,Sí
14093,2026-07-05,739,1,5,7,1,Enfermedad,8,Sí
14094,2026-07-31,739,1,5,7,1,Enfermedad,8,Sí
14095,2026-07-08,740,1,2,4,2,Enfermedad,8,Sí
14096,2026-07-02,742,1,2,14,3,Permiso personal,4,Sí
14097,2026-07-15,743,1,3,12,2,Enfermedad,8,Sí
14098,2026-07-21,743,1,3,12,2,Permiso personal,8,Sí
14099,2026-07-23,747,1,1,5,3,Falta injustificada,8,No
14100,2026-07-30,747,1,1,5,3,Enfermedad,8,Sí
14101,2026-07-02,749,1,1,8,3,Enfermedad,8,Sí
14102,2026-07-15,749,1,1,8,3,Enfermedad,8,Sí
14103,2026-07-05,750,1,2,17,3,Enfermedad,4,Sí
14104,2026-07-07,750,1,2,17,3,Enfermedad,8,Sí
14105,2026-07-01,753,1,5,17,3,Permiso personal,8,Sí
14106,2026-07-15,753,1,5,17,3,Enfermedad,4,Sí
14107,2026-07-26,753,1,5,17,3,Enfermedad,4,Sí
14108,2026-07-21,756,1,3,22,3,Enfermedad,8,Sí
14109,2026-07-22,757,1,4,1,2,Enfermedad,8,Sí
14110,2026-07-26,757,1,4,1,2,Enfermedad,8,Sí
14111,2026-07-11,758,1,5,8,2,Enfermedad,8,Sí
14112,2026-07-27,758,1,5,8,2,Enfermedad,8,Sí
14113,2026-07-31,758,1,5,8,2,Enfermedad,4,Sí
14114,2026-07-12,760,1,5,1,3,Falta injustificada,4,No
14115,2026-07-15,760,1,5,1,3,Enfermedad,4,Sí
14116,2026-07-29,760,1,5,1,3,Permiso personal,8,Sí
14117,2026-07-22,762,1,1,19,2,Enfermedad,8,Sí
14118,2026-07-10,766,1,2,23,2,Falta injustificada,8,No
14119,2026-07-07,771,1,1,7,3,Enfermedad,8,Sí
14120,2026-07-25,771,1,1,7,3,Enfermedad,8,Sí
14121,2026-07-28,771,1,1,7,3,Enfermedad,8,Sí
14122,2026-07-13,776,6,15,27,2,Enfermedad,8,Sí
14123,2026-07-28,776,6,15,27,2,Enfermedad,4,Sí
14124,2026-07-31,776,6,15,27,2,Permiso personal,8,Sí
14125,2026-07-29,777,1,5,24,1,Permiso personal,8,Sí
14126,2026-07-22,778,5,13,27,3,Enfermedad,8,Sí
14127,2026-07-25,779,1,1,2,2,Enfermedad,8,Sí
14128,2026-07-10,789,2,8,26,2,Permiso personal,8,Sí
14129,2026-07-09,791,2,7,26,2,Permiso personal,4,Sí
14130,2026-07-08,795,1,3,1,2,Enfermedad,8,Sí
14131,2026-07-24,795,1,3,1,2,Enfermedad,4,Sí
14132,2026-07-25,800,1,3,17,3,Enfermedad,8,Sí
14133,2026-07-21,806,1,1,14,3,Enfermedad,8,Sí
14134,2026-07-21,807,5,13,27,4,Falta injustificada,8,No
14135,2026-07-27,812,1,4,4,4,Enfermedad,8,Sí
14136,2026-07-31,816,4,12,27,3,Enfermedad,8,Sí
14137,2026-07-04,817,1,1,22,2,Permiso personal,8,Sí
14138,2026-07-27,822,1,1,18,3,Permiso personal,8,Sí
14139,2026-07-24,823,1,3,5,3,Enfermedad,8,Sí
14140,2026-07-17,825,5,13,27,3,Enfermedad,8,Sí
14141,2026-07-24,825,5,13,27,3,Enfermedad,8,Sí
14142,2026-07-07,827,4,11,27,3,Permiso personal,4,Sí
14143,2026-07-26,827,4,11,27,3,Enfermedad,8,Sí
14144,2026-07-02,829,1,1,17,4,Enfermedad,8,Sí
14145,2026-07-12,829,1,1,17,4,Enfermedad,4,Sí
14146,2026-07-22,830,1,1,24,3,Enfermedad,4,Sí
14147,2026-07-17,831,1,1,22,2,Enfermedad,4,Sí
14148,2026-07-22,831,1,1,22,2,Enfermedad,8,Sí
14149,2026-07-12,833,1,5,13,3,Enfermedad,8,Sí
14150,2026-07-20,833,1,5,13,3,Enfermedad,4,Sí
14151,2026-07-11,836,5,13,27,4,Enfermedad,4,Sí
14152,2026-07-24,837,1,3,17,3,Permiso personal,8,Sí
14153,2026-07-09,838,1,1,6,4,Enfermedad,8,Sí
14154,2026-07-20,840,1,4,24,3,Enfermedad,4,Sí
14155,2026-07-12,844,1,3,17,3,Enfermedad,8,Sí
14156,2026-07-17,845,1,4,15,2,Permiso personal,4,Sí
14157,2026-07-13,848,1,1,12,3,Permiso personal,8,Sí
14158,2026-07-03,849,1,5,2,4,Enfermedad,8,Sí
14159,2026-07-11,850,1,3,22,3,Permiso personal,8,Sí
14160,2026-07-18,851,1,1,14,3,Falta injustificada,4,No
14161,2026-07-31,851,1,1,14,3,Enfermedad,8,Sí
14162,2026-07-12,856,1,3,7,1,Enfermedad,8,Sí
14163,2026-07-02,857,2,8,26,3,Enfermedad,8,Sí
14164,2026-07-13,857,2,8,26,3,Permiso personal,8,Sí
14165,2026-07-05,858,1,4,14,4,Enfermedad,8,Sí
14166,2026-07-23,858,1,4,14,4,Enfermedad,8,Sí
14167,2026-07-07,860,1,5,7,3,Permiso personal,8,Sí
14168,2026-07-20,860,1,5,7,3,Permiso personal,8,Sí
14169,2026-07-22,860,1,5,7,3,Permiso personal,8,Sí
14170,2026-07-21,861,1,2,4,2,Permiso personal,8,Sí
14171,2026-07-06,862,1,2,4,3,Permiso personal,4,Sí
14172,2026-07-27,862,1,2,4,3,Enfermedad,8,Sí
14173,2026-07-13,871,1,1,23,3,Permiso personal,8,Sí
14174,2026-07-17,871,1,1,23,3,Enfermedad,8,Sí
14175,2026-07-20,871,1,1,23,3,Enfermedad,8,Sí
14176,2026-07-01,872,2,6,25,4,Permiso personal,8,Sí
14177,2026-07-09,872,2,6,25,4,Enfermedad,8,Sí
14178,2026-07-01,874,1,3,11,3,Enfermedad,8,Sí
14179,2026-07-13,874,1,3,11,3,Enfermedad,8,Sí
14180,2026-07-15,874,1,3,11,3,Permiso personal,8,Sí
14181,2026-07-20,877,1,2,2,3,Falta injustificada,8,No
14182,2026-07-13,878,1,5,9,1,Permiso personal,8,Sí
14183,2026-07-24,886,5,13,27,3,Permiso personal,8,Sí
14184,2026-07-04,887,1,2,10,4,Falta injustificada,4,No
14185,2026-07-14,888,1,2,12,2,Enfermedad,8,Sí
14186,2026-07-22,888,1,2,12,2,Permiso personal,8,Sí
14187,2026-07-06,889,1,1,21,3,Enfermedad,8,Sí
14188,2026-07-12,891,1,1,10,3,Enfermedad,8,Sí
14189,2026-07-14,891,1,1,10,3,Enfermedad,8,Sí
14190,2026-07-02,893,4,11,27,2,Enfermedad,8,Sí
14191,2026-07-11,893,4,11,27,2,Enfermedad,8,Sí
14192,2026-07-26,893,4,11,27,2,Enfermedad,4,Sí
14193,2026-07-15,897,1,4,10,3,Permiso personal,4,Sí
14194,2026-07-07,898,1,1,7,3,Enfermedad,8,Sí
14195,2026-07-03,900,1,5,19,2,Enfermedad,8,Sí
14196,2026-08-18,2,2,7,25,4,Enfermedad,8,Sí
14197,2026-08-10,3,1,4,11,4,Enfermedad,8,Sí
14198,2026-08-13,3,1,4,11,4,Permiso personal,4,Sí
14199,2026-08-17,8,2,8,25,4,Enfermedad,8,Sí
14200,2026-08-24,8,2,8,25,4,Permiso personal,8,Sí
14201,2026-08-15,9,1,1,11,4,Enfermedad,8,Sí
14202,2026-08-12,13,1,5,8,4,Enfermedad,8,Sí
14203,2026-08-26,14,1,4,19,4,Enfermedad,8,Sí
14204,2026-08-20,20,1,2,24,4,Enfermedad,4,Sí
14205,2026-08-08,25,1,3,11,4,Permiso personal,4,Sí
14206,2026-08-09,25,1,3,11,4,Enfermedad,8,Sí
14207,2026-08-30,38,1,3,22,4,Enfermedad,4,Sí
14208,2026-08-22,50,2,7,26,4,Enfermedad,8,Sí
14209,2026-08-31,50,2,7,26,4,Permiso personal,4,Sí
14210,2026-08-10,51,1,2,11,4,Permiso personal,8,Sí
14211,2026-08-05,56,1,3,17,4,Permiso personal,8,Sí
14212,2026-08-04,68,1,2,7,4,Permiso personal,8,Sí
14213,2026-08-25,68,1,2,7,4,Enfermedad,8,Sí
14214,2026-08-26,68,1,2,7,4,Enfermedad,8,Sí
14215,2026-08-02,70,2,6,26,4,Enfermedad,8,Sí
14216,2026-08-03,70,2,6,26,4,Enfermedad,4,Sí
14217,2026-08-10,70,2,6,26,4,Falta injustificada,8,No
14218,2026-08-29,72,1,1,21,4,Enfermedad,8,Sí
14219,2026-08-08,78,3,9,27,4,Falta injustificada,8,No
14220,2026-08-03,80,1,3,12,4,Enfermedad,8,Sí
14221,2026-08-11,83,1,1,21,4,Enfermedad,8,Sí
14222,2026-08-18,83,1,1,21,4,Permiso personal,8,Sí
14223,2026-08-29,88,1,3,19,4,Permiso personal,8,Sí
14224,2026-08-28,89,1,4,19,4,Permiso personal,8,Sí
14225,2026-08-26,90,2,6,26,4,Enfermedad,8,Sí
14226,2026-08-27,90,2,6,26,4,Permiso personal,4,Sí
14227,2026-08-14,93,1,4,14,4,Enfermedad,4,Sí
14228,2026-08-31,97,1,3,3,4,Enfermedad,8,Sí
14229,2026-08-18,98,1,3,18,4,Permiso personal,4,Sí
14230,2026-08-25,112,1,1,9,4,Permiso personal,8,Sí
14231,2026-08-03,119,1,5,4,4,Permiso personal,8,Sí
14232,2026-08-03,129,1,1,21,4,Permiso personal,4,Sí
14233,2026-08-21,131,1,5,5,4,Enfermedad,4,Sí
14234,2026-08-18,135,1,4,18,4,Enfermedad,4,Sí
14235,2026-08-21,135,1,4,18,4,Enfermedad,8,Sí
14236,2026-08-30,140,1,1,22,4,Permiso personal,8,Sí
14237,2026-08-22,152,1,1,20,4,Enfermedad,4,Sí
14238,2026-08-24,160,1,3,19,4,Permiso personal,8,Sí
14239,2026-08-23,161,1,3,22,4,Enfermedad,4,Sí
14240,2026-08-25,163,1,5,22,4,Falta injustificada,8,No
14241,2026-08-29,163,1,5,22,4,Enfermedad,8,Sí
14242,2026-08-23,169,1,1,7,4,Enfermedad,8,Sí
14243,2026-08-03,171,1,4,4,4,Enfermedad,8,Sí
14244,2026-08-01,176,1,1,6,4,Enfermedad,8,Sí
14245,2026-08-02,176,1,1,6,4,Permiso personal,8,Sí
14246,2026-08-19,176,1,1,6,4,Permiso personal,8,Sí
14247,2026-08-19,181,1,1,9,4,Falta injustificada,8,No
14248,2026-08-06,192,1,1,2,4,Enfermedad,8,Sí
14249,2026-08-20,195,1,2,14,4,Enfermedad,4,Sí
14250,2026-08-08,198,1,1,23,4,Enfermedad,8,Sí
14251,2026-08-09,203,4,12,27,4,Enfermedad,8,Sí
14252,2026-08-26,203,4,12,27,4,Permiso personal,4,Sí
14253,2026-08-09,205,1,1,12,4,Enfermedad,8,Sí
14254,2026-08-15,205,1,1,12,4,Enfermedad,8,Sí
14255,2026-08-27,207,1,1,3,4,Falta injustificada,4,No
14256,2026-08-28,208,2,6,25,4,Permiso personal,8,Sí
14257,2026-08-06,214,1,4,4,4,Falta injustificada,8,No
14258,2026-08-15,214,1,4,4,4,Permiso personal,4,Sí
14259,2026-08-09,224,5,14,27,4,Enfermedad,4,Sí
14260,2026-08-19,224,5,14,27,4,Enfermedad,4,Sí
14261,2026-08-25,224,5,14,27,4,Falta injustificada,8,No
14262,2026-08-07,229,2,8,25,4,Enfermedad,8,Sí
14263,2026-08-18,230,1,3,17,4,Enfermedad,8,Sí
14264,2026-08-12,235,1,3,17,4,Permiso personal,8,Sí
14265,2026-08-04,236,1,1,2,4,Falta injustificada,4,No
14266,2026-08-05,239,1,3,8,4,Enfermedad,8,Sí
14267,2026-08-28,241,1,1,14,4,Enfermedad,8,Sí
14268,2026-08-01,248,1,4,2,4,Enfermedad,8,Sí
14269,2026-08-18,268,1,5,10,4,Permiso personal,8,Sí
14270,2026-08-02,270,1,3,18,4,Enfermedad,4,Sí
14271,2026-08-14,270,1,3,18,4,Enfermedad,8,Sí
14272,2026-08-26,280,1,4,13,4,Permiso personal,8,Sí
14273,2026-08-06,291,1,2,2,4,Permiso personal,4,Sí
14274,2026-08-14,292,2,6,26,4,Permiso personal,8,Sí
14275,2026-08-14,299,2,6,25,4,Permiso personal,8,Sí
14276,2026-08-27,299,2,6,25,4,Enfermedad,8,Sí
14277,2026-08-28,300,5,13,27,4,Enfermedad,4,Sí
14278,2026-08-06,306,1,4,4,4,Enfermedad,8,Sí
14279,2026-08-21,307,1,5,2,4,Enfermedad,8,Sí
14280,2026-08-27,307,1,5,2,4,Permiso personal,8,Sí
14281,2026-08-09,309,1,4,9,4,Enfermedad,8,Sí
14282,2026-08-26,314,2,7,25,4,Enfermedad,4,Sí
14283,2026-08-19,327,3,9,27,4,Enfermedad,8,Sí
14284,2026-08-08,331,1,1,4,4,Permiso personal,8,Sí
14285,2026-08-17,331,1,1,4,4,Enfermedad,8,Sí
14286,2026-08-22,331,1,1,4,4,Permiso personal,8,Sí
14287,2026-08-13,340,5,13,27,4,Permiso personal,8,Sí
14288,2026-08-22,341,1,1,7,4,Enfermedad,8,Sí
14289,2026-08-26,341,1,1,7,4,Enfermedad,8,Sí
14290,2026-08-28,341,1,1,7,4,Enfermedad,8,Sí
14291,2026-08-25,350,1,5,23,4,Permiso personal,8,Sí
14292,2026-08-19,351,1,1,11,3,Permiso personal,8,Sí
14293,2026-08-08,353,1,2,9,3,Enfermedad,8,Sí
14294,2026-08-10,353,1,2,9,3,Enfermedad,8,Sí
14295,2026-08-31,353,1,2,9,3,Enfermedad,8,Sí
14296,2026-08-08,355,1,5,2,4,Permiso personal,8,Sí
14297,2026-08-20,355,1,5,2,4,Enfermedad,8,Sí
14298,2026-08-06,357,1,5,8,3,Permiso personal,4,Sí
14299,2026-08-19,358,1,2,13,3,Enfermedad,8,Sí
14300,2026-08-02,359,1,3,11,2,Enfermedad,8,Sí
14301,2026-08-16,359,1,3,11,2,Enfermedad,4,Sí
14302,2026-08-02,360,1,2,23,4,Enfermedad,8,Sí
14303,2026-08-13,369,1,5,3,2,Enfermedad,8,Sí
14304,2026-08-20,370,2,6,26,3,Enfermedad,4,Sí
14305,2026-08-12,371,1,5,8,3,Enfermedad,4,Sí
14306,2026-08-19,371,1,5,8,3,Permiso personal,8,Sí
14307,2026-08-24,371,1,5,8,3,Enfermedad,4,Sí
14308,2026-08-27,371,1,5,8,3,Enfermedad,4,Sí
14309,2026-08-16,372,1,5,20,2,Permiso personal,8,Sí
14310,2026-08-22,372,1,5,20,2,Falta injustificada,8,No
14311,2026-08-24,372,1,5,20,2,Enfermedad,8,Sí
14312,2026-08-02,375,1,3,16,2,Enfermedad,8,Sí
14313,2026-08-21,377,1,5,16,3,Permiso personal,8,Sí
14314,2026-08-25,377,1,5,16,3,Enfermedad,8,Sí
14315,2026-08-31,377,1,5,16,3,Permiso personal,8,Sí
14316,2026-08-13,381,1,2,17,3,Enfermedad,8,Sí
14317,2026-08-14,384,2,6,25,3,Permiso personal,8,Sí
14318,2026-08-27,384,2,6,25,3,Permiso personal,8,Sí
14319,2026-08-26,386,1,1,5,2,Enfermedad,8,Sí
14320,2026-08-14,391,2,7,26,2,Enfermedad,4,Sí
14321,2026-08-24,391,2,7,26,2,Permiso personal,8,Sí
14322,2026-08-28,391,2,7,26,2,Enfermedad,8,Sí
14323,2026-08-25,392,6,16,27,2,Permiso personal,4,Sí
14324,2026-08-27,392,6,16,27,2,Falta injustificada,8,No
14325,2026-08-26,398,5,14,27,3,Enfermedad,8,Sí
14326,2026-08-31,398,5,14,27,3,Enfermedad,8,Sí
14327,2026-08-29,400,1,1,1,3,Enfermedad,4,Sí
14328,2026-08-01,401,1,3,9,2,Permiso personal,8,Sí
14329,2026-08-07,401,1,3,9,2,Permiso personal,8,Sí
14330,2026-08-06,402,1,4,10,3,Permiso personal,8,Sí
14331,2026-08-13,404,1,5,10,3,Enfermedad,8,Sí
14332,2026-08-13,418,1,1,24,2,Enfermedad,8,Sí
14333,2026-08-04,419,1,2,22,2,Enfermedad,8,Sí
14334,2026-08-27,420,1,5,17,2,Permiso personal,8,Sí
14335,2026-08-05,421,1,1,13,3,Enfermedad,8,Sí
14336,2026-08-08,421,1,1,13,3,Enfermedad,8,Sí
14337,2026-08-10,421,1,1,13,3,Enfermedad,8,Sí
14338,2026-08-18,421,1,1,13,3,Permiso personal,8,Sí
14339,2026-08-13,434,1,1,15,3,Enfermedad,8,Sí
14340,2026-08-30,435,1,4,7,3,Permiso personal,4,Sí
14341,2026-08-15,438,2,6,25,3,Enfermedad,8,Sí
14342,2026-08-04,439,3,9,27,2,Enfermedad,4,Sí
14343,2026-08-05,439,3,9,27,2,Permiso personal,8,Sí
14344,2026-08-09,445,1,2,16,3,Enfermedad,8,Sí
14345,2026-08-14,446,1,4,2,4,Enfermedad,8,Sí
14346,2026-08-07,447,2,7,26,3,Falta injustificada,8,No
14347,2026-08-31,447,2,7,26,3,Permiso personal,8,Sí
14348,2026-08-16,450,2,7,26,2,Enfermedad,8,Sí
14349,2026-08-31,450,2,7,26,2,Enfermedad,8,Sí
14350,2026-08-10,451,1,1,23,1,Permiso personal,4,Sí
14351,2026-08-05,452,1,3,21,3,Enfermedad,8,Sí
14352,2026-08-06,452,1,3,21,3,Enfermedad,8,Sí
14353,2026-08-08,452,1,3,21,3,Enfermedad,8,Sí
14354,2026-08-04,457,1,5,9,4,Enfermedad,8,Sí
14355,2026-08-14,457,1,5,9,4,Permiso personal,8,Sí
14356,2026-08-25,457,1,5,9,4,Permiso personal,8,Sí
14357,2026-08-27,458,1,1,19,3,Permiso personal,8,Sí
14358,2026-08-15,459,4,11,27,2,Enfermedad,8,Sí
14359,2026-08-05,461,1,3,17,3,Permiso personal,8,Sí
14360,2026-08-09,462,3,10,27,3,Enfermedad,8,Sí
14361,2026-08-16,465,1,5,19,2,Permiso personal,8,Sí
14362,2026-08-16,466,2,7,26,3,Permiso personal,8,Sí
14363,2026-08-26,467,1,5,7,1,Enfermedad,8,Sí
14364,2026-08-23,472,1,1,9,4,Enfermedad,8,Sí
14365,2026-08-15,478,6,15,27,3,Enfermedad,8,Sí
14366,2026-08-27,482,1,3,23,2,Enfermedad,8,Sí
14367,2026-08-03,486,1,4,18,4,Enfermedad,8,Sí
14368,2026-08-13,488,1,3,23,1,Enfermedad,8,Sí
14369,2026-08-13,489,1,1,15,2,Enfermedad,8,Sí
14370,2026-08-05,491,1,5,24,3,Enfermedad,4,Sí
14371,2026-08-17,499,1,1,18,2,Enfermedad,8,Sí
14372,2026-08-31,503,1,3,16,3,Enfermedad,8,Sí
14373,2026-08-08,506,2,6,25,3,Enfermedad,8,Sí
14374,2026-08-09,506,2,6,25,3,Permiso personal,8,Sí
14375,2026-08-24,506,2,6,25,3,Enfermedad,8,Sí
14376,2026-08-31,506,2,6,25,3,Enfermedad,4,Sí
14377,2026-08-19,508,1,4,14,3,Permiso personal,8,Sí
14378,2026-08-21,508,1,4,14,3,Enfermedad,4,Sí
14379,2026-08-04,510,5,14,27,4,Enfermedad,8,Sí
14380,2026-08-27,514,1,1,17,2,Falta injustificada,8,No
14381,2026-08-30,514,1,1,17,2,Enfermedad,8,Sí
14382,2026-08-13,517,1,2,8,2,Falta injustificada,8,No
14383,2026-08-21,517,1,2,8,2,Enfermedad,8,Sí
14384,2026-08-05,518,5,14,27,3,Enfermedad,8,Sí
14385,2026-08-07,522,1,1,7,3,Enfermedad,8,Sí
14386,2026-08-06,529,1,3,24,3,Enfermedad,8,Sí
14387,2026-08-13,529,1,3,24,3,Enfermedad,8,Sí
14388,2026-08-16,529,1,3,24,3,Enfermedad,8,Sí
14389,2026-08-27,538,2,7,26,2,Permiso personal,8,Sí
14390,2026-08-25,540,1,3,14,4,Permiso personal,8,Sí
14391,2026-08-21,544,2,6,26,3,Enfermedad,8,Sí
14392,2026-08-26,544,2,6,26,3,Enfermedad,8,Sí
14393,2026-08-31,553,1,4,3,4,Permiso personal,4,Sí
14394,2026-08-09,555,1,5,12,2,Enfermedad,8,Sí
14395,2026-08-08,556,1,1,7,3,Enfermedad,8,Sí
14396,2026-08-27,557,1,3,18,3,Enfermedad,4,Sí
14397,2026-08-04,558,1,1,3,2,Enfermedad,8,Sí
14398,2026-08-18,561,1,1,15,3,Enfermedad,4,Sí
14399,2026-08-02,563,1,3,13,3,Enfermedad,4,Sí
14400,2026-08-16,563,1,3,13,3,Enfermedad,8,Sí
14401,2026-08-12,567,1,3,12,4,Enfermedad,8,Sí
14402,2026-08-21,569,3,10,27,3,Enfermedad,4,Sí
14403,2026-08-22,569,3,10,27,3,Permiso personal,4,Sí
14404,2026-08-21,570,1,5,14,1,Enfermedad,8,Sí
14405,2026-08-02,575,1,3,8,2,Permiso personal,8,Sí
14406,2026-08-05,575,1,3,8,2,Falta injustificada,8,No
14407,2026-08-07,579,1,1,2,4,Enfermedad,8,Sí
14408,2026-08-04,580,2,8,26,3,Enfermedad,8,Sí
14409,2026-08-06,580,2,8,26,3,Permiso personal,8,Sí
14410,2026-08-18,580,2,8,26,3,Permiso personal,8,Sí
14411,2026-08-17,582,1,4,12,3,Permiso personal,8,Sí
14412,2026-08-15,586,1,1,23,4,Enfermedad,8,Sí
14413,2026-08-29,598,1,2,8,1,Enfermedad,8,Sí
14414,2026-08-29,599,2,6,26,2,Enfermedad,4,Sí
14415,2026-08-05,602,1,5,18,1,Enfermedad,8,Sí
14416,2026-08-12,606,1,1,6,3,Enfermedad,8,Sí
14417,2026-08-28,606,1,1,6,3,Permiso personal,4,Sí
14418,2026-08-24,608,1,2,17,2,Permiso personal,8,Sí
14419,2026-08-27,608,1,2,17,2,Falta injustificada,8,No
14420,2026-08-23,610,1,5,19,3,Falta injustificada,8,No
14421,2026-08-26,610,1,5,19,3,Enfermedad,8,Sí
14422,2026-08-01,611,1,1,10,4,Enfermedad,8,Sí
14423,2026-08-04,611,1,1,10,4,Enfermedad,8,Sí
14424,2026-08-16,611,1,1,10,4,Falta injustificada,8,No
14425,2026-08-29,617,1,1,24,3,Enfermedad,8,Sí
14426,2026-08-05,620,1,2,23,2,Enfermedad,8,Sí
14427,2026-08-20,621,1,1,12,1,Enfermedad,8,Sí
14428,2026-08-28,621,1,1,12,1,Enfermedad,4,Sí
14429,2026-08-10,623,1,5,14,1,Enfermedad,8,Sí
14430,2026-08-06,630,1,1,20,3,Permiso personal,4,Sí
14431,2026-08-11,630,1,1,20,3,Enfermedad,8,Sí
14432,2026-08-27,630,1,1,20,3,Enfermedad,8,Sí
14433,2026-08-30,631,1,2,8,3,Permiso personal,8,Sí
14434,2026-08-13,634,1,2,1,2,Permiso personal,4,Sí
14435,2026-08-19,637,1,1,22,3,Permiso personal,8,Sí
14436,2026-08-23,637,1,1,22,3,Permiso personal,4,Sí
14437,2026-08-22,641,1,1,15,2,Enfermedad,4,Sí
14438,2026-08-23,647,1,1,5,3,Enfermedad,8,Sí
14439,2026-08-28,647,1,1,5,3,Enfermedad,8,Sí
14440,2026-08-30,647,1,1,5,3,Enfermedad,4,Sí
14441,2026-08-16,648,1,5,12,4,Enfermedad,8,Sí
14442,2026-08-22,649,1,2,6,3,Falta injustificada,8,No
14443,2026-08-12,650,1,3,9,3,Enfermedad,8,Sí
14444,2026-08-13,650,1,3,9,3,Enfermedad,8,Sí
14445,2026-08-07,656,4,12,27,3,Enfermedad,8,Sí
14446,2026-08-29,656,4,12,27,3,Falta injustificada,4,No
14447,2026-08-13,662,1,4,11,3,Enfermedad,4,Sí
14448,2026-08-16,662,1,4,11,3,Permiso personal,8,Sí
14449,2026-08-06,664,1,1,7,3,Permiso personal,8,Sí
14450,2026-08-12,665,1,4,16,3,Enfermedad,8,Sí
14451,2026-08-30,666,1,2,8,1,Enfermedad,4,Sí
14452,2026-08-01,667,2,6,25,3,Enfermedad,4,Sí
14453,2026-08-11,667,2,6,25,3,Enfermedad,8,Sí
14454,2026-08-05,669,1,1,23,2,Permiso personal,8,Sí
14455,2026-08-26,671,1,1,9,3,Falta injustificada,4,No
14456,2026-08-24,672,1,1,19,2,Enfermedad,4,Sí
14457,2026-08-26,672,1,1,19,2,Enfermedad,8,Sí
14458,2026-08-09,674,1,2,16,3,Enfermedad,8,Sí
14459,2026-08-28,674,1,2,16,3,Enfermedad,4,Sí
14460,2026-08-08,677,1,2,8,2,Falta injustificada,8,No
14461,2026-08-11,677,1,2,8,2,Enfermedad,8,Sí
14462,2026-08-22,677,1,2,8,2,Enfermedad,8,Sí
14463,2026-08-27,677,1,2,8,2,Enfermedad,4,Sí
14464,2026-08-25,678,1,2,2,3,Enfermedad,8,Sí
14465,2026-08-24,682,1,5,4,1,Enfermedad,8,Sí
14466,2026-08-07,684,1,1,15,1,Enfermedad,8,Sí
14467,2026-08-27,691,2,8,25,3,Enfermedad,4,Sí
14468,2026-08-17,703,1,2,13,1,Enfermedad,4,Sí
14469,2026-08-08,704,1,1,2,3,Enfermedad,8,Sí
14470,2026-08-19,704,1,1,2,3,Enfermedad,4,Sí
14471,2026-08-14,706,1,1,5,3,Permiso personal,4,Sí
14472,2026-08-09,708,4,12,27,4,Enfermedad,8,Sí
14473,2026-08-01,711,4,12,27,3,Enfermedad,8,Sí
14474,2026-08-16,711,4,12,27,3,Enfermedad,4,Sí
14475,2026-08-24,713,1,1,5,3,Enfermedad,8,Sí
14476,2026-08-20,714,1,5,12,2,Permiso personal,8,Sí
14477,2026-08-07,718,1,2,17,2,Falta injustificada,8,No
14478,2026-08-08,718,1,2,17,2,Enfermedad,8,Sí
14479,2026-08-26,719,1,5,2,2,Enfermedad,8,Sí
14480,2026-08-29,722,1,3,17,2,Falta injustificada,8,No
14481,2026-08-26,732,1,1,21,3,Permiso personal,8,Sí
14482,2026-08-13,735,4,12,27,4,Permiso personal,8,Sí
14483,2026-08-26,736,1,2,17,1,Enfermedad,8,Sí
14484,2026-08-02,739,1,5,7,2,Permiso personal,8,Sí
14485,2026-08-13,739,1,5,7,2,Enfermedad,8,Sí
14486,2026-08-17,745,3,10,27,2,Enfermedad,4,Sí
14487,2026-08-21,745,3,10,27,2,Enfermedad,8,Sí
14488,2026-08-02,746,1,5,18,3,Enfermedad,8,Sí
14489,2026-08-04,747,1,1,5,3,Enfermedad,8,Sí
14490,2026-08-15,747,1,1,5,3,Enfermedad,8,Sí
14491,2026-08-25,747,1,1,5,3,Enfermedad,8,Sí
14492,2026-08-17,749,1,1,8,3,Permiso personal,8,Sí
14493,2026-08-08,750,1,2,17,3,Enfermedad,8,Sí
14494,2026-08-11,750,1,2,17,3,Permiso personal,8,Sí
14495,2026-08-06,754,2,7,26,1,Enfermedad,4,Sí
14496,2026-08-07,754,2,7,26,1,Enfermedad,8,Sí
14497,2026-08-13,754,2,7,26,1,Falta injustificada,8,No
14498,2026-08-27,754,2,7,26,1,Permiso personal,8,Sí
14499,2026-08-12,757,1,4,1,2,Enfermedad,4,Sí
14500,2026-08-31,758,1,5,8,2,Permiso personal,4,Sí
14501,2026-08-13,760,1,5,1,3,Permiso personal,8,Sí
14502,2026-08-04,764,2,6,25,2,Enfermedad,8,Sí
14503,2026-08-17,769,1,4,23,2,Enfermedad,4,Sí
14504,2026-08-02,771,1,1,7,3,Enfermedad,8,Sí
14505,2026-08-07,774,1,1,13,2,Enfermedad,8,Sí
14506,2026-08-22,778,5,13,27,3,Enfermedad,4,Sí
14507,2026-08-20,781,1,3,21,3,Enfermedad,8,Sí
14508,2026-08-22,782,1,1,10,3,Permiso personal,8,Sí
14509,2026-08-18,793,1,5,2,2,Falta injustificada,8,No
14510,2026-08-08,800,1,3,17,3,Permiso personal,8,Sí
14511,2026-08-09,800,1,3,17,3,Enfermedad,4,Sí
14512,2026-08-11,803,1,2,8,3,Enfermedad,8,Sí
14513,2026-08-12,804,1,1,20,1,Enfermedad,4,Sí
14514,2026-08-05,805,1,1,3,3,Enfermedad,8,Sí
14515,2026-08-09,805,1,1,3,3,Enfermedad,8,Sí
14516,2026-08-26,806,1,1,14,3,Enfermedad,8,Sí
14517,2026-08-05,812,1,4,4,4,Falta injustificada,4,No
14518,2026-08-23,812,1,4,4,4,Permiso personal,8,Sí
14519,2026-08-17,813,1,4,14,3,Falta injustificada,8,No
14520,2026-08-30,813,1,4,14,3,Permiso personal,4,Sí
14521,2026-08-09,814,1,3,3,1,Permiso personal,8,Sí
14522,2026-08-24,814,1,3,3,1,Falta injustificada,8,No
14523,2026-08-21,815,1,1,22,2,Enfermedad,8,Sí
14524,2026-08-02,819,1,3,12,2,Enfermedad,4,Sí
14525,2026-08-31,819,1,3,12,2,Permiso personal,8,Sí
14526,2026-08-24,821,2,7,26,4,Permiso personal,8,Sí
14527,2026-08-29,822,1,1,18,3,Enfermedad,8,Sí
14528,2026-08-07,823,1,3,5,3,Permiso personal,8,Sí
14529,2026-08-19,825,5,13,27,3,Permiso personal,8,Sí
14530,2026-08-03,829,1,1,17,4,Permiso personal,8,Sí
14531,2026-08-31,829,1,1,17,4,Enfermedad,8,Sí
14532,2026-08-20,830,1,1,24,3,Enfermedad,8,Sí
14533,2026-08-26,830,1,1,24,3,Falta injustificada,8,No
14534,2026-08-27,830,1,1,24,3,Enfermedad,4,Sí
14535,2026-08-22,831,1,1,22,2,Enfermedad,4,Sí
14536,2026-08-26,831,1,1,22,2,Enfermedad,4,Sí
14537,2026-08-29,831,1,1,22,2,Enfermedad,8,Sí
14538,2026-08-24,832,1,2,11,3,Enfermedad,4,Sí
14539,2026-08-25,832,1,2,11,3,Permiso personal,8,Sí
14540,2026-08-16,833,1,5,13,3,Falta injustificada,4,No
14541,2026-08-01,836,5,13,27,4,Falta injustificada,8,No
14542,2026-08-11,840,1,4,24,3,Enfermedad,8,Sí
14543,2026-08-06,843,3,10,27,3,Enfermedad,4,Sí
14544,2026-08-07,846,1,1,2,3,Falta injustificada,8,No
14545,2026-08-17,848,1,1,12,3,Enfermedad,8,Sí
14546,2026-08-18,849,1,5,2,4,Enfermedad,4,Sí
14547,2026-08-03,850,1,3,22,3,Enfermedad,8,Sí
14548,2026-08-15,850,1,3,22,3,Permiso personal,8,Sí
14549,2026-08-09,856,1,3,7,1,Permiso personal,8,Sí
14550,2026-08-17,856,1,3,7,1,Permiso personal,8,Sí
14551,2026-08-22,856,1,3,7,1,Enfermedad,8,Sí
14552,2026-08-06,857,2,8,26,3,Enfermedad,8,Sí
14553,2026-08-19,860,1,5,7,3,Permiso personal,8,Sí
14554,2026-08-08,862,1,2,4,3,Enfermedad,8,Sí
14555,2026-08-21,863,1,2,22,2,Permiso personal,8,Sí
14556,2026-08-22,873,1,1,12,1,Enfermedad,8,Sí
14557,2026-08-11,877,1,2,2,3,Permiso personal,8,Sí
14558,2026-08-25,877,1,2,2,3,Enfermedad,8,Sí
14559,2026-08-12,883,1,2,18,4,Permiso personal,8,Sí
14560,2026-08-01,886,5,13,27,3,Enfermedad,4,Sí
14561,2026-08-05,887,1,2,10,4,Enfermedad,4,Sí
14562,2026-08-31,888,1,2,12,2,Permiso personal,8,Sí
14563,2026-08-04,889,1,1,21,3,Enfermedad,8,Sí
14564,2026-08-30,889,1,1,21,3,Enfermedad,4,Sí
14565,2026-08-03,891,1,1,10,3,Enfermedad,8,Sí
14566,2026-08-17,891,1,1,10,3,Permiso personal,8,Sí
14567,2026-08-06,893,4,11,27,3,Enfermedad,8,Sí
14568,2026-08-25,894,4,12,27,3,Enfermedad,8,Sí
14569,2026-08-02,897,1,4,10,3,Permiso personal,4,Sí
14570,2026-08-17,898,1,1,7,3,Permiso personal,8,Sí
14571,2026-08-22,899,1,1,1,1,Permiso personal,8,Sí
14572,2026-08-26,900,1,5,19,2,Enfermedad,8,Sí
