id_capacitacion,fecha,id_colaborador,id_area,id_cargo,id_sucursal,id_antiguedad,curso,modalidad,horas,costo,calificacion
1,2023-01-01,1,1,1,3,4,Atención al cliente,Virtual,2,29.14,80.1
2,2023-01-25,12,1,5,10,3,Atención al cliente,Virtual,4,70.77,83.0
3,2023-01-11,18,4,11,27,2,Buenas prácticas de almacenamiento,Virtual,8,32.15,75.7
4,2023-01-05,20,1,2,24,3,Excel y análisis de datos,Presencial,2,69.1,95.4
5,2023-01-19,24,2,7,26,3,Liderazgo de equipos,Presencial,8,78.2,86.1
6,2023-01-23,27,1,4,22,3,Excel y análisis de datos,Virtual,4,55.27,90.4
7,2023-01-25,33,1,1,7,4,Excel y análisis de datos,Presencial,2,57.3,77.7
8,2023-01-21,40,1,1,3,4,Atención al cliente,Virtual,8,34.01,87.9
9,2023-01-16,42,4,11,27,4,Seguridad ocupacional,Virtual,8,15.7,82.1
10,2023-01-26,56,1,3,17,4,Atención al cliente,Presencial,8,56.92,88.1
11,2023-01-13,58,1,3,10,4,Liderazgo de equipos,Presencial,8,79.1,90.5
12,2023-01-07,60,1,2,16,4,Liderazgo de equipos,Virtual,2,28.44,69.3
13,2023-01-28,64,6,16,27,4,Excel y análisis de datos,Presencial,8,88.48,84.5
14,2023-01-12,66,1,5,7,3,Liderazgo de equipos,Presencial,4,27.39,76.9
15,2023-01-22,73,1,2,9,3,Excel y análisis de datos,Virtual,2,67.11,62.3
16,2023-01-25,75,1,5,18,2,Buenas prácticas de almacenamiento,Virtual,4,35.8,73.4
17,2023-01-24,76,1,1,23,3,Excel y análisis de datos,Presencial,4,44.3,73.5
18,2023-01-10,77,2,6,25,4,Excel y análisis de datos,Virtual,4,70.72,85.0
19,2023-01-25,78,3,9,27,3,Buenas prácticas de almacenamiento,Virtual,4,41.45,86.8
20,2023-01-19,84,1,3,9,4,Excel y análisis de datos,Presencial,2,31.74,60.2
21,2023-01-02,90,2,6,26,4,Atención al cliente,Virtual,2,37.72,69.9
22,2023-01-01,99,1,2,5,4,Atención al cliente,Presencial,4,58.93,81.5
23,2023-01-02,101,5,13,27,2,Buenas prácticas de almacenamiento,Virtual,2,65.94,76.4
24,2023-01-11,104,4,11,27,3,Atención al cliente,Virtual,4,47.19,90.2
25,2023-01-12,105,1,3,5,3,Excel y análisis de datos,Presencial,8,32.44,82.7
26,2023-01-27,110,1,3,8,3,Buenas prácticas de almacenamiento,Virtual,4,50.62,87.9
27,2023-01-24,112,1,1,9,3,Atención al cliente,Virtual,4,65.29,73.7
28,2023-01-26,115,1,1,13,3,Atención al cliente,Presencial,2,54.08,81.7
29,2023-01-17,118,1,4,15,1,Buenas prácticas de almacenamiento,Presencial,8,73.35,74.7
30,2023-01-29,123,1,4,17,4,Liderazgo de equipos,Virtual,4,33.62,79.4
31,2023-01-14,128,1,2,2,3,Atención al cliente,Virtual,2,29.65,90.0
32,2023-01-10,134,1,2,13,2,Liderazgo de equipos,Presencial,2,24.01,90.9
33,2023-01-28,136,1,2,11,4,Atención al cliente,Presencial,4,31.77,65.9
34,2023-01-14,137,1,1,8,4,Liderazgo de equipos,Presencial,2,27.79,74.6
35,2023-01-17,152,1,1,20,2,Buenas prácticas de almacenamiento,Virtual,8,24.07,83.7
36,2023-01-27,157,1,2,5,2,Atención al cliente,Virtual,2,57.9,82.7
37,2023-01-16,162,1,1,8,2,Atención al cliente,Presencial,2,56.39,74.9
38,2023-01-14,165,1,2,3,3,Liderazgo de equipos,Virtual,2,88.64,69.3
39,2023-01-07,173,1,3,15,4,Seguridad ocupacional,Presencial,2,31.6,79.1
40,2023-01-23,174,1,2,16,3,Liderazgo de equipos,Presencial,2,81.23,83.0
41,2023-01-06,180,1,3,6,3,Liderazgo de equipos,Virtual,2,89.32,88.6
42,2023-01-05,182,1,1,23,4,Seguridad ocupacional,Presencial,4,49.35,85.7
43,2023-01-12,186,1,1,11,3,Liderazgo de equipos,Virtual,8,45.13,89.6
44,2023-01-27,188,1,4,1,3,Atención al cliente,Virtual,8,53.59,64.5
45,2023-01-07,198,1,1,23,2,Atención al cliente,Virtual,4,76.85,88.1
46,2023-01-13,208,2,6,25,4,Buenas prácticas de almacenamiento,Presencial,8,42.7,95.1
47,2023-01-23,212,1,2,12,4,Atención al cliente,Presencial,8,15.42,78.8
48,2023-01-10,222,1,2,4,4,Buenas prácticas de almacenamiento,Virtual,8,52.24,77.8
49,2023-01-04,224,5,14,27,2,Liderazgo de equipos,Presencial,2,29.35,82.5
50,2023-01-12,228,1,5,8,4,Liderazgo de equipos,Presencial,4,44.88,73.6
51,2023-01-10,237,2,6,26,3,Liderazgo de equipos,Virtual,4,50.17,71.9
52,2023-01-21,241,1,1,14,2,Excel y análisis de datos,Presencial,2,77.05,74.7
53,2023-01-14,242,1,1,2,3,Seguridad ocupacional,Presencial,2,61.32,73.8
54,2023-01-06,258,1,4,23,4,Excel y análisis de datos,Presencial,8,21.78,83.6
55,2023-01-06,263,1,3,12,3,Buenas prácticas de almacenamiento,Virtual,8,71.72,77.5
56,2023-01-19,269,1,1,8,3,Seguridad ocupacional,Presencial,8,26.61,90.7
57,2023-01-11,277,1,5,21,4,Atención al cliente,Presencial,8,42.42,85.5
58,2023-01-13,278,1,1,5,2,Seguridad ocupacional,Presencial,2,63.04,76.5
59,2023-01-20,282,1,1,20,2,Excel y análisis de datos,Virtual,4,60.05,70.4
60,2023-01-25,288,1,1,12,4,Atención al cliente,Presencial,2,52.82,79.0
61,2023-01-12,291,1,2,2,4,Seguridad ocupacional,Virtual,4,58.96,90.8
62,2023-01-12,297,1,5,5,4,Liderazgo de equipos,Presencial,4,44.48,83.2
63,2023-01-28,305,1,2,1,4,Atención al cliente,Presencial,4,25.15,77.9
64,2023-01-17,307,1,5,2,2,Buenas prácticas de almacenamiento,Presencial,2,86.07,71.5
65,2023-01-03,316,1,1,24,3,Seguridad ocupacional,Virtual,4,22.46,96.9
66,2023-01-29,317,1,1,18,3,Atención al cliente,Virtual,2,40.7,84.7
67,2023-01-26,319,1,1,8,2,Atención al cliente,Virtual,2,86.21,83.6
68,2023-01-11,326,1,1,15,4,Atención al cliente,Virtual,4,81.18,91.1
69,2023-01-19,327,3,9,27,3,Excel y análisis de datos,Presencial,4,80.09,75.1
70,2023-01-17,328,1,2,19,2,Seguridad ocupacional,Presencial,4,67.56,88.1
71,2023-01-22,333,5,14,27,4,Atención al cliente,Virtual,4,39.43,72.7
72,2023-01-27,335,1,5,23,3,Liderazgo de equipos,Virtual,8,86.28,82.6
73,2023-01-26,341,1,1,7,4,Buenas prácticas de almacenamiento,Virtual,8,78.52,89.6
74,2023-01-31,348,1,4,13,4,Atención al cliente,Presencial,4,35.94,91.0
75,2023-01-05,350,1,5,23,3,Buenas prácticas de almacenamiento,Virtual,2,41.28,66.3
76,2023-01-21,376,3,10,27,1,Liderazgo de equipos,Presencial,8,65.69,83.9
77,2023-01-26,469,1,5,14,1,Buenas prácticas de almacenamiento,Presencial,2,50.68,80.7
78,2023-01-28,530,1,1,21,1,Liderazgo de equipos,Presencial,4,42.76,90.5
79,2023-01-22,772,1,5,17,1,Atención al cliente,Presencial,2,35.91,71.7
80,2023-01-31,853,1,1,11,1,Buenas prácticas de almacenamiento,Virtual,4,15.13,70.5
81,2023-01-19,895,1,3,15,1,Excel y análisis de datos,Virtual,8,48.6,75.7
82,2023-02-17,4,1,1,23,4,Buenas prácticas de almacenamiento,Presencial,4,83.15,83.5
83,2023-02-08,7,6,16,27,4,Excel y análisis de datos,Virtual,8,21.55,82.1
84,2023-02-28,8,2,8,25,2,Buenas prácticas de almacenamiento,Virtual,4,21.34,65.2
85,2023-02-17,10,1,2,13,4,Atención al cliente,Virtual,2,79.19,84.9
86,2023-02-26,11,1,1,5,3,Excel y análisis de datos,Presencial,8,80.36,76.8
87,2023-02-16,12,1,5,10,3,Buenas prácticas de almacenamiento,Presencial,2,80.22,70.1
88,2023-02-05,14,1,4,19,4,Buenas prácticas de almacenamiento,Presencial,8,22.58,77.2
89,2023-02-11,25,1,3,11,4,Buenas prácticas de almacenamiento,Presencial,2,42.06,94.3
90,2023-02-21,33,1,1,7,4,Liderazgo de equipos,Presencial,8,25.63,73.1
91,2023-02-24,34,1,1,20,3,Seguridad ocupacional,Presencial,2,22.32,72.5
92,2023-02-16,35,1,1,11,4,Seguridad ocupacional,Virtual,8,27.06,77.7
93,2023-02-14,40,1,1,3,4,Seguridad ocupacional,Presencial,8,46.68,71.3
94,2023-02-08,42,4,11,27,4,Atención al cliente,Virtual,4,41.01,85.0
95,2023-02-15,46,1,4,14,2,Liderazgo de equipos,Virtual,8,18.65,82.1
96,2023-02-15,48,1,5,12,3,Liderazgo de equipos,Presencial,2,44.41,92.7
97,2023-02-13,50,2,7,26,3,Seguridad ocupacional,Presencial,4,25.87,70.2
98,2023-02-14,51,1,2,11,3,Atención al cliente,Presencial,2,87.87,83.1
99,2023-02-05,67,1,1,2,3,Buenas prácticas de almacenamiento,Virtual,8,47.36,87.0
100,2023-02-13,72,1,1,21,4,Seguridad ocupacional,Virtual,2,16.49,71.1
101,2023-02-25,75,1,5,18,2,Buenas prácticas de almacenamiento,Presencial,8,45.73,64.1
102,2023-02-14,76,1,1,23,3,Liderazgo de equipos,Virtual,4,71.51,85.6
103,2023-02-02,77,2,6,25,4,Atención al cliente,Presencial,2,84.97,69.5
104,2023-02-22,83,1,1,21,2,Atención al cliente,Presencial,4,82.68,93.4
105,2023-02-05,88,1,3,19,3,Atención al cliente,Presencial,2,64.51,90.1
106,2023-02-01,89,1,4,19,3,Excel y análisis de datos,Presencial,8,29.73,81.7
107,2023-02-06,100,1,4,23,2,Seguridad ocupacional,Presencial,4,57.35,90.5
108,2023-02-22,103,1,2,23,4,Liderazgo de equipos,Presencial,8,47.98,89.7
109,2023-02-17,118,1,4,15,1,Liderazgo de equipos,Presencial,2,86.15,97.3
110,2023-02-23,126,1,1,12,3,Liderazgo de equipos,Virtual,8,84.2,77.8
111,2023-02-10,131,1,5,5,2,Liderazgo de equipos,Virtual,4,57.95,74.8
112,2023-02-27,136,1,2,11,4,Atención al cliente,Virtual,8,22.34,82.4
113,2023-02-28,142,1,2,8,2,Buenas prácticas de almacenamiento,Virtual,4,48.18,80.4
114,2023-02-06,143,1,5,19,4,Liderazgo de equipos,Presencial,4,74.14,82.9
115,2023-02-28,156,1,1,3,4,Atención al cliente,Virtual,4,63.7,93.1
116,2023-02-05,162,1,1,8,2,Seguridad ocupacional,Presencial,2,74.42,76.3
117,2023-02-18,164,1,1,7,3,Excel y análisis de datos,Virtual,8,66.22,81.0
118,2023-02-13,167,1,3,22,4,Liderazgo de equipos,Presencial,8,35.59,70.2
119,2023-02-18,172,2,6,26,2,Excel y análisis de datos,Virtual,8,81.04,75.4
120,2023-02-02,175,1,5,13,3,Seguridad ocupacional,Presencial,8,67.62,75.7
121,2023-02-26,177,1,1,15,3,Liderazgo de equipos,Virtual,2,63.94,86.2
122,2023-02-13,191,1,3,7,4,Excel y análisis de datos,Virtual,4,47.39,98.9
123,2023-02-14,208,2,6,25,4,Excel y análisis de datos,Presencial,4,33.9,82.0
124,2023-02-22,224,5,14,27,2,Atención al cliente,Presencial,2,88.99,89.5
125,2023-02-25,227,1,1,9,3,Seguridad ocupacional,Virtual,4,44.53,88.8
126,2023-02-16,248,1,4,2,4,Excel y análisis de datos,Presencial,8,50.31,80.6
127,2023-02-18,249,1,1,1,3,Liderazgo de equipos,Virtual,2,27.73,99.1
128,2023-02-26,256,1,4,21,4,Liderazgo de equipos,Virtual,8,37.92,85.0
129,2023-02-22,260,1,1,24,2,Buenas prácticas de almacenamiento,Virtual,8,25.69,84.8
130,2023-02-17,261,1,5,23,4,Excel y análisis de datos,Presencial,2,84.83,81.6
131,2023-02-05,262,1,2,14,4,Liderazgo de equipos,Virtual,2,45.86,77.0
132,2023-02-06,265,1,2,4,4,Atención al cliente,Virtual,8,16.64,75.9
133,2023-02-01,267,1,5,13,4,Seguridad ocupacional,Presencial,2,47.49,80.9
134,2023-02-02,272,1,5,4,4,Liderazgo de equipos,Virtual,8,83.01,77.8
135,2023-02-05,273,1,3,15,4,Buenas prácticas de almacenamiento,Presencial,8,24.95,86.1
136,2023-02-24,289,1,3,1,3,Seguridad ocupacional,Virtual,8,24.41,78.9
137,2023-02-26,291,1,2,2,4,Buenas prácticas de almacenamiento,Virtual,8,36.27,86.0
138,2023-02-25,292,2,6,26,4,Seguridad ocupacional,Virtual,2,42.03,88.8
139,2023-02-15,295,1,5,18,4,Liderazgo de equipos,Presencial,4,24.03,80.4
140,2023-02-01,300,5,13,27,3,Excel y análisis de datos,Virtual,2,36.46,75.3
141,2023-02-08,302,1,2,2,4,Buenas prácticas de almacenamiento,Virtual,2,39.82,87.3
142,2023-02-05,304,1,3,7,3,Buenas prácticas de almacenamiento,Virtual,4,57.5,72.9
143,2023-02-14,306,1,4,4,3,Atención al cliente,Virtual,2,44.42,94.5
144,2023-02-02,311,1,3,5,3,Excel y análisis de datos,Presencial,8,33.97,90.7
145,2023-02-17,318,1,2,11,2,Seguridad ocupacional,Virtual,4,32.36,92.2
146,2023-02-01,327,3,9,27,3,Buenas prácticas de almacenamiento,Virtual,4,70.36,70.6
147,2023-02-28,331,1,1,4,4,Seguridad ocupacional,Virtual,4,42.42,81.9
148,2023-02-14,335,1,5,23,3,Excel y análisis de datos,Virtual,2,84.17,86.8
149,2023-02-21,336,1,1,8,4,Buenas prácticas de almacenamiento,Presencial,2,52.97,84.1
150,2023-02-27,343,1,1,15,3,Buenas prácticas de almacenamiento,Virtual,2,26.93,94.8
151,2023-02-09,348,1,4,13,4,Liderazgo de equipos,Presencial,2,78.5,90.6
152,2023-02-03,349,6,15,27,4,Buenas prácticas de almacenamiento,Virtual,4,32.06,74.5
153,2023-02-12,350,1,5,23,3,Buenas prácticas de almacenamiento,Presencial,2,66.44,67.5
154,2023-02-18,397,1,3,7,1,Excel y análisis de datos,Presencial,2,62.92,75.1
155,2023-02-08,530,1,1,21,1,Atención al cliente,Virtual,8,89.96,94.7
156,2023-02-14,707,1,5,22,1,Buenas prácticas de almacenamiento,Presencial,8,69.62,80.6
157,2023-02-14,772,1,5,17,1,Atención al cliente,Presencial,2,89.38,95.0
158,2023-02-23,824,1,1,11,1,Seguridad ocupacional,Virtual,4,67.01,98.0
159,2023-03-14,1,1,1,3,4,Seguridad ocupacional,Presencial,4,64.46,100
160,2023-03-12,4,1,1,23,4,Seguridad ocupacional,Presencial,4,36.75,81.9
161,2023-03-01,8,2,8,25,2,Seguridad ocupacional,Virtual,2,31.48,73.8
162,2023-03-15,11,1,1,5,3,Excel y análisis de datos,Presencial,2,47.5,73.1
163,2023-03-10,31,1,5,21,2,Seguridad ocupacional,Virtual,2,41.8,75.3
164,2023-03-11,38,1,3,22,4,Liderazgo de equipos,Presencial,8,49.09,92.3
165,2023-03-09,48,1,5,12,3,Liderazgo de equipos,Virtual,8,85.87,76.8
166,2023-03-15,62,1,2,15,4,Seguridad ocupacional,Presencial,4,84.65,84.1
167,2023-03-30,67,1,1,2,3,Seguridad ocupacional,Virtual,4,72.36,83.5
168,2023-03-28,69,1,2,14,3,Buenas prácticas de almacenamiento,Presencial,2,62.55,76.3
169,2023-03-28,79,1,1,8,2,Seguridad ocupacional,Presencial,2,23.09,88.5
170,2023-03-31,81,1,5,7,4,Seguridad ocupacional,Presencial,4,45.87,75.5
171,2023-03-26,86,1,5,14,2,Buenas prácticas de almacenamiento,Virtual,4,79.26,84.3
172,2023-03-12,91,2,6,26,4,Liderazgo de equipos,Presencial,8,15.31,80.3
173,2023-03-07,93,1,4,14,3,Buenas prácticas de almacenamiento,Presencial,2,83.34,92.8
174,2023-03-31,95,1,2,11,3,Atención al cliente,Presencial,2,44.47,74.7
175,2023-03-02,108,1,2,17,4,Excel y análisis de datos,Virtual,8,50.7,76.5
176,2023-03-18,124,1,1,15,4,Seguridad ocupacional,Virtual,4,57.68,92.5
177,2023-03-11,130,1,5,5,4,Buenas prácticas de almacenamiento,Presencial,4,16.77,75.1
178,2023-03-28,146,1,1,4,3,Buenas prácticas de almacenamiento,Virtual,8,26.76,82.6
179,2023-03-18,151,1,1,3,4,Buenas prácticas de almacenamiento,Presencial,2,66.6,81.4
180,2023-03-06,168,1,3,6,4,Excel y análisis de datos,Presencial,4,69.31,86.0
181,2023-03-04,169,1,1,7,3,Buenas prácticas de almacenamiento,Virtual,8,54.37,90.0
182,2023-03-29,174,1,2,16,3,Seguridad ocupacional,Presencial,8,39.31,88.4
183,2023-03-11,180,1,3,6,3,Atención al cliente,Virtual,8,82.38,73.0
184,2023-03-30,185,1,1,12,2,Seguridad ocupacional,Virtual,8,55.22,67.1
185,2023-03-22,195,1,2,14,3,Buenas prácticas de almacenamiento,Presencial,4,54.76,89.3
186,2023-03-10,198,1,1,23,3,Seguridad ocupacional,Virtual,4,69.26,95.3
187,2023-03-17,227,1,1,9,3,Liderazgo de equipos,Virtual,8,86.71,86.8
188,2023-03-11,229,2,8,25,3,Atención al cliente,Presencial,2,55.12,90.6
189,2023-03-08,231,1,2,9,2,Atención al cliente,Virtual,8,78.41,96.4
190,2023-03-06,238,1,1,12,4,Liderazgo de equipos,Presencial,2,88.08,94.3
191,2023-03-20,239,1,3,8,4,Seguridad ocupacional,Virtual,8,47.11,70.2
192,2023-03-04,240,1,1,19,2,Liderazgo de equipos,Virtual,4,27.23,88.5
193,2023-03-30,241,1,1,14,2,Excel y análisis de datos,Presencial,2,74.75,79.4
194,2023-03-13,253,1,2,10,4,Buenas prácticas de almacenamiento,Presencial,4,35.76,89.9
195,2023-03-19,255,1,1,21,4,Liderazgo de equipos,Presencial,8,34.01,78.2
196,2023-03-30,256,1,4,21,4,Liderazgo de equipos,Presencial,4,30.64,93.0
197,2023-03-06,269,1,1,8,3,Seguridad ocupacional,Presencial,4,87.07,83.9
198,2023-03-29,270,1,3,18,4,Excel y análisis de datos,Virtual,2,47.66,74.5
199,2023-03-27,275,1,4,15,4,Excel y análisis de datos,Virtual,4,53.98,83.7
200,2023-03-26,280,1,4,13,2,Excel y análisis de datos,Presencial,4,55.91,75.6
201,2023-03-23,283,1,5,12,3,Liderazgo de equipos,Virtual,4,35.87,73.7
202,2023-03-18,290,1,3,3,3,Liderazgo de equipos,Presencial,8,83.21,78.0
203,2023-03-02,292,2,6,26,4,Liderazgo de equipos,Virtual,4,17.9,96.9
204,2023-03-13,303,1,1,24,2,Excel y análisis de datos,Virtual,4,23.39,86.7
205,2023-03-10,313,1,3,24,3,Atención al cliente,Virtual,4,34.51,85.6
206,2023-03-24,318,1,2,11,3,Liderazgo de equipos,Virtual,4,74.37,73.2
207,2023-03-27,321,6,16,27,3,Seguridad ocupacional,Presencial,4,19.4,82.7
208,2023-03-26,330,2,6,26,4,Buenas prácticas de almacenamiento,Presencial,2,87.19,86.2
209,2023-03-29,335,1,5,23,3,Liderazgo de equipos,Virtual,4,67.6,64.3
210,2023-03-02,341,1,1,7,4,Liderazgo de equipos,Presencial,2,51.39,72.3
211,2023-03-15,347,1,5,10,2,Buenas prácticas de almacenamiento,Presencial,4,72.14,70.6
212,2023-03-14,348,1,4,13,4,Liderazgo de equipos,Presencial,8,23.77,77.1
213,2023-03-25,397,1,3,7,1,Buenas prácticas de almacenamiento,Presencial,8,27.02,69.9
214,2023-03-22,540,1,3,14,1,Buenas prácticas de almacenamiento,Presencial,4,55.4,79.7
215,2023-03-30,579,1,1,2,1,Atención al cliente,Presencial,2,84.46,66.9
216,2023-03-03,632,5,14,27,1,Liderazgo de equipos,Virtual,8,26.91,78.6
217,2023-03-23,633,1,1,13,1,Excel y análisis de datos,Presencial,4,69.89,79.5
218,2023-03-16,668,1,1,19,1,Atención al cliente,Presencial,8,26.99,89.2
219,2023-03-17,712,1,2,11,1,Liderazgo de equipos,Presencial,4,83.09,90.5
220,2023-03-25,885,1,1,20,1,Seguridad ocupacional,Virtual,8,19.33,81.1
221,2023-03-29,896,1,2,11,1,Excel y análisis de datos,Presencial,4,35.87,57.7
222,2023-04-02,1,1,1,3,4,Atención al cliente,Presencial,4,18.78,75.6
223,2023-04-16,16,1,1,17,3,Buenas prácticas de almacenamiento,Virtual,8,45.3,70.6
224,2023-04-24,20,1,2,24,3,Seguridad ocupacional,Virtual,4,26.18,68.2
225,2023-04-12,22,1,5,18,3,Liderazgo de equipos,Virtual,8,86.2,70.3
226,2023-04-23,28,1,1,21,3,Buenas prácticas de almacenamiento,Virtual,4,57.85,75.5
227,2023-04-25,34,1,1,20,3,Atención al cliente,Virtual,4,34.48,72.2
228,2023-04-05,36,1,3,20,3,Atención al cliente,Virtual,4,18.45,79.3
229,2023-04-28,38,1,3,22,4,Excel y análisis de datos,Virtual,4,52.07,80.5
230,2023-04-11,40,1,1,3,4,Liderazgo de equipos,Presencial,2,83.13,82.6
231,2023-04-24,44,1,1,23,3,Excel y análisis de datos,Virtual,2,56.47,73.4
232,2023-04-25,51,1,2,11,3,Liderazgo de equipos,Virtual,2,34.21,69.2
233,2023-04-15,54,1,4,19,3,Atención al cliente,Virtual,2,53.62,83.9
234,2023-04-23,56,1,3,17,4,Seguridad ocupacional,Virtual,2,82.35,80.1
235,2023-04-16,58,1,3,10,4,Buenas prácticas de almacenamiento,Virtual,8,26.6,90.5
236,2023-04-05,62,1,2,15,4,Buenas prácticas de almacenamiento,Presencial,8,76.97,80.8
237,2023-04-14,66,1,5,7,3,Atención al cliente,Presencial,4,40.46,58.5
238,2023-04-12,78,3,9,27,3,Buenas prácticas de almacenamiento,Presencial,4,82.78,85.1
239,2023-04-01,94,1,2,7,4,Excel y análisis de datos,Virtual,8,23.5,66.2
240,2023-04-28,95,1,2,11,3,Atención al cliente,Virtual,8,24.91,81.7
241,2023-04-26,96,1,1,12,4,Seguridad ocupacional,Presencial,8,29.6,100
242,2023-04-19,102,1,1,14,4,Seguridad ocupacional,Virtual,2,30.1,82.1
243,2023-04-17,111,1,3,14,4,Buenas prácticas de almacenamiento,Virtual,8,44.38,79.1
244,2023-04-29,116,1,3,19,4,Buenas prácticas de almacenamiento,Virtual,2,86.14,93.2
245,2023-04-16,121,1,3,20,3,Excel y análisis de datos,Virtual,4,18.53,85.7
246,2023-04-25,125,1,2,5,4,Seguridad ocupacional,Presencial,4,19.45,84.7
247,2023-04-30,126,1,1,12,3,Excel y análisis de datos,Presencial,2,78.9,91.1
248,2023-04-26,130,1,5,5,4,Buenas prácticas de almacenamiento,Presencial,2,70.65,83.0
249,2023-04-17,140,1,1,22,4,Buenas prácticas de almacenamiento,Virtual,4,66.83,76.5
250,2023-04-16,143,1,5,19,4,Liderazgo de equipos,Virtual,2,76.11,92.9
251,2023-04-02,151,1,1,3,4,Seguridad ocupacional,Presencial,2,18.35,80.9
252,2023-04-21,157,1,2,5,2,Liderazgo de equipos,Presencial,8,67.09,91.7
253,2023-04-02,164,1,1,7,3,Atención al cliente,Presencial,4,17.93,64.5
254,2023-04-04,166,1,1,5,4,Buenas prácticas de almacenamiento,Presencial,2,38.91,88.0
255,2023-04-09,176,1,1,6,3,Seguridad ocupacional,Virtual,4,84.18,76.7
256,2023-04-16,177,1,1,15,3,Buenas prácticas de almacenamiento,Virtual,4,78.58,79.9
257,2023-04-29,179,2,7,25,4,Atención al cliente,Presencial,8,34.74,86.7
258,2023-04-15,186,1,1,11,3,Atención al cliente,Virtual,8,21.3,84.5
259,2023-04-25,189,1,4,2,4,Atención al cliente,Presencial,8,23.6,81.4
260,2023-04-15,192,1,1,2,4,Liderazgo de equipos,Virtual,8,52.87,78.0
261,2023-04-26,195,1,2,14,3,Liderazgo de equipos,Virtual,2,64.27,87.5
262,2023-04-01,199,6,15,27,3,Seguridad ocupacional,Virtual,4,47.93,68.5
263,2023-04-17,206,2,6,26,4,Liderazgo de equipos,Virtual,4,65.43,97.1
264,2023-04-09,210,1,1,22,2,Buenas prácticas de almacenamiento,Presencial,2,37.4,98.2
265,2023-04-19,214,1,4,4,4,Buenas prácticas de almacenamiento,Presencial,8,24.94,62.6
266,2023-04-12,224,5,14,27,3,Excel y análisis de datos,Virtual,8,51.88,86.7
267,2023-04-08,229,2,8,25,3,Atención al cliente,Presencial,8,27.3,100
268,2023-04-15,242,1,1,2,4,Atención al cliente,Virtual,4,59.72,87.7
269,2023-04-08,253,1,2,10,4,Excel y análisis de datos,Presencial,4,85.57,84.9
270,2023-04-22,255,1,1,21,4,Seguridad ocupacional,Presencial,8,17.89,80.7
271,2023-04-30,256,1,4,21,4,Liderazgo de equipos,Presencial,8,31.01,77.7
272,2023-04-13,258,1,4,23,4,Atención al cliente,Presencial,8,22.43,81.6
273,2023-04-17,261,1,5,23,4,Liderazgo de equipos,Presencial,4,83.84,66.2
274,2023-04-12,277,1,5,21,4,Seguridad ocupacional,Presencial,8,81.83,92.2
275,2023-04-14,278,1,1,5,3,Seguridad ocupacional,Virtual,2,24.02,75.7
276,2023-04-03,282,1,1,20,2,Excel y análisis de datos,Virtual,8,50.31,67.9
277,2023-04-29,284,1,2,5,4,Atención al cliente,Presencial,4,31.05,85.6
278,2023-04-28,293,1,1,23,3,Seguridad ocupacional,Presencial,8,77.87,94.2
279,2023-04-04,295,1,5,18,4,Buenas prácticas de almacenamiento,Virtual,4,57.18,68.6
280,2023-04-01,296,1,1,3,2,Excel y análisis de datos,Presencial,8,38.6,87.6
281,2023-04-20,299,2,6,25,3,Seguridad ocupacional,Presencial,4,15.5,96.1
282,2023-04-04,315,1,1,14,4,Atención al cliente,Presencial,8,81.61,99.6
283,2023-04-01,325,1,2,8,3,Seguridad ocupacional,Presencial,4,19.18,71.3
284,2023-04-14,327,3,9,27,3,Seguridad ocupacional,Presencial,8,73.25,88.2
285,2023-04-17,331,1,1,4,4,Seguridad ocupacional,Virtual,8,54.15,90.0
286,2023-04-11,341,1,1,7,4,Liderazgo de equipos,Presencial,8,74.84,95.3
287,2023-04-21,346,1,5,14,4,Buenas prácticas de almacenamiento,Presencial,4,79.22,76.7
288,2023-04-29,376,3,10,27,2,Seguridad ocupacional,Virtual,4,84.6,99.6
289,2023-04-25,399,1,1,20,1,Buenas prácticas de almacenamiento,Presencial,8,36.48,76.0
290,2023-04-24,469,1,5,14,2,Excel y análisis de datos,Virtual,2,55.93,80.0
291,2023-04-30,536,1,1,21,1,Seguridad ocupacional,Presencial,8,16.18,82.4
292,2023-04-16,632,5,14,27,2,Atención al cliente,Virtual,2,71.21,76.5
293,2023-04-28,717,2,7,25,2,Atención al cliente,Presencial,4,83.83,84.2
294,2023-04-15,885,1,1,20,1,Atención al cliente,Presencial,2,82.01,82.8
295,2023-05-16,2,2,7,25,3,Seguridad ocupacional,Presencial,4,55.05,68.6
296,2023-05-18,13,1,5,8,2,Buenas prácticas de almacenamiento,Presencial,8,81.24,76.5
297,2023-05-27,18,4,11,27,2,Atención al cliente,Presencial,2,64.11,94.8
298,2023-05-08,22,1,5,18,3,Liderazgo de equipos,Presencial,2,57.93,74.2
299,2023-05-16,23,1,5,18,3,Buenas prácticas de almacenamiento,Presencial,2,19.23,69.1
300,2023-05-19,26,1,1,14,4,Seguridad ocupacional,Presencial,2,74.14,79.2
301,2023-05-24,34,1,1,20,3,Liderazgo de equipos,Presencial,4,64.66,97.7
302,2023-05-24,35,1,1,11,4,Seguridad ocupacional,Virtual,8,69.03,73.4
303,2023-05-27,37,3,9,27,3,Buenas prácticas de almacenamiento,Virtual,8,16.58,60.2
304,2023-05-28,51,1,2,11,3,Buenas prácticas de almacenamiento,Virtual,2,22.98,75.5
305,2023-05-25,55,2,6,26,3,Excel y análisis de datos,Virtual,4,25.67,88.7
306,2023-05-21,56,1,3,17,4,Excel y análisis de datos,Presencial,4,56.01,87.7
307,2023-05-04,59,1,4,7,3,Seguridad ocupacional,Virtual,8,52.96,80.8
308,2023-05-09,68,1,2,7,4,Buenas prácticas de almacenamiento,Presencial,2,21.6,90.3
309,2023-05-10,75,1,5,18,2,Excel y análisis de datos,Virtual,8,17.75,76.0
310,2023-05-07,78,3,9,27,4,Liderazgo de equipos,Virtual,2,71.92,85.8
311,2023-05-23,79,1,1,8,3,Liderazgo de equipos,Presencial,8,65.82,81.1
312,2023-05-02,89,1,4,19,3,Buenas prácticas de almacenamiento,Virtual,8,35.33,74.6
313,2023-05-01,92,6,15,27,4,Liderazgo de equipos,Presencial,8,41.53,75.6
314,2023-05-06,95,1,2,11,3,Seguridad ocupacional,Virtual,8,40.01,86.3
315,2023-05-12,100,1,4,23,3,Liderazgo de equipos,Virtual,2,72.34,96.9
316,2023-05-22,101,5,13,27,2,Atención al cliente,Presencial,4,88.27,77.5
317,2023-05-18,104,4,11,27,3,Excel y análisis de datos,Presencial,4,17.5,78.1
318,2023-05-05,111,1,3,14,4,Atención al cliente,Virtual,4,32.24,88.9
319,2023-05-31,116,1,3,19,4,Seguridad ocupacional,Presencial,2,23.8,98.0
320,2023-05-16,118,1,4,15,2,Buenas prácticas de almacenamiento,Presencial,4,81.53,88.8
321,2023-05-20,129,1,1,21,4,Excel y análisis de datos,Virtual,2,74.3,76.8
322,2023-05-31,144,1,3,12,2,Excel y análisis de datos,Presencial,8,47.4,89.7
323,2023-05-18,145,1,2,1,4,Buenas prácticas de almacenamiento,Presencial,2,46.56,62.9
324,2023-05-01,163,1,5,22,4,Buenas prácticas de almacenamiento,Presencial,2,21.63,82.5
325,2023-05-01,164,1,1,7,3,Excel y análisis de datos,Presencial,4,80.14,86.6
326,2023-05-03,167,1,3,22,4,Liderazgo de equipos,Virtual,2,83.27,71.7
327,2023-05-29,174,1,2,16,4,Seguridad ocupacional,Virtual,2,46.51,87.4
328,2023-05-11,178,1,5,8,4,Excel y análisis de datos,Virtual,8,34.38,83.5
329,2023-05-31,180,1,3,6,3,Seguridad ocupacional,Virtual,8,44.33,83.8
330,2023-05-28,189,1,4,2,4,Seguridad ocupacional,Virtual,4,52.88,82.5
331,2023-05-17,196,1,3,20,3,Atención al cliente,Virtual,2,34.59,97.5
332,2023-05-29,206,2,6,26,4,Liderazgo de equipos,Virtual,2,24.47,84.0
333,2023-05-24,207,1,1,3,4,Excel y análisis de datos,Virtual,8,48.84,70.3
334,2023-05-03,208,2,6,25,4,Buenas prácticas de almacenamiento,Virtual,4,33.42,73.2
335,2023-05-18,209,1,5,15,2,Liderazgo de equipos,Presencial,2,55.48,73.0
336,2023-05-02,212,1,2,12,4,Atención al cliente,Virtual,2,27.58,75.0
337,2023-05-12,226,1,1,23,3,Excel y análisis de datos,Presencial,2,53.32,92.5
338,2023-05-06,228,1,5,8,4,Atención al cliente,Virtual,2,33.4,92.5
339,2023-05-17,236,1,1,2,4,Liderazgo de equipos,Presencial,4,73.85,73.0
340,2023-05-08,247,1,5,17,4,Buenas prácticas de almacenamiento,Presencial,4,73.25,84.3
341,2023-05-04,248,1,4,2,4,Atención al cliente,Virtual,2,20.87,78.4
342,2023-05-08,258,1,4,23,4,Seguridad ocupacional,Presencial,8,71.81,76.9
343,2023-05-05,276,1,2,24,3,Liderazgo de equipos,Virtual,4,18.19,91.8
344,2023-05-23,279,1,4,10,3,Excel y análisis de datos,Presencial,8,25.35,73.5
345,2023-05-24,286,1,2,12,3,Liderazgo de equipos,Presencial,4,83.29,59.6
346,2023-05-21,290,1,3,3,3,Liderazgo de equipos,Presencial,2,75.4,84.5
347,2023-05-29,302,1,2,2,4,Buenas prácticas de almacenamiento,Presencial,2,20.82,89.7
348,2023-05-06,310,1,2,21,4,Buenas prácticas de almacenamiento,Presencial,8,21.22,83.2
349,2023-05-02,313,1,3,24,3,Seguridad ocupacional,Presencial,4,86.42,75.4
350,2023-05-12,327,3,9,27,3,Excel y análisis de datos,Virtual,8,84.67,81.5
351,2023-05-23,343,1,1,15,3,Seguridad ocupacional,Virtual,2,51.83,78.3
352,2023-05-10,344,1,1,24,4,Excel y análisis de datos,Presencial,8,51.0,79.0
353,2023-05-27,397,1,3,7,2,Excel y análisis de datos,Presencial,8,53.5,87.2
354,2023-05-04,542,1,1,13,1,Seguridad ocupacional,Virtual,4,63.59,97.6
355,2023-05-11,566,6,15,27,2,Buenas prácticas de almacenamiento,Presencial,4,47.14,89.4
356,2023-05-20,579,1,1,2,1,Buenas prácticas de almacenamiento,Virtual,4,49.49,74.3
357,2023-05-28,589,1,1,4,1,Atención al cliente,Presencial,4,66.98,81.4
358,2023-05-24,694,1,2,11,2,Seguridad ocupacional,Virtual,4,25.44,84.5
359,2023-05-03,708,4,12,27,2,Seguridad ocupacional,Virtual,4,59.92,81.6
360,2023-05-04,717,2,7,25,2,Seguridad ocupacional,Virtual,2,61.19,94.8
361,2023-05-28,765,2,7,26,2,Liderazgo de equipos,Virtual,2,32.48,94.0
362,2023-05-10,824,1,1,11,2,Buenas prácticas de almacenamiento,Presencial,8,25.15,71.7
363,2023-05-17,858,1,4,14,1,Seguridad ocupacional,Presencial,2,77.15,76.8
364,2023-05-08,882,2,6,25,1,Atención al cliente,Virtual,8,29.54,78.9
365,2023-06-10,3,1,4,11,4,Seguridad ocupacional,Presencial,2,22.48,80.2
366,2023-06-04,4,1,1,23,4,Liderazgo de equipos,Virtual,4,51.46,82.9
367,2023-06-12,9,1,1,11,4,Liderazgo de equipos,Virtual,2,22.57,76.7
368,2023-06-15,12,1,5,10,3,Atención al cliente,Virtual,4,63.0,73.2
369,2023-06-28,13,1,5,8,2,Seguridad ocupacional,Virtual,2,60.83,80.9
370,2023-06-06,22,1,5,18,3,Liderazgo de equipos,Presencial,8,83.48,75.4
371,2023-06-14,27,1,4,22,4,Atención al cliente,Presencial,2,73.64,86.9
372,2023-06-06,30,2,8,25,4,Atención al cliente,Virtual,2,86.15,86.9
373,2023-06-10,33,1,1,7,4,Atención al cliente,Presencial,4,32.43,78.0
374,2023-06-10,40,1,1,3,4,Liderazgo de equipos,Presencial,2,86.65,81.1
375,2023-06-23,41,1,2,17,4,Seguridad ocupacional,Presencial,8,58.58,100
376,2023-06-18,44,1,1,23,3,Excel y análisis de datos,Virtual,8,46.51,73.8
377,2023-06-15,46,1,4,14,2,Atención al cliente,Presencial,2,18.46,82.3
378,2023-06-22,47,1,1,5,4,Atención al cliente,Presencial,8,71.17,76.2
379,2023-06-26,50,2,7,26,3,Buenas prácticas de almacenamiento,Presencial,8,86.17,69.7
380,2023-06-23,54,1,4,19,3,Atención al cliente,Presencial,2,62.21,91.5
381,2023-06-19,59,1,4,7,3,Excel y análisis de datos,Virtual,4,80.59,91.1
382,2023-06-25,65,1,3,20,3,Seguridad ocupacional,Presencial,4,54.06,82.7
383,2023-06-22,70,2,6,26,4,Liderazgo de equipos,Virtual,2,62.05,83.9
384,2023-06-10,78,3,9,27,4,Seguridad ocupacional,Presencial,8,75.77,90.9
385,2023-06-01,83,1,1,21,2,Seguridad ocupacional,Presencial,2,42.43,100
386,2023-06-07,99,1,2,5,4,Buenas prácticas de almacenamiento,Presencial,4,59.86,84.1
387,2023-06-08,103,1,2,23,4,Excel y análisis de datos,Presencial,4,30.54,94.6
388,2023-06-24,115,1,1,13,3,Seguridad ocupacional,Presencial,8,41.51,84.3
389,2023-06-08,123,1,4,17,4,Seguridad ocupacional,Presencial,4,59.13,97.9
390,2023-06-03,136,1,2,11,4,Atención al cliente,Virtual,8,80.11,94.5
391,2023-06-10,151,1,1,3,4,Seguridad ocupacional,Presencial,8,39.9,86.2
392,2023-06-21,167,1,3,22,4,Excel y análisis de datos,Virtual,8,69.39,93.5
393,2023-06-15,173,1,3,15,4,Liderazgo de equipos,Virtual,2,17.76,94.2
394,2023-06-12,174,1,2,16,4,Excel y análisis de datos,Virtual,8,87.31,78.4
395,2023-06-07,187,1,3,20,3,Buenas prácticas de almacenamiento,Virtual,4,56.58,61.9
396,2023-06-13,190,6,16,27,3,Atención al cliente,Presencial,2,27.32,81.6
397,2023-06-26,196,1,3,20,3,Atención al cliente,Virtual,4,67.57,91.8
398,2023-06-05,209,1,5,15,2,Seguridad ocupacional,Virtual,2,26.95,89.6
399,2023-06-15,210,1,1,22,2,Liderazgo de equipos,Presencial,8,22.58,75.8
400,2023-06-23,212,1,2,12,4,Liderazgo de equipos,Presencial,8,67.51,78.8
401,2023-06-20,222,1,2,4,4,Buenas prácticas de almacenamiento,Presencial,2,64.36,85.1
402,2023-06-06,239,1,3,8,4,Liderazgo de equipos,Virtual,8,78.62,86.8
403,2023-06-28,245,1,1,5,3,Liderazgo de equipos,Virtual,8,48.36,80.7
404,2023-06-19,255,1,1,21,4,Liderazgo de equipos,Virtual,4,61.46,90.6
405,2023-06-09,258,1,4,23,4,Buenas prácticas de almacenamiento,Virtual,2,66.9,64.5
406,2023-06-13,266,1,2,18,4,Liderazgo de equipos,Virtual,4,27.0,97.6
407,2023-06-29,271,1,1,18,4,Excel y análisis de datos,Presencial,4,72.37,69.1
408,2023-06-03,278,1,1,5,3,Excel y análisis de datos,Presencial,4,27.5,94.1
409,2023-06-03,298,1,2,17,4,Seguridad ocupacional,Virtual,8,22.17,88.5
410,2023-06-20,299,2,6,25,3,Atención al cliente,Virtual,4,38.85,71.8
411,2023-06-20,300,5,13,27,3,Excel y análisis de datos,Virtual,2,40.66,77.9
412,2023-06-01,305,1,2,1,4,Excel y análisis de datos,Virtual,4,56.87,85.0
413,2023-06-16,306,1,4,4,3,Liderazgo de equipos,Virtual,8,25.25,90.7
414,2023-06-10,310,1,2,21,4,Excel y análisis de datos,Virtual,4,77.28,83.2
415,2023-06-07,312,1,1,21,4,Atención al cliente,Virtual,8,34.53,82.3
416,2023-06-23,314,2,7,25,3,Buenas prácticas de almacenamiento,Presencial,4,79.35,94.7
417,2023-06-06,322,6,16,27,2,Seguridad ocupacional,Presencial,2,17.78,88.9
418,2023-06-14,328,1,2,19,3,Excel y análisis de datos,Virtual,4,27.4,80.7
419,2023-06-22,335,1,5,23,3,Excel y análisis de datos,Presencial,8,54.55,72.6
420,2023-06-12,338,2,6,26,4,Buenas prácticas de almacenamiento,Presencial,2,75.97,78.1
421,2023-06-03,340,5,13,27,4,Excel y análisis de datos,Presencial,8,89.51,67.2
422,2023-06-17,347,1,5,10,2,Seguridad ocupacional,Virtual,4,32.58,73.6
423,2023-06-10,428,1,2,15,2,Atención al cliente,Virtual,8,62.79,65.9
424,2023-06-01,566,6,15,27,2,Liderazgo de equipos,Virtual,2,22.35,79.8
425,2023-06-16,579,1,1,2,2,Seguridad ocupacional,Virtual,8,58.99,74.5
426,2023-06-15,658,1,5,1,2,Buenas prácticas de almacenamiento,Presencial,4,67.06,76.0
427,2023-06-02,668,1,1,19,2,Excel y análisis de datos,Virtual,8,83.86,90.1
428,2023-06-09,696,1,2,1,1,Excel y análisis de datos,Presencial,4,56.2,77.4
429,2023-06-16,712,1,2,11,2,Atención al cliente,Virtual,2,78.55,48.3
430,2023-06-24,723,1,1,24,2,Buenas prácticas de almacenamiento,Presencial,8,34.06,68.3
431,2023-06-17,765,2,7,26,2,Liderazgo de equipos,Presencial,4,66.13,84.4
432,2023-06-20,852,1,2,18,1,Seguridad ocupacional,Virtual,4,64.28,94.2
433,2023-06-10,869,1,1,20,1,Buenas prácticas de almacenamiento,Presencial,4,86.39,83.8
434,2023-07-13,6,1,5,7,3,Buenas prácticas de almacenamiento,Virtual,2,83.93,83.5
435,2023-07-07,12,1,5,10,3,Seguridad ocupacional,Virtual,8,32.8,94.3
436,2023-07-05,13,1,5,8,2,Atención al cliente,Virtual,2,16.54,76.3
437,2023-07-27,20,1,2,24,3,Buenas prácticas de almacenamiento,Virtual,2,43.1,88.8
438,2023-07-17,21,1,3,21,4,Liderazgo de equipos,Virtual,2,66.25,98.2
439,2023-07-26,27,1,4,22,4,Seguridad ocupacional,Virtual,8,27.5,84.2
440,2023-07-29,29,1,1,9,4,Liderazgo de equipos,Presencial,8,58.11,90.4
441,2023-07-16,31,1,5,21,2,Buenas prácticas de almacenamiento,Virtual,4,53.9,85.0
442,2023-07-24,34,1,1,20,3,Atención al cliente,Presencial,8,47.0,87.5
443,2023-07-29,47,1,1,5,4,Buenas prácticas de almacenamiento,Virtual,4,23.57,91.1
444,2023-07-04,48,1,5,12,3,Liderazgo de equipos,Presencial,8,84.48,69.6
445,2023-07-17,50,2,7,26,4,Buenas prácticas de almacenamiento,Presencial,2,40.59,75.7
446,2023-07-23,63,1,2,14,3,Atención al cliente,Presencial,4,51.74,85.7
447,2023-07-29,65,1,3,20,3,Atención al cliente,Virtual,2,57.01,86.4
448,2023-07-18,96,1,1,12,4,Liderazgo de equipos,Virtual,2,51.41,86.6
449,2023-07-10,97,1,3,3,3,Liderazgo de equipos,Presencial,8,66.73,87.1
450,2023-07-30,102,1,1,14,4,Seguridad ocupacional,Presencial,8,56.44,75.2
451,2023-07-28,110,1,3,8,3,Liderazgo de equipos,Presencial,2,74.89,82.2
452,2023-07-22,120,1,1,17,4,Buenas prácticas de almacenamiento,Presencial,2,26.6,77.3
453,2023-07-12,124,1,1,15,4,Liderazgo de equipos,Virtual,8,32.72,82.9
454,2023-07-25,132,1,1,5,4,Buenas prácticas de almacenamiento,Virtual,4,82.0,83.6
455,2023-07-19,139,1,5,11,3,Buenas prácticas de almacenamiento,Virtual,8,63.77,92.2
456,2023-07-31,140,1,1,22,4,Excel y análisis de datos,Virtual,8,26.84,77.1
457,2023-07-20,144,1,3,12,3,Buenas prácticas de almacenamiento,Presencial,4,87.85,76.5
458,2023-07-20,145,1,2,1,4,Atención al cliente,Virtual,2,81.08,87.8
459,2023-07-04,163,1,5,22,4,Liderazgo de equipos,Virtual,2,70.61,92.9
460,2023-07-12,167,1,3,22,4,Buenas prácticas de almacenamiento,Presencial,4,49.84,79.3
461,2023-07-22,183,6,15,27,4,Excel y análisis de datos,Virtual,2,82.99,78.7
462,2023-07-13,200,1,1,12,4,Buenas prácticas de almacenamiento,Presencial,2,66.66,79.8
463,2023-07-17,204,1,2,19,3,Buenas prácticas de almacenamiento,Presencial,8,72.77,87.4
464,2023-07-12,208,2,6,25,4,Liderazgo de equipos,Presencial,8,21.63,79.0
465,2023-07-31,217,1,5,9,2,Excel y análisis de datos,Virtual,8,20.05,79.9
466,2023-07-20,220,1,2,9,3,Buenas prácticas de almacenamiento,Virtual,2,20.43,92.7
467,2023-07-05,229,2,8,25,3,Seguridad ocupacional,Virtual,8,48.02,81.2
468,2023-07-07,230,1,3,17,4,Liderazgo de equipos,Virtual,8,42.77,84.8
469,2023-07-01,242,1,1,2,4,Seguridad ocupacional,Virtual,4,27.59,75.9
470,2023-07-31,246,1,3,19,3,Atención al cliente,Presencial,2,27.59,78.1
471,2023-07-13,262,1,2,14,4,Liderazgo de equipos,Presencial,4,55.07,82.3
472,2023-07-24,269,1,1,8,3,Excel y análisis de datos,Presencial,2,82.81,89.2
473,2023-07-19,274,1,5,19,4,Excel y análisis de datos,Presencial,8,65.35,92.7
474,2023-07-05,281,1,1,17,3,Atención al cliente,Presencial,2,79.25,97.2
475,2023-07-29,285,5,14,27,2,Atención al cliente,Virtual,8,61.89,80.8
476,2023-07-14,291,1,2,2,4,Seguridad ocupacional,Virtual,8,23.32,78.3
477,2023-07-05,294,1,1,1,2,Buenas prácticas de almacenamiento,Presencial,8,37.76,81.8
478,2023-07-29,295,1,5,18,4,Buenas prácticas de almacenamiento,Virtual,8,55.36,65.4
479,2023-07-18,300,5,13,27,3,Buenas prácticas de almacenamiento,Presencial,8,58.72,86.8
480,2023-07-12,307,1,5,2,3,Seguridad ocupacional,Presencial,4,38.32,74.7
481,2023-07-31,310,1,2,21,4,Seguridad ocupacional,Virtual,2,79.17,88.4
482,2023-07-07,319,1,1,8,2,Seguridad ocupacional,Virtual,4,65.01,94.4
483,2023-07-28,321,6,16,27,3,Liderazgo de equipos,Virtual,4,85.91,71.6
484,2023-07-27,335,1,5,23,3,Excel y análisis de datos,Virtual,8,60.77,67.9
485,2023-07-29,338,2,6,26,4,Excel y análisis de datos,Presencial,8,47.96,83.3
486,2023-07-05,347,1,5,10,2,Buenas prácticas de almacenamiento,Presencial,4,44.17,95.7
487,2023-07-31,455,1,2,12,1,Atención al cliente,Presencial,2,19.5,77.9
488,2023-07-25,534,1,2,22,1,Buenas prácticas de almacenamiento,Presencial,4,21.27,79.7
489,2023-07-18,559,1,1,21,2,Buenas prácticas de almacenamiento,Virtual,4,78.08,66.3
490,2023-07-11,581,1,2,14,1,Liderazgo de equipos,Virtual,4,40.95,81.6
491,2023-07-26,589,1,1,4,1,Buenas prácticas de almacenamiento,Presencial,4,53.98,85.5
492,2023-07-15,632,5,14,27,2,Atención al cliente,Presencial,4,53.12,75.6
493,2023-07-22,648,1,5,12,1,Buenas prácticas de almacenamiento,Presencial,2,60.91,78.5
494,2023-07-13,668,1,1,19,2,Excel y análisis de datos,Virtual,4,38.45,88.8
495,2023-07-01,694,1,2,11,2,Seguridad ocupacional,Virtual,2,49.31,91.9
496,2023-07-25,716,1,4,8,2,Buenas prácticas de almacenamiento,Virtual,2,75.29,95.9
497,2023-07-01,717,2,7,25,2,Excel y análisis de datos,Presencial,4,44.8,100
498,2023-07-27,768,1,1,18,1,Buenas prácticas de almacenamiento,Presencial,2,67.05,67.2
499,2023-07-20,780,1,1,8,1,Atención al cliente,Presencial,2,24.94,75.2
500,2023-07-19,838,1,1,6,2,Seguridad ocupacional,Virtual,8,28.03,75.0
501,2023-07-24,853,1,1,11,2,Seguridad ocupacional,Presencial,4,20.48,90.5
502,2023-07-23,883,1,2,18,1,Excel y análisis de datos,Virtual,2,33.74,72.9
503,2023-08-29,6,1,5,7,3,Atención al cliente,Virtual,2,59.14,93.9
504,2023-08-06,17,6,15,27,4,Liderazgo de equipos,Virtual,4,84.64,89.8
505,2023-08-24,25,1,3,11,4,Seguridad ocupacional,Presencial,8,45.26,88.8
506,2023-08-02,27,1,4,22,4,Seguridad ocupacional,Presencial,4,30.55,84.0
507,2023-08-02,41,1,2,17,4,Buenas prácticas de almacenamiento,Virtual,2,44.54,79.7
508,2023-08-21,48,1,5,12,3,Liderazgo de equipos,Presencial,2,35.97,88.5
509,2023-08-23,54,1,4,19,4,Liderazgo de equipos,Virtual,8,33.31,73.5
510,2023-08-01,68,1,2,7,4,Buenas prácticas de almacenamiento,Virtual,4,52.0,84.9
511,2023-08-25,72,1,1,21,4,Seguridad ocupacional,Presencial,4,73.05,90.3
512,2023-08-16,74,1,1,21,4,Seguridad ocupacional,Virtual,2,66.69,82.3
513,2023-08-17,76,1,1,23,3,Liderazgo de equipos,Virtual,8,34.61,81.6
514,2023-08-01,83,1,1,21,2,Atención al cliente,Virtual,8,77.67,69.2
515,2023-08-30,88,1,3,19,4,Atención al cliente,Virtual,4,83.01,77.7
516,2023-08-08,92,6,15,27,4,Excel y análisis de datos,Presencial,4,83.64,92.6
517,2023-08-14,93,1,4,14,3,Excel y análisis de datos,Virtual,8,60.99,98.7
518,2023-08-21,97,1,3,3,3,Atención al cliente,Virtual,4,76.14,85.4
519,2023-08-25,100,1,4,23,3,Seguridad ocupacional,Presencial,2,25.96,90.6
520,2023-08-21,101,5,13,27,3,Excel y análisis de datos,Virtual,4,66.45,67.6
521,2023-08-14,104,4,11,27,3,Seguridad ocupacional,Presencial,2,45.84,80.2
522,2023-08-19,136,1,2,11,4,Buenas prácticas de almacenamiento,Presencial,2,60.93,71.5
523,2023-08-24,167,1,3,22,4,Liderazgo de equipos,Virtual,4,72.9,80.9
524,2023-08-07,170,1,2,9,4,Liderazgo de equipos,Presencial,2,23.73,100
525,2023-08-16,181,1,1,9,3,Excel y análisis de datos,Virtual,8,23.11,66.5
526,2023-08-22,196,1,3,20,3,Buenas prácticas de almacenamiento,Presencial,8,22.48,93.2
527,2023-08-14,216,1,4,20,2,Buenas prácticas de almacenamiento,Virtual,4,48.64,93.9
528,2023-08-22,230,1,3,17,4,Buenas prácticas de almacenamiento,Virtual,8,68.96,93.7
529,2023-08-14,247,1,5,17,4,Buenas prácticas de almacenamiento,Presencial,8,60.22,100
530,2023-08-20,263,1,3,12,4,Liderazgo de equipos,Presencial,2,52.6,89.2
531,2023-08-07,274,1,5,19,4,Atención al cliente,Presencial,8,19.29,78.3
532,2023-08-16,281,1,1,17,3,Liderazgo de equipos,Presencial,2,47.43,80.9
533,2023-08-30,284,1,2,5,4,Excel y análisis de datos,Virtual,2,46.04,71.9
534,2023-08-05,285,5,14,27,2,Liderazgo de equipos,Virtual,8,41.43,77.5
535,2023-08-06,288,1,1,12,4,Atención al cliente,Virtual,4,88.44,81.2
536,2023-08-14,289,1,3,1,3,Buenas prácticas de almacenamiento,Presencial,2,51.92,80.1
537,2023-08-10,290,1,3,3,3,Atención al cliente,Virtual,4,81.02,74.3
538,2023-08-30,301,1,5,1,4,Liderazgo de equipos,Virtual,8,53.09,72.8
539,2023-08-15,302,1,2,2,4,Buenas prácticas de almacenamiento,Presencial,4,61.8,83.0
540,2023-08-09,309,1,4,9,4,Excel y análisis de datos,Presencial,4,17.59,70.1
541,2023-08-27,322,6,16,27,2,Atención al cliente,Virtual,2,72.64,78.1
542,2023-08-31,336,1,1,8,4,Liderazgo de equipos,Presencial,2,35.19,94.1
543,2023-08-17,347,1,5,10,2,Liderazgo de equipos,Virtual,4,23.22,89.8
544,2023-08-15,378,1,1,17,2,Seguridad ocupacional,Virtual,4,53.55,100
545,2023-08-30,510,5,14,27,2,Seguridad ocupacional,Presencial,8,85.23,94.1
546,2023-08-23,547,1,2,8,2,Atención al cliente,Presencial,2,75.87,77.6
547,2023-08-12,572,1,5,23,2,Liderazgo de equipos,Virtual,2,59.59,74.2
548,2023-08-12,579,1,1,2,2,Atención al cliente,Virtual,8,42.77,92.2
549,2023-08-11,681,1,1,9,2,Atención al cliente,Presencial,8,33.65,83.8
550,2023-08-27,696,1,2,1,2,Excel y análisis de datos,Virtual,2,16.74,100
551,2023-08-19,716,1,4,8,2,Atención al cliente,Presencial,2,61.87,81.0
552,2023-08-08,733,1,3,20,2,Liderazgo de equipos,Presencial,2,23.23,75.0
553,2023-08-17,741,1,5,20,2,Seguridad ocupacional,Presencial,2,78.14,68.9
554,2023-08-05,849,1,5,2,2,Seguridad ocupacional,Presencial,2,42.86,82.1
555,2023-08-30,862,1,2,4,1,Excel y análisis de datos,Virtual,8,74.48,82.8
556,2023-08-16,895,1,3,15,2,Buenas prácticas de almacenamiento,Presencial,8,80.69,93.8
557,2023-08-22,896,1,2,11,2,Liderazgo de equipos,Presencial,4,19.72,78.7
558,2023-09-03,3,1,4,11,4,Excel y análisis de datos,Presencial,2,27.4,78.6
559,2023-09-18,8,2,8,25,3,Excel y análisis de datos,Virtual,2,88.3,78.7
560,2023-09-28,12,1,5,10,3,Atención al cliente,Presencial,8,85.14,87.2
561,2023-09-14,18,4,11,27,3,Excel y análisis de datos,Virtual,2,33.03,72.9
562,2023-09-25,20,1,2,24,3,Liderazgo de equipos,Presencial,8,60.43,86.7
563,2023-09-12,29,1,1,9,4,Liderazgo de equipos,Presencial,8,23.46,75.2
564,2023-09-02,33,1,1,7,4,Excel y análisis de datos,Virtual,2,67.61,85.9
565,2023-09-09,39,1,2,17,4,Buenas prácticas de almacenamiento,Virtual,4,21.94,86.7
566,2023-09-13,41,1,2,17,4,Atención al cliente,Presencial,2,30.88,77.0
567,2023-09-06,49,1,3,19,3,Seguridad ocupacional,Presencial,8,59.7,86.3
568,2023-09-23,51,1,2,11,3,Seguridad ocupacional,Presencial,8,59.82,83.7
569,2023-09-01,54,1,4,19,4,Buenas prácticas de almacenamiento,Virtual,4,86.05,78.7
570,2023-09-15,59,1,4,7,3,Excel y análisis de datos,Presencial,8,57.95,73.8
571,2023-09-06,74,1,1,21,4,Atención al cliente,Virtual,4,41.83,88.0
572,2023-09-11,84,1,3,9,4,Seguridad ocupacional,Presencial,8,88.2,86.7
573,2023-09-03,88,1,3,19,4,Buenas prácticas de almacenamiento,Virtual,2,58.81,78.4
574,2023-09-02,89,1,4,19,3,Excel y análisis de datos,Presencial,2,44.39,76.5
575,2023-09-26,90,2,6,26,4,Buenas prácticas de almacenamiento,Virtual,4,68.43,81.1
576,2023-09-21,96,1,1,12,4,Liderazgo de equipos,Presencial,4,65.34,89.6
577,2023-09-26,97,1,3,3,3,Seguridad ocupacional,Presencial,8,24.15,85.3
578,2023-09-11,98,1,3,18,3,Excel y análisis de datos,Virtual,2,69.51,80.7
579,2023-09-01,100,1,4,23,3,Seguridad ocupacional,Presencial,2,74.78,87.5
580,2023-09-22,102,1,1,14,4,Seguridad ocupacional,Virtual,8,17.83,65.7
581,2023-09-20,104,4,11,27,3,Liderazgo de equipos,Virtual,4,73.78,85.4
582,2023-09-14,108,1,2,17,4,Atención al cliente,Virtual,8,89.22,79.5
583,2023-09-27,109,1,1,8,4,Atención al cliente,Presencial,2,24.92,64.7
584,2023-09-22,110,1,3,8,3,Excel y análisis de datos,Virtual,8,76.56,62.6
585,2023-09-04,120,1,1,17,4,Atención al cliente,Virtual,4,57.85,83.9
586,2023-09-17,130,1,5,5,4,Liderazgo de equipos,Virtual,2,79.56,77.2
587,2023-09-14,136,1,2,11,4,Buenas prácticas de almacenamiento,Virtual,4,68.51,94.9
588,2023-09-12,142,1,2,8,3,Excel y análisis de datos,Presencial,8,70.15,81.0
589,2023-09-17,143,1,5,19,4,Liderazgo de equipos,Presencial,2,38.01,89.4
590,2023-09-02,145,1,2,1,4,Liderazgo de equipos,Presencial,4,43.26,74.8
591,2023-09-19,149,1,4,1,4,Atención al cliente,Virtual,8,62.75,74.0
592,2023-09-24,158,1,4,23,3,Seguridad ocupacional,Presencial,8,30.29,87.4
593,2023-09-01,160,1,3,19,4,Liderazgo de equipos,Presencial,8,52.1,83.7
594,2023-09-12,181,1,1,9,3,Excel y análisis de datos,Virtual,2,25.79,76.1
595,2023-09-08,185,1,1,12,2,Atención al cliente,Virtual,2,33.73,93.3
596,2023-09-29,209,1,5,15,2,Seguridad ocupacional,Presencial,4,44.36,82.1
597,2023-09-01,222,1,2,4,4,Atención al cliente,Virtual,4,62.29,100
598,2023-09-16,225,1,2,2,4,Atención al cliente,Presencial,8,63.49,78.7
599,2023-09-15,249,1,1,1,4,Buenas prácticas de almacenamiento,Presencial,2,38.05,80.7
600,2023-09-06,253,1,2,10,4,Seguridad ocupacional,Presencial,8,38.69,79.9
601,2023-09-26,257,1,2,22,4,Seguridad ocupacional,Presencial,4,26.32,100
602,2023-09-01,263,1,3,12,4,Seguridad ocupacional,Presencial,2,82.29,84.6
603,2023-09-14,270,1,3,18,4,Seguridad ocupacional,Presencial,4,84.24,98.1
604,2023-09-18,282,1,1,20,3,Excel y análisis de datos,Presencial,4,27.5,90.0
605,2023-09-18,297,1,5,5,4,Seguridad ocupacional,Virtual,4,63.32,93.8
606,2023-09-21,307,1,5,2,3,Buenas prácticas de almacenamiento,Virtual,4,52.41,100
607,2023-09-17,312,1,1,21,4,Atención al cliente,Presencial,8,23.54,87.5
608,2023-09-19,328,1,2,19,3,Atención al cliente,Virtual,2,67.75,69.1
609,2023-09-11,344,1,1,24,4,Excel y análisis de datos,Virtual,8,26.09,81.7
610,2023-09-14,350,1,5,23,3,Atención al cliente,Virtual,4,20.4,84.9
611,2023-09-22,412,3,10,27,1,Seguridad ocupacional,Virtual,2,35.0,63.3
612,2023-09-24,430,1,1,4,1,Buenas prácticas de almacenamiento,Presencial,8,26.95,100
613,2023-09-27,449,1,3,24,1,Seguridad ocupacional,Virtual,4,18.62,72.8
614,2023-09-26,457,1,5,9,2,Liderazgo de equipos,Virtual,4,39.54,77.8
615,2023-09-18,486,1,4,18,1,Seguridad ocupacional,Virtual,2,65.55,81.6
616,2023-09-21,490,3,10,27,2,Buenas prácticas de almacenamiento,Virtual,4,89.15,89.7
617,2023-09-15,510,5,14,27,2,Buenas prácticas de almacenamiento,Virtual,8,74.51,93.0
618,2023-09-05,523,1,1,9,2,Atención al cliente,Virtual,4,85.31,78.9
619,2023-09-30,540,1,3,14,2,Buenas prácticas de almacenamiento,Presencial,4,59.92,77.2
620,2023-09-18,617,1,1,24,1,Liderazgo de equipos,Virtual,4,53.21,86.7
621,2023-09-04,707,1,5,22,2,Seguridad ocupacional,Presencial,8,56.83,92.6
622,2023-09-10,717,2,7,25,2,Excel y análisis de datos,Virtual,4,15.11,81.4
623,2023-09-20,733,1,3,20,2,Liderazgo de equipos,Virtual,4,79.68,84.9
624,2023-09-29,741,1,5,20,2,Atención al cliente,Presencial,8,38.88,79.9
625,2023-09-02,744,1,5,24,1,Liderazgo de equipos,Virtual,2,46.46,70.3
626,2023-09-16,829,1,1,17,2,Liderazgo de equipos,Presencial,2,15.81,72.6
627,2023-09-30,852,1,2,18,2,Seguridad ocupacional,Presencial,4,19.27,76.0
628,2023-09-07,872,2,6,25,1,Excel y análisis de datos,Virtual,2,40.44,66.0
629,2023-09-23,884,1,5,24,1,Buenas prácticas de almacenamiento,Presencial,4,49.56,65.0
630,2023-10-16,1,1,1,3,4,Seguridad ocupacional,Presencial,2,71.32,88.9
631,2023-10-17,2,2,7,25,4,Seguridad ocupacional,Virtual,4,68.91,76.7
632,2023-10-12,4,1,1,23,4,Atención al cliente,Virtual,8,17.21,77.1
633,2023-10-16,9,1,1,11,4,Excel y análisis de datos,Presencial,4,63.15,85.8
634,2023-10-21,22,1,5,18,3,Excel y análisis de datos,Virtual,8,77.36,79.9
635,2023-10-15,24,2,7,26,3,Excel y análisis de datos,Presencial,2,74.17,86.3
636,2023-10-17,27,1,4,22,4,Buenas prácticas de almacenamiento,Presencial,8,46.61,73.0
637,2023-10-06,48,1,5,12,3,Liderazgo de equipos,Presencial,8,43.9,79.3
638,2023-10-26,56,1,3,17,4,Liderazgo de equipos,Virtual,2,65.76,83.5
639,2023-10-03,58,1,3,10,4,Atención al cliente,Presencial,4,62.73,76.5
640,2023-10-14,65,1,3,20,3,Atención al cliente,Virtual,8,76.76,78.6
641,2023-10-26,73,1,2,9,3,Atención al cliente,Virtual,4,21.78,66.9
642,2023-10-21,80,1,3,12,4,Buenas prácticas de almacenamiento,Virtual,8,70.27,95.1
643,2023-10-23,90,2,6,26,4,Seguridad ocupacional,Presencial,8,24.63,72.8
644,2023-10-04,98,1,3,18,3,Excel y análisis de datos,Presencial,8,41.71,75.7
645,2023-10-31,100,1,4,23,3,Buenas prácticas de almacenamiento,Virtual,8,57.61,86.2
646,2023-10-23,111,1,3,14,4,Atención al cliente,Presencial,2,78.38,67.5
647,2023-10-26,119,1,5,4,3,Buenas prácticas de almacenamiento,Virtual,2,38.23,72.1
648,2023-10-19,125,1,2,5,4,Excel y análisis de datos,Virtual,4,74.38,68.0
649,2023-10-01,129,1,1,21,4,Buenas prácticas de almacenamiento,Virtual,8,52.93,75.4
650,2023-10-03,131,1,5,5,2,Liderazgo de equipos,Presencial,8,22.37,77.7
651,2023-10-27,132,1,1,5,4,Liderazgo de equipos,Virtual,2,21.56,78.4
652,2023-10-15,144,1,3,12,3,Excel y análisis de datos,Presencial,4,57.89,88.9
653,2023-10-04,145,1,2,1,4,Atención al cliente,Virtual,2,49.38,77.3
654,2023-10-18,158,1,4,23,3,Liderazgo de equipos,Virtual,8,17.75,88.5
655,2023-10-23,161,1,3,22,4,Buenas prácticas de almacenamiento,Presencial,2,37.25,70.7
656,2023-10-26,180,1,3,6,3,Buenas prácticas de almacenamiento,Presencial,4,75.32,81.1
657,2023-10-16,181,1,1,9,3,Excel y análisis de datos,Virtual,8,18.81,68.4
658,2023-10-21,186,1,1,11,4,Atención al cliente,Presencial,8,62.4,72.6
659,2023-10-14,187,1,3,20,4,Buenas prácticas de almacenamiento,Presencial,8,29.05,68.8
660,2023-10-15,213,1,4,14,4,Seguridad ocupacional,Presencial,8,28.3,83.7
661,2023-10-24,216,1,4,20,2,Atención al cliente,Virtual,2,78.34,74.7
662,2023-10-02,218,1,1,3,3,Excel y análisis de datos,Presencial,8,76.26,79.3
663,2023-10-11,222,1,2,4,4,Atención al cliente,Presencial,2,58.06,79.5
664,2023-10-27,233,2,6,25,3,Excel y análisis de datos,Virtual,4,64.27,83.2
665,2023-10-22,248,1,4,2,4,Excel y análisis de datos,Presencial,2,79.06,67.5
666,2023-10-08,249,1,1,1,4,Liderazgo de equipos,Presencial,4,72.29,67.0
667,2023-10-27,255,1,1,21,4,Seguridad ocupacional,Presencial,8,73.16,75.7
668,2023-10-27,261,1,5,23,4,Seguridad ocupacional,Virtual,4,79.61,75.1
669,2023-10-11,264,1,2,17,3,Atención al cliente,Presencial,4,52.39,70.6
670,2023-10-23,273,1,3,15,4,Seguridad ocupacional,Presencial,2,69.43,71.3
671,2023-10-15,283,1,5,12,3,Excel y análisis de datos,Virtual,4,61.49,79.6
672,2023-10-17,286,1,2,12,3,Atención al cliente,Presencial,2,46.14,95.3
673,2023-10-08,288,1,1,12,4,Buenas prácticas de almacenamiento,Presencial,8,68.13,72.7
674,2023-10-11,300,5,13,27,3,Atención al cliente,Presencial,2,17.17,83.2
675,2023-10-03,301,1,5,1,4,Atención al cliente,Presencial,4,77.36,91.1
676,2023-10-04,314,2,7,25,3,Seguridad ocupacional,Presencial,2,54.0,81.9
677,2023-10-07,346,1,5,14,4,Atención al cliente,Virtual,8,35.71,94.4
678,2023-10-27,360,1,2,23,2,Liderazgo de equipos,Virtual,4,20.61,87.8
679,2023-10-08,387,1,5,18,1,Seguridad ocupacional,Virtual,8,54.97,97.1
680,2023-10-06,446,1,4,2,2,Liderazgo de equipos,Presencial,2,85.95,87.0
681,2023-10-27,479,1,1,5,1,Seguridad ocupacional,Virtual,4,76.08,79.9
682,2023-10-23,490,3,10,27,2,Seguridad ocupacional,Virtual,4,50.12,94.4
683,2023-10-25,519,1,5,8,2,Excel y análisis de datos,Virtual,4,79.79,83.5
684,2023-10-03,559,1,1,21,2,Atención al cliente,Virtual,4,18.89,78.1
685,2023-10-14,589,1,1,4,2,Atención al cliente,Virtual,2,60.6,79.3
686,2023-10-23,708,4,12,27,2,Seguridad ocupacional,Virtual,8,59.72,84.2
687,2023-10-16,741,1,5,20,2,Buenas prácticas de almacenamiento,Virtual,4,57.74,83.3
688,2023-10-31,756,1,3,22,1,Seguridad ocupacional,Virtual,8,34.29,92.9
689,2023-10-02,829,1,1,17,2,Seguridad ocupacional,Presencial,4,15.38,88.5
690,2023-10-30,836,5,13,27,2,Excel y análisis de datos,Presencial,2,52.34,87.2
691,2023-10-06,838,1,1,6,2,Excel y análisis de datos,Presencial,8,47.26,74.2
692,2023-10-17,853,1,1,11,2,Atención al cliente,Virtual,8,36.61,81.9
693,2023-10-19,882,2,6,25,2,Liderazgo de equipos,Presencial,4,30.09,67.3
694,2023-11-08,11,1,1,5,4,Buenas prácticas de almacenamiento,Presencial,2,57.82,86.4
695,2023-11-08,14,1,4,19,4,Liderazgo de equipos,Presencial,4,80.92,82.2
696,2023-11-19,22,1,5,18,3,Seguridad ocupacional,Virtual,8,87.24,100
697,2023-11-29,41,1,2,17,4,Atención al cliente,Virtual,4,57.36,85.5
698,2023-11-22,46,1,4,14,3,Excel y análisis de datos,Presencial,2,33.42,90.4
699,2023-11-09,63,1,2,14,3,Seguridad ocupacional,Presencial,2,67.74,68.6
700,2023-11-17,65,1,3,20,3,Liderazgo de equipos,Presencial,8,70.93,81.6
701,2023-11-19,67,1,1,2,3,Buenas prácticas de almacenamiento,Virtual,4,21.43,80.8
702,2023-11-14,83,1,1,21,3,Atención al cliente,Presencial,8,89.0,70.1
703,2023-11-23,105,1,3,5,3,Liderazgo de equipos,Virtual,2,51.21,78.9
704,2023-11-26,106,1,4,6,4,Atención al cliente,Virtual,4,66.27,86.6
705,2023-11-04,110,1,3,8,3,Liderazgo de equipos,Virtual,8,88.95,72.6
706,2023-11-20,111,1,3,14,4,Liderazgo de equipos,Presencial,4,66.94,85.6
707,2023-11-07,112,1,1,9,4,Atención al cliente,Virtual,2,28.55,71.2
708,2023-11-18,129,1,1,21,4,Liderazgo de equipos,Presencial,2,65.34,90.4
709,2023-11-01,131,1,5,5,3,Atención al cliente,Presencial,2,76.83,97.6
710,2023-11-27,142,1,2,8,3,Liderazgo de equipos,Presencial,4,82.86,73.3
711,2023-11-23,152,1,1,20,3,Buenas prácticas de almacenamiento,Virtual,8,34.53,97.2
712,2023-11-05,155,2,6,26,4,Atención al cliente,Virtual,2,74.41,90.5
713,2023-11-20,168,1,3,6,4,Seguridad ocupacional,Virtual,2,63.34,84.1
714,2023-11-12,184,1,1,11,4,Excel y análisis de datos,Presencial,2,62.82,83.8
715,2023-11-11,194,1,1,11,4,Excel y análisis de datos,Presencial,4,69.89,74.3
716,2023-11-28,205,1,1,12,3,Liderazgo de equipos,Presencial,8,22.67,80.1
717,2023-11-03,207,1,1,3,4,Buenas prácticas de almacenamiento,Presencial,2,68.63,70.4
718,2023-11-13,213,1,4,14,4,Liderazgo de equipos,Virtual,2,32.11,81.1
719,2023-11-05,217,1,5,9,2,Atención al cliente,Virtual,8,67.12,73.9
720,2023-11-29,221,1,2,11,3,Atención al cliente,Virtual,8,26.16,89.0
721,2023-11-23,230,1,3,17,4,Buenas prácticas de almacenamiento,Presencial,2,65.08,64.0
722,2023-11-20,233,2,6,25,3,Excel y análisis de datos,Virtual,4,30.77,84.7
723,2023-11-04,243,1,5,12,4,Buenas prácticas de almacenamiento,Presencial,2,88.91,72.0
724,2023-11-15,246,1,3,19,3,Atención al cliente,Presencial,2,60.1,77.6
725,2023-11-16,255,1,1,21,4,Seguridad ocupacional,Virtual,4,53.15,81.6
726,2023-11-21,258,1,4,23,4,Excel y análisis de datos,Virtual,2,68.36,75.1
727,2023-11-26,259,1,3,8,4,Excel y análisis de datos,Virtual,8,77.99,80.8
728,2023-11-27,280,1,4,13,3,Buenas prácticas de almacenamiento,Presencial,4,44.86,95.8
729,2023-11-28,306,1,4,4,3,Buenas prácticas de almacenamiento,Presencial,2,53.19,74.0
730,2023-11-21,310,1,2,21,4,Liderazgo de equipos,Virtual,2,42.51,82.6
731,2023-11-13,321,6,16,27,4,Liderazgo de equipos,Presencial,2,57.28,92.1
732,2023-11-15,326,1,1,15,4,Excel y análisis de datos,Presencial,2,61.72,68.1
733,2023-11-26,333,5,14,27,4,Atención al cliente,Presencial,8,24.56,56.4
734,2023-11-13,339,1,1,11,4,Excel y análisis de datos,Virtual,2,43.16,53.2
735,2023-11-19,340,5,13,27,4,Atención al cliente,Presencial,2,58.96,94.8
736,2023-11-05,344,1,1,24,4,Atención al cliente,Virtual,8,44.91,74.0
737,2023-11-27,346,1,5,14,4,Atención al cliente,Presencial,4,79.08,89.5
738,2023-11-04,347,1,5,10,2,Buenas prácticas de almacenamiento,Virtual,4,21.05,65.5
739,2023-11-07,387,1,5,18,1,Liderazgo de equipos,Virtual,4,56.76,83.3
740,2023-11-17,389,1,3,6,1,Excel y análisis de datos,Virtual,8,28.22,94.4
741,2023-11-24,422,1,1,14,2,Liderazgo de equipos,Presencial,8,66.19,85.3
742,2023-11-09,472,1,1,9,2,Atención al cliente,Presencial,2,19.45,86.6
743,2023-11-07,532,1,5,11,1,Liderazgo de equipos,Virtual,8,72.68,89.8
744,2023-11-06,534,1,2,22,2,Atención al cliente,Virtual,8,23.43,100
745,2023-11-29,572,1,5,23,2,Excel y análisis de datos,Presencial,4,19.78,83.8
746,2023-11-21,579,1,1,2,2,Atención al cliente,Presencial,2,32.3,94.9
747,2023-11-18,590,1,1,2,2,Atención al cliente,Virtual,8,47.71,72.9
748,2023-11-06,604,1,1,24,2,Seguridad ocupacional,Presencial,8,65.33,76.6
749,2023-11-09,651,1,4,10,2,Liderazgo de equipos,Virtual,2,17.22,97.4
750,2023-11-23,658,1,5,1,2,Atención al cliente,Virtual,2,48.82,100
751,2023-11-12,697,2,6,25,2,Liderazgo de equipos,Virtual,8,35.93,84.0
752,2023-11-23,717,2,7,25,2,Buenas prácticas de almacenamiento,Virtual,2,39.77,97.6
753,2023-11-20,798,1,1,15,1,Seguridad ocupacional,Virtual,4,34.36,70.7
754,2023-11-19,816,4,12,27,1,Atención al cliente,Presencial,2,73.28,69.3
755,2023-11-11,829,1,1,17,2,Excel y análisis de datos,Virtual,4,69.94,69.7
756,2023-11-17,853,1,1,11,2,Atención al cliente,Presencial,4,60.77,86.8
757,2023-11-15,872,2,6,25,2,Buenas prácticas de almacenamiento,Presencial,8,17.41,86.9
758,2023-11-21,874,1,3,11,1,Atención al cliente,Virtual,8,62.79,76.1
759,2023-11-12,884,1,5,24,1,Seguridad ocupacional,Presencial,2,59.4,91.9
760,2023-11-09,887,1,2,10,2,Liderazgo de equipos,Virtual,2,68.79,82.2
761,2023-12-13,12,1,5,10,3,Excel y análisis de datos,Virtual,2,54.34,75.0
762,2023-12-04,13,1,5,8,3,Buenas prácticas de almacenamiento,Presencial,2,37.85,81.1
763,2023-12-16,17,6,15,27,4,Buenas prácticas de almacenamiento,Presencial,2,87.72,70.9
764,2023-12-03,21,1,3,21,4,Excel y análisis de datos,Presencial,2,20.16,98.8
765,2023-12-05,22,1,5,18,3,Buenas prácticas de almacenamiento,Virtual,8,46.26,89.3
766,2023-12-02,24,2,7,26,3,Liderazgo de equipos,Presencial,4,82.11,83.3
767,2023-12-12,30,2,8,25,4,Atención al cliente,Virtual,8,26.56,88.2
768,2023-12-15,54,1,4,19,4,Seguridad ocupacional,Presencial,8,21.54,94.2
769,2023-12-28,59,1,4,7,3,Buenas prácticas de almacenamiento,Virtual,8,42.85,77.3
770,2023-12-07,63,1,2,14,3,Liderazgo de equipos,Presencial,4,89.08,72.9
771,2023-12-08,68,1,2,7,4,Atención al cliente,Virtual,4,66.79,72.7
772,2023-12-23,73,1,2,9,3,Buenas prácticas de almacenamiento,Virtual,8,60.3,86.8
773,2023-12-16,78,3,9,27,4,Seguridad ocupacional,Presencial,8,50.55,69.5
774,2023-12-28,84,1,3,9,4,Seguridad ocupacional,Virtual,4,48.65,93.5
775,2023-12-02,85,6,16,27,4,Buenas prácticas de almacenamiento,Virtual,4,87.24,90.5
776,2023-12-18,90,2,6,26,4,Liderazgo de equipos,Virtual,4,68.24,84.7
777,2023-12-25,91,2,6,26,4,Liderazgo de equipos,Virtual,8,46.37,80.2
778,2023-12-13,92,6,15,27,4,Excel y análisis de datos,Virtual,8,56.89,78.2
779,2023-12-22,103,1,2,23,4,Excel y análisis de datos,Virtual,4,86.17,85.8
780,2023-12-20,104,4,11,27,3,Atención al cliente,Virtual,2,57.97,84.7
781,2023-12-31,120,1,1,17,4,Atención al cliente,Virtual,8,17.08,89.1
782,2023-12-15,124,1,1,15,4,Liderazgo de equipos,Virtual,4,78.59,88.8
783,2023-12-04,128,1,2,2,4,Atención al cliente,Virtual,8,88.58,75.0
784,2023-12-08,129,1,1,21,4,Atención al cliente,Virtual,8,72.57,92.5
785,2023-12-22,136,1,2,11,4,Liderazgo de equipos,Presencial,2,71.09,82.1
786,2023-12-29,142,1,2,8,3,Liderazgo de equipos,Presencial,4,65.21,71.8
787,2023-12-21,161,1,3,22,4,Excel y análisis de datos,Presencial,2,74.48,76.3
788,2023-12-13,168,1,3,6,4,Atención al cliente,Presencial,4,68.78,88.7
789,2023-12-04,176,1,1,6,3,Buenas prácticas de almacenamiento,Presencial,2,88.66,83.9
790,2023-12-25,178,1,5,8,4,Seguridad ocupacional,Virtual,2,72.43,71.1
791,2023-12-27,188,1,4,1,3,Excel y análisis de datos,Virtual,4,35.65,86.0
792,2023-12-25,190,6,16,27,3,Excel y análisis de datos,Virtual,8,25.73,85.7
793,2023-12-25,195,1,2,14,3,Atención al cliente,Virtual,4,67.83,64.9
794,2023-12-27,200,1,1,12,4,Atención al cliente,Virtual,2,63.48,91.5
795,2023-12-27,216,1,4,20,3,Seguridad ocupacional,Virtual,4,42.39,100
796,2023-12-12,225,1,2,2,4,Buenas prácticas de almacenamiento,Virtual,2,26.04,71.7
797,2023-12-21,243,1,5,12,4,Atención al cliente,Virtual,4,23.06,80.2
798,2023-12-09,248,1,4,2,4,Seguridad ocupacional,Virtual,2,69.79,95.4
799,2023-12-04,255,1,1,21,4,Excel y análisis de datos,Presencial,8,45.16,85.7
800,2023-12-29,261,1,5,23,4,Liderazgo de equipos,Presencial,4,51.41,61.1
801,2023-12-01,278,1,1,5,3,Excel y análisis de datos,Presencial,4,58.42,81.8
802,2023-12-15,285,5,14,27,3,Atención al cliente,Virtual,2,33.88,72.5
803,2023-12-09,288,1,1,12,4,Seguridad ocupacional,Virtual,4,42.83,84.5
804,2023-12-13,294,1,1,1,3,Liderazgo de equipos,Presencial,8,57.58,82.0
805,2023-12-09,295,1,5,18,4,Atención al cliente,Presencial,8,52.57,100
806,2023-12-26,309,1,4,9,4,Atención al cliente,Presencial,4,32.58,97.5
807,2023-12-24,310,1,2,21,4,Buenas prácticas de almacenamiento,Virtual,8,81.58,93.5
808,2023-12-03,315,1,1,14,4,Seguridad ocupacional,Virtual,8,86.32,80.2
809,2023-12-12,324,1,1,15,4,Buenas prácticas de almacenamiento,Presencial,2,77.4,70.4
810,2023-12-14,335,1,5,23,4,Atención al cliente,Presencial,8,76.77,79.5
811,2023-12-22,339,1,1,11,4,Atención al cliente,Virtual,2,23.18,88.7
812,2023-12-29,346,1,5,14,4,Atención al cliente,Virtual,8,19.4,81.6
813,2023-12-08,397,1,3,7,2,Atención al cliente,Presencial,8,32.44,72.7
814,2023-12-23,446,1,4,2,2,Buenas prácticas de almacenamiento,Presencial,8,73.0,79.3
815,2023-12-30,472,1,1,9,2,Liderazgo de equipos,Virtual,4,44.81,59.0
816,2023-12-13,475,3,9,27,1,Atención al cliente,Presencial,8,19.18,79.5
817,2023-12-09,519,1,5,8,2,Excel y análisis de datos,Presencial,4,77.12,84.2
818,2023-12-12,540,1,3,14,2,Atención al cliente,Virtual,4,24.36,82.2
819,2023-12-22,566,6,15,27,2,Atención al cliente,Virtual,8,42.58,89.2
820,2023-12-19,572,1,5,23,2,Buenas prácticas de almacenamiento,Presencial,8,66.65,86.1
821,2023-12-06,579,1,1,2,2,Excel y análisis de datos,Presencial,2,74.0,87.4
822,2023-12-22,590,1,1,2,2,Seguridad ocupacional,Virtual,8,80.33,79.9
823,2023-12-09,613,1,2,5,2,Atención al cliente,Presencial,4,44.54,69.9
824,2023-12-10,617,1,1,24,2,Atención al cliente,Virtual,2,22.95,68.4
825,2023-12-05,635,1,2,21,2,Liderazgo de equipos,Virtual,2,74.67,74.6
826,2023-12-29,649,1,2,6,1,Seguridad ocupacional,Virtual,8,56.49,75.5
827,2023-12-18,651,1,4,10,2,Liderazgo de equipos,Presencial,8,19.99,60.3
828,2023-12-21,756,1,3,22,1,Liderazgo de equipos,Virtual,2,16.8,75.7
829,2023-12-30,768,1,1,18,2,Buenas prácticas de almacenamiento,Presencial,2,55.98,91.2
830,2023-12-19,807,5,13,27,2,Atención al cliente,Presencial,2,18.32,79.2
831,2023-12-03,812,1,4,4,2,Buenas prácticas de almacenamiento,Presencial,2,87.3,79.6
832,2023-12-01,816,4,12,27,1,Seguridad ocupacional,Virtual,4,74.41,82.1
833,2023-12-24,821,2,7,26,2,Liderazgo de equipos,Presencial,4,65.79,85.7
834,2023-12-30,823,1,3,5,1,Atención al cliente,Virtual,8,24.8,99.8
835,2023-12-07,854,1,1,7,2,Atención al cliente,Virtual,4,20.78,70.1
836,2023-12-03,855,1,2,3,1,Excel y análisis de datos,Virtual,2,20.28,77.3
837,2023-12-25,875,1,1,4,1,Atención al cliente,Virtual,2,75.89,76.3
838,2023-12-21,885,1,1,20,2,Atención al cliente,Presencial,2,33.91,87.5
839,2023-12-11,890,1,4,22,2,Atención al cliente,Virtual,2,37.5,94.5
840,2024-01-15,3,1,4,11,4,Liderazgo de equipos,Presencial,2,49.82,86.4
841,2024-01-29,9,1,1,11,4,Buenas prácticas de almacenamiento,Presencial,8,53.89,90.7
842,2024-01-06,24,2,7,26,3,Excel y análisis de datos,Presencial,4,74.48,84.4
843,2024-01-12,25,1,3,11,4,Seguridad ocupacional,Presencial,8,24.0,75.2
844,2024-01-06,26,1,1,14,4,Seguridad ocupacional,Virtual,8,31.84,84.2
845,2024-01-16,35,1,1,11,4,Seguridad ocupacional,Virtual,8,44.43,78.9
846,2024-01-18,38,1,3,22,4,Buenas prácticas de almacenamiento,Presencial,4,31.23,70.9
847,2024-01-02,41,1,2,17,4,Liderazgo de equipos,Virtual,2,78.53,91.5
848,2024-01-29,51,1,2,11,4,Excel y análisis de datos,Virtual,4,34.07,74.7
849,2024-01-17,63,1,2,14,3,Excel y análisis de datos,Virtual,4,43.96,67.5
850,2024-01-22,65,1,3,20,4,Excel y análisis de datos,Virtual,8,49.56,92.0
851,2024-01-05,73,1,2,9,3,Liderazgo de equipos,Presencial,2,69.08,86.5
852,2024-01-11,75,1,5,18,3,Seguridad ocupacional,Virtual,8,84.78,88.5
853,2024-01-21,86,1,5,14,3,Atención al cliente,Virtual,2,34.5,78.9
854,2024-01-30,91,2,6,26,4,Seguridad ocupacional,Presencial,4,68.13,77.5
855,2024-01-09,97,1,3,3,3,Liderazgo de equipos,Virtual,8,42.26,85.1
856,2024-01-02,121,1,3,20,3,Liderazgo de equipos,Virtual,2,57.57,83.9
857,2024-01-12,144,1,3,12,3,Buenas prácticas de almacenamiento,Virtual,2,32.97,80.6
858,2024-01-19,152,1,1,20,3,Atención al cliente,Presencial,8,77.46,72.3
859,2024-01-09,168,1,3,6,4,Seguridad ocupacional,Presencial,2,16.97,83.2
860,2024-01-08,169,1,1,7,3,Buenas prácticas de almacenamiento,Virtual,8,42.93,95.2
861,2024-01-14,176,1,1,6,3,Excel y análisis de datos,Presencial,4,17.07,78.7
862,2024-01-16,187,1,3,20,4,Atención al cliente,Presencial,4,40.29,90.9
863,2024-01-30,190,6,16,27,3,Seguridad ocupacional,Presencial,8,28.57,72.6
864,2024-01-24,196,1,3,20,3,Excel y análisis de datos,Presencial,2,56.48,75.9
865,2024-01-24,203,4,12,27,3,Liderazgo de equipos,Presencial,2,89.35,80.9
866,2024-01-15,219,1,2,3,4,Liderazgo de equipos,Presencial,8,20.66,74.0
867,2024-01-10,224,5,14,27,3,Seguridad ocupacional,Presencial,4,76.72,86.3
868,2024-01-31,229,2,8,25,3,Seguridad ocupacional,Virtual,8,35.25,91.3
869,2024-01-09,252,1,2,21,3,Seguridad ocupacional,Presencial,8,49.9,78.7
870,2024-01-11,258,1,4,23,4,Atención al cliente,Virtual,2,17.74,77.7
871,2024-01-02,275,1,4,15,4,Excel y análisis de datos,Virtual,8,17.84,80.6
872,2024-01-25,297,1,5,5,4,Seguridad ocupacional,Presencial,4,77.24,85.6
873,2024-01-02,300,5,13,27,3,Liderazgo de equipos,Virtual,8,36.7,72.9
874,2024-01-20,304,1,3,7,4,Atención al cliente,Presencial,2,70.89,91.0
875,2024-01-15,314,2,7,25,4,Atención al cliente,Presencial,4,71.25,84.9
876,2024-01-29,345,1,2,7,4,Excel y análisis de datos,Presencial,8,20.02,74.3
877,2024-01-18,346,1,5,14,4,Liderazgo de equipos,Presencial,8,68.48,84.6
878,2024-01-17,347,1,5,10,3,Liderazgo de equipos,Presencial,8,88.85,60.8
879,2024-01-07,351,1,1,11,1,Buenas prácticas de almacenamiento,Virtual,2,80.33,75.2
880,2024-01-06,389,1,3,6,2,Liderazgo de equipos,Presencial,2,45.02,76.5
881,2024-01-02,446,1,4,2,2,Liderazgo de equipos,Presencial,8,48.72,79.5
882,2024-01-29,447,2,7,26,1,Buenas prácticas de almacenamiento,Virtual,4,71.37,83.2
883,2024-01-29,455,1,2,12,2,Seguridad ocupacional,Presencial,2,31.59,90.5
884,2024-01-19,472,1,1,9,2,Excel y análisis de datos,Presencial,2,28.61,99.6
885,2024-01-11,507,1,5,23,1,Buenas prácticas de almacenamiento,Virtual,4,43.19,87.2
886,2024-01-10,546,1,1,11,2,Buenas prácticas de almacenamiento,Virtual,4,65.35,84.4
887,2024-01-28,604,1,1,24,2,Liderazgo de equipos,Presencial,8,77.9,80.1
888,2024-01-11,651,1,4,10,2,Buenas prácticas de almacenamiento,Virtual,2,58.53,81.5
889,2024-01-22,678,1,2,2,1,Excel y análisis de datos,Virtual,8,55.77,90.7
890,2024-01-21,686,1,1,1,2,Buenas prácticas de almacenamiento,Presencial,4,47.47,94.0
891,2024-01-16,756,1,3,22,2,Buenas prácticas de almacenamiento,Virtual,8,67.48,88.9
892,2024-01-10,768,1,1,18,2,Excel y análisis de datos,Virtual,2,44.64,85.1
893,2024-01-13,780,1,1,8,2,Buenas prácticas de almacenamiento,Presencial,4,52.15,79.7
894,2024-01-30,786,1,1,22,2,Buenas prácticas de almacenamiento,Presencial,4,53.15,81.7
895,2024-01-12,821,2,7,26,2,Atención al cliente,Presencial,8,21.11,58.6
896,2024-01-26,824,1,1,11,2,Atención al cliente,Presencial,2,17.12,90.4
897,2024-01-18,838,1,1,6,3,Atención al cliente,Presencial,8,29.03,82.9
898,2024-02-20,29,1,1,9,4,Seguridad ocupacional,Presencial,8,58.6,82.9
899,2024-02-25,30,2,8,25,4,Excel y análisis de datos,Presencial,8,52.04,86.9
900,2024-02-03,31,1,5,21,3,Atención al cliente,Presencial,4,15.23,91.5
901,2024-02-13,35,1,1,11,4,Excel y análisis de datos,Presencial,2,47.89,71.0
902,2024-02-15,38,1,3,22,4,Liderazgo de equipos,Presencial,2,46.12,89.0
903,2024-02-02,44,1,1,23,3,Atención al cliente,Presencial,2,71.91,96.2
904,2024-02-08,70,2,6,26,4,Atención al cliente,Virtual,8,17.68,56.1
905,2024-02-06,78,3,9,27,4,Excel y análisis de datos,Virtual,8,59.88,66.5
906,2024-02-12,87,2,7,26,4,Atención al cliente,Virtual,8,71.27,90.3
907,2024-02-23,89,1,4,19,4,Buenas prácticas de almacenamiento,Presencial,8,36.72,71.9
908,2024-02-04,91,2,6,26,4,Buenas prácticas de almacenamiento,Presencial,2,30.31,59.3
909,2024-02-29,96,1,1,12,4,Atención al cliente,Virtual,4,58.47,70.5
910,2024-02-16,97,1,3,3,4,Seguridad ocupacional,Presencial,4,73.59,91.2
911,2024-02-12,101,5,13,27,3,Liderazgo de equipos,Virtual,2,35.67,82.6
912,2024-02-25,108,1,2,17,4,Atención al cliente,Virtual,8,50.93,93.7
913,2024-02-23,109,1,1,8,4,Buenas prácticas de almacenamiento,Presencial,2,83.01,84.1
914,2024-02-25,120,1,1,17,4,Buenas prácticas de almacenamiento,Presencial,2,62.79,77.1
915,2024-02-02,125,1,2,5,4,Liderazgo de equipos,Virtual,2,81.06,78.5
916,2024-02-01,131,1,5,5,3,Atención al cliente,Virtual,4,24.7,85.9
917,2024-02-06,148,1,1,24,3,Liderazgo de equipos,Virtual,4,63.65,90.7
918,2024-02-11,165,1,2,3,4,Atención al cliente,Virtual,4,59.16,78.2
919,2024-02-01,172,2,6,26,3,Liderazgo de equipos,Virtual,2,81.71,74.0
920,2024-02-15,180,1,3,6,3,Atención al cliente,Virtual,2,55.63,87.0
921,2024-02-24,183,6,15,27,4,Buenas prácticas de almacenamiento,Virtual,4,87.07,67.4
922,2024-02-10,187,1,3,20,4,Excel y análisis de datos,Virtual,8,36.17,87.8
923,2024-02-06,194,1,1,11,4,Seguridad ocupacional,Virtual,4,79.58,83.8
924,2024-02-16,195,1,2,14,4,Liderazgo de equipos,Virtual,8,22.35,73.9
925,2024-02-01,208,2,6,25,4,Buenas prácticas de almacenamiento,Virtual,4,25.39,69.5
926,2024-02-13,209,1,5,15,3,Excel y análisis de datos,Presencial,2,66.36,97.9
927,2024-02-14,216,1,4,20,3,Buenas prácticas de almacenamiento,Presencial,2,23.05,84.3
928,2024-02-24,220,1,2,9,3,Liderazgo de equipos,Presencial,2,30.57,93.1
929,2024-02-11,241,1,1,14,3,Liderazgo de equipos,Presencial,4,34.29,81.3
930,2024-02-22,245,1,1,5,3,Liderazgo de equipos,Presencial,8,72.92,77.4
931,2024-02-18,259,1,3,8,4,Excel y análisis de datos,Virtual,2,79.62,85.1
932,2024-02-09,261,1,5,23,4,Atención al cliente,Virtual,4,30.63,86.1
933,2024-02-18,263,1,3,12,4,Seguridad ocupacional,Virtual,8,50.3,69.1
934,2024-02-27,264,1,2,17,3,Atención al cliente,Virtual,4,43.59,66.5
935,2024-02-20,267,1,5,13,4,Liderazgo de equipos,Presencial,8,54.42,79.3
936,2024-02-24,268,1,5,10,4,Buenas prácticas de almacenamiento,Virtual,2,34.93,88.7
937,2024-02-09,269,1,1,8,3,Atención al cliente,Presencial,4,68.66,79.8
938,2024-02-03,274,1,5,19,4,Excel y análisis de datos,Virtual,8,58.46,71.0
939,2024-02-10,275,1,4,15,4,Atención al cliente,Virtual,2,60.83,88.1
940,2024-02-08,291,1,2,2,4,Atención al cliente,Virtual,8,39.45,82.8
941,2024-02-23,293,1,1,23,3,Liderazgo de equipos,Virtual,4,27.52,73.5
942,2024-02-15,300,5,13,27,3,Seguridad ocupacional,Virtual,4,22.44,88.1
943,2024-02-12,314,2,7,25,4,Liderazgo de equipos,Presencial,4,63.35,82.5
944,2024-02-04,324,1,1,15,4,Seguridad ocupacional,Presencial,4,31.27,79.0
945,2024-02-07,329,2,6,26,4,Atención al cliente,Presencial,8,36.46,73.4
946,2024-02-10,332,1,5,23,4,Buenas prácticas de almacenamiento,Presencial,4,88.21,85.8
947,2024-02-09,333,5,14,27,4,Seguridad ocupacional,Presencial,2,53.08,83.8
948,2024-02-17,341,1,1,7,4,Seguridad ocupacional,Presencial,4,59.49,79.4
949,2024-02-24,346,1,5,14,4,Atención al cliente,Presencial,2,50.12,78.2
950,2024-02-23,355,1,5,2,2,Excel y análisis de datos,Virtual,2,41.62,88.0
951,2024-02-06,384,2,6,25,2,Buenas prácticas de almacenamiento,Presencial,8,16.95,76.3
952,2024-02-05,412,3,10,27,2,Excel y análisis de datos,Virtual,2,68.17,96.5
953,2024-02-02,422,1,1,14,2,Buenas prácticas de almacenamiento,Virtual,4,21.91,92.4
954,2024-02-14,428,1,2,15,2,Atención al cliente,Virtual,4,18.49,77.9
955,2024-02-01,431,1,1,12,1,Atención al cliente,Presencial,8,87.19,80.1
956,2024-02-16,481,1,1,20,2,Excel y análisis de datos,Virtual,8,19.96,79.7
957,2024-02-03,486,1,4,18,2,Excel y análisis de datos,Presencial,8,44.38,93.0
958,2024-02-22,496,1,5,5,2,Buenas prácticas de almacenamiento,Virtual,2,30.22,89.2
959,2024-02-24,500,2,6,26,1,Liderazgo de equipos,Virtual,4,62.36,94.9
960,2024-02-08,507,1,5,23,1,Excel y análisis de datos,Virtual,8,75.12,67.2
961,2024-02-20,580,2,8,26,1,Seguridad ocupacional,Presencial,4,40.49,79.8
962,2024-02-19,590,1,1,2,2,Buenas prácticas de almacenamiento,Virtual,4,36.13,82.3
963,2024-02-04,651,1,4,10,2,Buenas prácticas de almacenamiento,Presencial,2,52.44,81.7
964,2024-02-11,717,2,7,25,3,Seguridad ocupacional,Virtual,4,44.36,75.5
965,2024-02-28,733,1,3,20,2,Buenas prácticas de almacenamiento,Virtual,2,40.06,89.3
966,2024-02-10,786,1,1,22,2,Atención al cliente,Presencial,2,81.47,79.5
967,2024-02-07,792,1,2,16,3,Excel y análisis de datos,Presencial,4,56.9,81.8
968,2024-02-04,798,1,1,15,2,Buenas prácticas de almacenamiento,Virtual,4,69.64,80.1
969,2024-02-29,809,1,2,1,1,Seguridad ocupacional,Presencial,8,74.95,89.4
970,2024-02-25,812,1,4,4,2,Excel y análisis de datos,Presencial,2,65.05,76.5
971,2024-02-17,816,4,12,27,2,Seguridad ocupacional,Presencial,4,31.12,80.8
972,2024-02-02,849,1,5,2,2,Liderazgo de equipos,Presencial,8,70.11,86.1
973,2024-02-10,869,1,1,20,2,Excel y análisis de datos,Presencial,8,19.9,82.0
974,2024-02-07,896,1,2,11,2,Buenas prácticas de almacenamiento,Virtual,8,81.27,77.3
975,2024-03-01,2,2,7,25,4,Seguridad ocupacional,Virtual,2,17.25,86.3
976,2024-03-08,4,1,1,23,4,Seguridad ocupacional,Virtual,2,75.18,83.5
977,2024-03-09,8,2,8,25,3,Liderazgo de equipos,Presencial,4,76.38,80.0
978,2024-03-24,11,1,1,5,4,Liderazgo de equipos,Presencial,8,39.73,88.9
979,2024-03-17,14,1,4,19,4,Excel y análisis de datos,Presencial,8,50.3,75.8
980,2024-03-04,27,1,4,22,4,Seguridad ocupacional,Virtual,2,35.76,67.0
981,2024-03-23,30,2,8,25,4,Excel y análisis de datos,Presencial,8,66.86,80.7
982,2024-03-19,35,1,1,11,4,Buenas prácticas de almacenamiento,Presencial,2,24.63,98.2
983,2024-03-03,46,1,4,14,3,Seguridad ocupacional,Presencial,2,83.21,75.5
984,2024-03-27,49,1,3,19,3,Excel y análisis de datos,Virtual,2,81.36,92.8
985,2024-03-11,55,2,6,26,3,Liderazgo de equipos,Virtual,8,38.61,84.3
986,2024-03-03,72,1,1,21,4,Buenas prácticas de almacenamiento,Virtual,8,35.29,100
987,2024-03-11,78,3,9,27,4,Atención al cliente,Virtual,4,79.2,87.2
988,2024-03-27,88,1,3,19,4,Seguridad ocupacional,Virtual,4,66.99,85.8
989,2024-03-28,90,2,6,26,4,Atención al cliente,Virtual,2,70.8,80.4
990,2024-03-19,99,1,2,5,4,Liderazgo de equipos,Virtual,8,43.94,74.5
991,2024-03-16,110,1,3,8,3,Atención al cliente,Presencial,4,54.69,72.6
992,2024-03-20,111,1,3,14,4,Atención al cliente,Presencial,2,78.8,82.0
993,2024-03-04,119,1,5,4,3,Atención al cliente,Presencial,4,60.02,92.3
994,2024-03-29,121,1,3,20,3,Atención al cliente,Virtual,8,68.49,55.7
995,2024-03-08,122,1,2,21,4,Seguridad ocupacional,Presencial,2,54.15,87.1
996,2024-03-10,123,1,4,17,4,Liderazgo de equipos,Virtual,2,40.33,78.3
997,2024-03-13,131,1,5,5,3,Buenas prácticas de almacenamiento,Presencial,2,17.1,76.7
998,2024-03-05,132,1,1,5,4,Excel y análisis de datos,Presencial,4,66.21,75.4
999,2024-03-16,136,1,2,11,4,Buenas prácticas de almacenamiento,Virtual,4,30.89,60.0
1000,2024-03-17,137,1,1,8,4,Atención al cliente,Virtual,8,87.42,86.3
1001,2024-03-20,139,1,5,11,3,Excel y análisis de datos,Virtual,4,70.87,73.3
1002,2024-03-25,140,1,1,22,4,Liderazgo de equipos,Presencial,8,18.29,69.5
1003,2024-03-15,144,1,3,12,3,Atención al cliente,Presencial,4,48.29,89.4
1004,2024-03-12,147,1,2,21,4,Seguridad ocupacional,Virtual,8,78.07,93.8
1005,2024-03-06,152,1,1,20,3,Seguridad ocupacional,Presencial,8,45.36,82.9
1006,2024-03-09,163,1,5,22,4,Buenas prácticas de almacenamiento,Presencial,2,60.78,73.0
1007,2024-03-14,189,1,4,2,4,Excel y análisis de datos,Virtual,2,28.66,94.6
1008,2024-03-02,214,1,4,4,4,Excel y análisis de datos,Virtual,8,45.9,98.6
1009,2024-03-07,221,1,2,11,3,Buenas prácticas de almacenamiento,Presencial,2,45.21,83.4
1010,2024-03-11,226,1,1,23,3,Atención al cliente,Virtual,8,20.58,86.8
1011,2024-03-07,245,1,1,5,3,Seguridad ocupacional,Presencial,8,86.66,72.8
1012,2024-03-25,252,1,2,21,3,Excel y análisis de datos,Presencial,4,45.15,63.6
1013,2024-03-30,269,1,1,8,4,Seguridad ocupacional,Virtual,2,30.1,93.1
1014,2024-03-23,278,1,1,5,3,Buenas prácticas de almacenamiento,Virtual,4,66.63,67.4
1015,2024-03-30,285,5,14,27,3,Excel y análisis de datos,Virtual,2,27.13,77.8
1016,2024-03-19,288,1,1,12,4,Excel y análisis de datos,Virtual,8,37.59,74.2
1017,2024-03-14,290,1,3,3,4,Liderazgo de equipos,Presencial,4,45.23,77.5
1018,2024-03-26,299,2,6,25,3,Buenas prácticas de almacenamiento,Presencial,8,51.6,98.8
1019,2024-03-23,303,1,1,24,3,Excel y análisis de datos,Presencial,2,19.08,67.3
1020,2024-03-17,315,1,1,14,4,Atención al cliente,Presencial,2,56.21,87.9
1021,2024-03-18,321,6,16,27,4,Buenas prácticas de almacenamiento,Virtual,4,69.6,85.5
1022,2024-03-04,336,1,1,8,4,Excel y análisis de datos,Presencial,4,49.07,81.9
1023,2024-03-13,340,5,13,27,4,Excel y análisis de datos,Virtual,8,48.03,81.9
1024,2024-03-05,352,1,3,7,2,Liderazgo de equipos,Virtual,2,66.07,89.3
1025,2024-03-17,387,1,5,18,2,Buenas prácticas de almacenamiento,Presencial,2,34.73,64.3
1026,2024-03-29,404,1,5,10,1,Seguridad ocupacional,Presencial,4,75.17,73.8
1027,2024-03-26,412,3,10,27,2,Atención al cliente,Virtual,4,77.84,92.2
1028,2024-03-04,440,2,6,25,2,Liderazgo de equipos,Virtual,4,81.88,63.8
1029,2024-03-14,453,1,5,5,2,Seguridad ocupacional,Virtual,4,86.53,84.6
1030,2024-03-24,463,1,1,15,1,Excel y análisis de datos,Virtual,8,33.95,72.1
1031,2024-03-18,479,1,1,5,2,Excel y análisis de datos,Presencial,8,83.37,94.3
1032,2024-03-19,481,1,1,20,2,Liderazgo de equipos,Presencial,4,76.38,71.7
1033,2024-03-05,524,6,15,27,2,Seguridad ocupacional,Virtual,2,44.36,68.9
1034,2024-03-08,536,1,1,21,3,Buenas prácticas de almacenamiento,Presencial,8,45.12,67.0
1035,2024-03-07,586,1,1,23,2,Atención al cliente,Virtual,4,70.4,85.4
1036,2024-03-12,589,1,1,4,2,Buenas prácticas de almacenamiento,Presencial,8,48.16,89.3
1037,2024-03-14,609,1,3,16,1,Atención al cliente,Virtual,2,20.02,89.7
1038,2024-03-19,635,1,2,21,2,Atención al cliente,Virtual,8,57.56,73.5
1039,2024-03-21,649,1,2,6,2,Atención al cliente,Presencial,2,70.55,68.0
1040,2024-03-31,655,1,1,13,1,Buenas prácticas de almacenamiento,Virtual,4,18.3,85.7
1041,2024-03-28,733,1,3,20,2,Atención al cliente,Virtual,4,89.16,93.2
1042,2024-03-16,744,1,5,24,2,Atención al cliente,Presencial,2,55.23,84.3
1043,2024-03-25,759,2,7,26,2,Seguridad ocupacional,Virtual,4,82.34,93.4
1044,2024-03-28,805,1,1,3,1,Seguridad ocupacional,Virtual,8,65.56,59.8
1045,2024-03-20,809,1,2,1,1,Atención al cliente,Virtual,2,51.76,75.7
1046,2024-03-29,824,1,1,11,3,Excel y análisis de datos,Virtual,8,44.15,91.8
1047,2024-03-10,829,1,1,17,2,Buenas prácticas de almacenamiento,Virtual,4,70.48,92.9
1048,2024-03-28,833,1,5,13,1,Atención al cliente,Virtual,2,39.94,70.2
1049,2024-03-17,854,1,1,7,2,Liderazgo de equipos,Presencial,2,64.57,72.0
1050,2024-03-29,884,1,5,24,2,Buenas prácticas de almacenamiento,Virtual,4,29.09,73.7
1051,2024-03-21,885,1,1,20,3,Liderazgo de equipos,Virtual,4,31.51,87.6
1052,2024-04-12,4,1,1,23,4,Liderazgo de equipos,Presencial,4,78.61,68.0
1053,2024-04-16,6,1,5,7,3,Atención al cliente,Presencial,2,32.49,96.3
1054,2024-04-17,22,1,5,18,4,Excel y análisis de datos,Virtual,8,30.47,75.2
1055,2024-04-19,30,2,8,25,4,Liderazgo de equipos,Presencial,4,16.02,78.8
1056,2024-04-01,35,1,1,11,4,Buenas prácticas de almacenamiento,Virtual,8,34.85,88.3
1057,2024-04-15,38,1,3,22,4,Excel y análisis de datos,Virtual,8,59.89,88.2
1058,2024-04-24,46,1,4,14,3,Atención al cliente,Presencial,8,57.77,83.2
1059,2024-04-17,50,2,7,26,4,Seguridad ocupacional,Virtual,8,17.99,63.3
1060,2024-04-12,55,2,6,26,3,Buenas prácticas de almacenamiento,Virtual,8,62.79,95.2
1061,2024-04-15,56,1,3,17,4,Atención al cliente,Virtual,8,43.23,68.8
1062,2024-04-29,65,1,3,20,4,Excel y análisis de datos,Virtual,2,46.37,56.5
1063,2024-04-13,66,1,5,7,4,Liderazgo de equipos,Presencial,4,49.41,77.3
1064,2024-04-05,72,1,1,21,4,Buenas prácticas de almacenamiento,Presencial,2,49.93,93.6
1065,2024-04-17,74,1,1,21,4,Buenas prácticas de almacenamiento,Virtual,8,29.91,91.4
1066,2024-04-18,77,2,6,25,4,Buenas prácticas de almacenamiento,Presencial,2,78.76,74.6
1067,2024-04-19,87,2,7,26,4,Seguridad ocupacional,Presencial,2,63.1,100
1068,2024-04-24,99,1,2,5,4,Liderazgo de equipos,Virtual,2,36.58,83.0
1069,2024-04-06,101,5,13,27,3,Buenas prácticas de almacenamiento,Presencial,4,35.02,70.0
1070,2024-04-12,111,1,3,14,4,Buenas prácticas de almacenamiento,Presencial,8,35.86,82.0
1071,2024-04-04,117,5,13,27,4,Atención al cliente,Virtual,2,20.19,75.7
1072,2024-04-08,118,1,4,15,3,Buenas prácticas de almacenamiento,Presencial,4,26.9,100
1073,2024-04-09,131,1,5,5,3,Liderazgo de equipos,Virtual,2,88.78,74.2
1074,2024-04-27,138,1,4,7,3,Liderazgo de equipos,Presencial,4,69.57,79.6
1075,2024-04-13,145,1,2,1,4,Seguridad ocupacional,Virtual,4,42.53,72.9
1076,2024-04-25,161,1,3,22,4,Atención al cliente,Virtual,8,57.84,96.5
1077,2024-04-03,181,1,1,9,4,Buenas prácticas de almacenamiento,Virtual,8,26.23,70.1
1078,2024-04-16,195,1,2,14,4,Atención al cliente,Presencial,2,27.29,84.6
1079,2024-04-30,212,1,2,12,4,Seguridad ocupacional,Virtual,8,44.71,97.6
1080,2024-04-11,224,5,14,27,3,Atención al cliente,Presencial,2,57.35,100
1081,2024-04-27,241,1,1,14,3,Excel y análisis de datos,Presencial,4,50.08,83.4
1082,2024-04-28,248,1,4,2,4,Excel y análisis de datos,Presencial,2,57.37,95.6
1083,2024-04-06,254,1,2,19,4,Buenas prácticas de almacenamiento,Presencial,8,51.09,76.5
1084,2024-04-03,257,1,2,22,4,Seguridad ocupacional,Virtual,8,74.85,82.3
1085,2024-04-17,258,1,4,23,4,Seguridad ocupacional,Virtual,4,64.91,95.3
1086,2024-04-07,275,1,4,15,4,Excel y análisis de datos,Presencial,4,48.54,87.3
1087,2024-04-08,276,1,2,24,3,Buenas prácticas de almacenamiento,Presencial,8,33.44,75.0
1088,2024-04-03,278,1,1,5,3,Buenas prácticas de almacenamiento,Virtual,8,24.76,89.7
1089,2024-04-07,288,1,1,12,4,Atención al cliente,Presencial,8,86.44,80.3
1090,2024-04-07,291,1,2,2,4,Excel y análisis de datos,Virtual,8,43.2,96.7
1091,2024-04-02,327,3,9,27,4,Excel y análisis de datos,Presencial,8,32.73,85.6
1092,2024-04-12,360,1,2,23,3,Seguridad ocupacional,Presencial,4,44.4,91.1
1093,2024-04-15,378,1,1,17,3,Excel y análisis de datos,Presencial,4,59.31,73.8
1094,2024-04-09,446,1,4,2,2,Atención al cliente,Presencial,2,45.77,79.2
1095,2024-04-27,498,1,1,18,1,Seguridad ocupacional,Presencial,2,88.19,76.4
1096,2024-04-04,510,5,14,27,3,Excel y análisis de datos,Virtual,8,43.01,75.6
1097,2024-04-07,534,1,2,22,2,Seguridad ocupacional,Virtual,8,34.56,84.2
1098,2024-04-25,536,1,1,21,3,Seguridad ocupacional,Presencial,4,53.85,61.4
1099,2024-04-18,544,2,6,26,2,Atención al cliente,Virtual,2,74.9,76.2
1100,2024-04-24,557,1,3,18,1,Atención al cliente,Presencial,8,32.67,87.8
1101,2024-04-19,571,1,3,12,1,Seguridad ocupacional,Presencial,4,40.17,89.8
1102,2024-04-06,589,1,1,4,2,Liderazgo de equipos,Virtual,2,56.99,72.4
1103,2024-04-07,617,1,1,24,2,Buenas prácticas de almacenamiento,Virtual,2,31.38,80.6
1104,2024-04-10,630,1,1,20,1,Buenas prácticas de almacenamiento,Presencial,8,39.69,57.3
1105,2024-04-16,645,1,5,2,2,Buenas prácticas de almacenamiento,Presencial,8,73.02,77.4
1106,2024-04-25,651,1,4,10,2,Atención al cliente,Presencial,4,48.83,76.4
1107,2024-04-06,681,1,1,9,2,Excel y análisis de datos,Virtual,4,46.92,92.2
1108,2024-04-01,686,1,1,1,2,Excel y análisis de datos,Presencial,2,87.42,76.3
1109,2024-04-06,708,4,12,27,3,Liderazgo de equipos,Presencial,8,58.98,79.1
1110,2024-04-20,723,1,1,24,3,Excel y análisis de datos,Presencial,2,41.68,98.3
1111,2024-04-22,734,1,2,24,1,Liderazgo de equipos,Virtual,2,34.96,84.5
1112,2024-04-21,765,2,7,26,3,Excel y análisis de datos,Presencial,2,50.79,80.0
1113,2024-04-03,782,1,1,10,1,Seguridad ocupacional,Presencial,8,80.43,88.0
1114,2024-04-05,824,1,1,11,3,Liderazgo de equipos,Virtual,8,72.99,80.8
1115,2024-04-30,833,1,5,13,2,Seguridad ocupacional,Presencial,2,84.07,91.5
1116,2024-04-08,836,5,13,27,2,Atención al cliente,Presencial,4,68.85,93.2
1117,2024-04-15,854,1,1,7,2,Liderazgo de equipos,Virtual,2,25.95,82.8
1118,2024-04-09,855,1,2,3,2,Excel y análisis de datos,Presencial,8,27.56,77.7
1119,2024-04-09,867,1,1,2,2,Liderazgo de equipos,Virtual,4,51.24,85.5
1120,2024-04-06,872,2,6,25,2,Atención al cliente,Presencial,4,79.64,63.2
1121,2024-04-14,883,1,2,18,2,Buenas prácticas de almacenamiento,Presencial,4,20.32,86.0
1122,2024-05-20,8,2,8,25,3,Buenas prácticas de almacenamiento,Presencial,2,77.67,74.8
1123,2024-05-29,18,4,11,27,3,Atención al cliente,Virtual,8,66.71,86.3
1124,2024-05-08,21,1,3,21,4,Excel y análisis de datos,Presencial,2,32.23,72.1
1125,2024-05-22,29,1,1,9,4,Excel y análisis de datos,Virtual,4,41.99,75.4
1126,2024-05-03,30,2,8,25,4,Liderazgo de equipos,Presencial,8,89.75,98.8
1127,2024-05-23,35,1,1,11,4,Buenas prácticas de almacenamiento,Presencial,2,83.8,81.5
1128,2024-05-28,37,3,9,27,4,Liderazgo de equipos,Virtual,8,69.46,85.5
1129,2024-05-02,41,1,2,17,4,Liderazgo de equipos,Presencial,4,62.73,85.9
1130,2024-05-21,44,1,1,23,3,Excel y análisis de datos,Presencial,4,89.7,64.2
1131,2024-05-11,65,1,3,20,4,Liderazgo de equipos,Presencial,8,73.01,82.9
1132,2024-05-05,87,2,7,26,4,Buenas prácticas de almacenamiento,Presencial,8,37.36,81.5
1133,2024-05-12,98,1,3,18,3,Atención al cliente,Virtual,4,81.09,87.3
1134,2024-05-16,112,1,1,9,4,Buenas prácticas de almacenamiento,Presencial,8,44.91,72.7
1135,2024-05-03,121,1,3,20,3,Excel y análisis de datos,Presencial,4,85.73,82.3
1136,2024-05-09,136,1,2,11,4,Buenas prácticas de almacenamiento,Presencial,8,25.17,87.6
1137,2024-05-17,145,1,2,1,4,Liderazgo de equipos,Presencial,2,18.94,94.6
1138,2024-05-04,155,2,6,26,4,Seguridad ocupacional,Presencial,2,83.39,88.4
1139,2024-05-27,168,1,3,6,4,Excel y análisis de datos,Presencial,8,82.92,81.4
1140,2024-05-20,176,1,1,6,3,Atención al cliente,Presencial,8,45.42,89.3
1141,2024-05-28,183,6,15,27,4,Buenas prácticas de almacenamiento,Virtual,2,32.76,84.2
1142,2024-05-09,186,1,1,11,4,Buenas prácticas de almacenamiento,Virtual,2,16.51,73.8
1143,2024-05-18,190,6,16,27,4,Liderazgo de equipos,Virtual,4,35.5,81.4
1144,2024-05-17,193,1,4,21,3,Excel y análisis de datos,Presencial,4,68.59,86.6
1145,2024-05-30,195,1,2,14,4,Excel y análisis de datos,Virtual,8,87.88,77.1
1146,2024-05-31,214,1,4,4,4,Buenas prácticas de almacenamiento,Virtual,4,82.61,84.5
1147,2024-05-09,221,1,2,11,4,Excel y análisis de datos,Presencial,8,33.47,83.0
1148,2024-05-11,222,1,2,4,4,Buenas prácticas de almacenamiento,Presencial,2,43.39,83.3
1149,2024-05-25,225,1,2,2,4,Liderazgo de equipos,Virtual,2,70.95,89.8
1150,2024-05-24,226,1,1,23,3,Excel y análisis de datos,Presencial,2,63.08,64.5
1151,2024-05-26,259,1,3,8,4,Buenas prácticas de almacenamiento,Presencial,8,51.48,77.5
1152,2024-05-06,269,1,1,8,4,Seguridad ocupacional,Virtual,4,34.44,86.0
1153,2024-05-17,283,1,5,12,3,Atención al cliente,Virtual,2,79.77,81.7
1154,2024-05-11,289,1,3,1,3,Excel y análisis de datos,Virtual,4,84.15,79.7
1155,2024-05-10,299,2,6,25,3,Liderazgo de equipos,Presencial,4,82.01,85.8
1156,2024-05-04,304,1,3,7,4,Atención al cliente,Virtual,2,21.68,79.4
1157,2024-05-01,323,2,6,26,4,Atención al cliente,Presencial,2,19.02,81.1
1158,2024-05-20,329,2,6,26,4,Seguridad ocupacional,Presencial,2,37.12,78.7
1159,2024-05-18,333,5,14,27,4,Liderazgo de equipos,Virtual,8,32.87,75.8
1160,2024-05-03,339,1,1,11,4,Buenas prácticas de almacenamiento,Presencial,4,59.78,90.9
1161,2024-05-29,343,1,1,15,3,Buenas prácticas de almacenamiento,Presencial,2,74.97,78.9
1162,2024-05-31,348,1,4,13,4,Liderazgo de equipos,Presencial,4,23.25,81.2
1163,2024-05-08,350,1,5,23,4,Buenas prácticas de almacenamiento,Presencial,8,49.58,94.6
1164,2024-05-28,352,1,3,7,2,Excel y análisis de datos,Virtual,8,71.69,92.6
1165,2024-05-25,354,1,1,1,2,Liderazgo de equipos,Virtual,4,58.12,68.6
1166,2024-05-26,357,1,5,8,1,Atención al cliente,Virtual,2,39.04,76.3
1167,2024-05-29,364,1,5,2,1,Atención al cliente,Presencial,2,53.54,93.0
1168,2024-05-08,384,2,6,25,2,Excel y análisis de datos,Presencial,8,89.37,89.2
1169,2024-05-20,387,1,5,18,2,Seguridad ocupacional,Virtual,2,68.21,81.4
1170,2024-05-01,389,1,3,6,2,Buenas prácticas de almacenamiento,Presencial,4,31.53,75.9
1171,2024-05-04,390,1,4,12,2,Liderazgo de equipos,Presencial,4,44.49,86.0
1172,2024-05-30,398,5,14,27,1,Seguridad ocupacional,Presencial,2,83.28,80.3
1173,2024-05-20,428,1,2,15,3,Excel y análisis de datos,Presencial,8,72.84,80.1
1174,2024-05-22,475,3,9,27,2,Atención al cliente,Presencial,2,17.09,96.5
1175,2024-05-19,479,1,1,5,2,Seguridad ocupacional,Virtual,4,56.85,91.4
1176,2024-05-02,523,1,1,9,3,Seguridad ocupacional,Presencial,8,66.7,97.4
1177,2024-05-21,534,1,2,22,2,Liderazgo de equipos,Virtual,8,19.82,79.0
1178,2024-05-19,547,1,2,8,3,Seguridad ocupacional,Presencial,4,82.11,92.3
1179,2024-05-25,557,1,3,18,1,Excel y análisis de datos,Virtual,4,69.59,72.7
1180,2024-05-28,579,1,1,2,3,Excel y análisis de datos,Virtual,2,25.01,86.2
1181,2024-05-05,605,1,4,16,2,Buenas prácticas de almacenamiento,Presencial,8,46.29,73.8
1182,2024-05-17,626,2,6,25,3,Seguridad ocupacional,Presencial,8,64.18,79.3
1183,2024-05-05,645,1,5,2,2,Excel y análisis de datos,Virtual,8,42.54,83.0
1184,2024-05-28,646,1,1,19,1,Seguridad ocupacional,Presencial,8,59.97,72.7
1185,2024-05-17,681,1,1,9,3,Liderazgo de equipos,Presencial,4,15.56,80.1
1186,2024-05-27,717,2,7,25,3,Liderazgo de equipos,Presencial,4,23.82,69.0
1187,2024-05-26,756,1,3,22,2,Buenas prácticas de almacenamiento,Presencial,2,61.8,89.7
1188,2024-05-07,805,1,1,3,2,Atención al cliente,Virtual,8,81.28,76.7
1189,2024-05-10,849,1,5,2,3,Atención al cliente,Virtual,4,83.19,68.1
1190,2024-05-24,853,1,1,11,3,Buenas prácticas de almacenamiento,Presencial,8,18.38,79.3
1191,2024-05-19,854,1,1,7,2,Excel y análisis de datos,Presencial,8,42.34,82.6
1192,2024-05-25,862,1,2,4,2,Atención al cliente,Virtual,2,36.87,74.3
1193,2024-05-19,872,2,6,25,2,Atención al cliente,Virtual,4,75.73,85.7
1194,2024-05-15,874,1,3,11,2,Excel y análisis de datos,Presencial,8,19.1,90.8
1195,2024-05-19,883,1,2,18,2,Atención al cliente,Virtual,4,65.15,93.2
1196,2024-05-07,896,1,2,11,3,Seguridad ocupacional,Presencial,2,71.89,89.5
1197,2024-06-24,6,1,5,7,3,Seguridad ocupacional,Virtual,2,81.75,87.9
1198,2024-06-30,8,2,8,25,3,Excel y análisis de datos,Presencial,2,57.39,68.5
1199,2024-06-29,31,1,5,21,3,Excel y análisis de datos,Presencial,4,89.16,70.2
1200,2024-06-25,35,1,1,11,4,Excel y análisis de datos,Presencial,2,22.43,87.6
1201,2024-06-30,37,3,9,27,4,Seguridad ocupacional,Presencial,4,77.23,72.0
1202,2024-06-28,46,1,4,14,3,Atención al cliente,Virtual,4,25.6,87.7
1203,2024-06-13,47,1,1,5,4,Seguridad ocupacional,Virtual,4,46.57,78.0
1204,2024-06-09,49,1,3,19,4,Liderazgo de equipos,Presencial,8,49.73,83.3
1205,2024-06-23,50,2,7,26,4,Seguridad ocupacional,Presencial,8,80.47,93.6
1206,2024-06-13,53,1,5,11,4,Seguridad ocupacional,Virtual,8,22.58,85.3
1207,2024-06-10,55,2,6,26,3,Buenas prácticas de almacenamiento,Presencial,8,63.55,92.6
1208,2024-06-17,66,1,5,7,4,Excel y análisis de datos,Presencial,4,40.12,78.6
1209,2024-06-27,73,1,2,9,3,Liderazgo de equipos,Presencial,4,80.32,88.0
1210,2024-06-01,88,1,3,19,4,Buenas prácticas de almacenamiento,Virtual,2,88.0,74.2
1211,2024-06-22,93,1,4,14,3,Atención al cliente,Virtual,8,28.96,79.9
1212,2024-06-03,98,1,3,18,3,Excel y análisis de datos,Presencial,4,75.41,100
1213,2024-06-22,101,5,13,27,3,Buenas prácticas de almacenamiento,Virtual,2,74.43,83.7
1214,2024-06-19,110,1,3,8,3,Buenas prácticas de almacenamiento,Presencial,8,24.2,77.3
1215,2024-06-21,111,1,3,14,4,Liderazgo de equipos,Presencial,8,47.26,85.0
1216,2024-06-02,120,1,1,17,4,Buenas prácticas de almacenamiento,Presencial,4,22.87,87.1
1217,2024-06-23,121,1,3,20,4,Seguridad ocupacional,Presencial,4,62.7,84.7
1218,2024-06-30,126,1,1,12,4,Atención al cliente,Virtual,2,43.76,81.8
1219,2024-06-10,142,1,2,8,3,Excel y análisis de datos,Virtual,2,43.17,82.5
1220,2024-06-29,145,1,2,1,4,Buenas prácticas de almacenamiento,Presencial,2,35.88,74.6
1221,2024-06-02,148,1,1,24,4,Seguridad ocupacional,Virtual,8,38.57,84.8
1222,2024-06-15,152,1,1,20,3,Excel y análisis de datos,Virtual,2,33.31,91.5
1223,2024-06-09,171,1,4,4,4,Seguridad ocupacional,Presencial,2,72.69,84.7
1224,2024-06-04,176,1,1,6,3,Buenas prácticas de almacenamiento,Virtual,2,29.63,79.1
1225,2024-06-05,195,1,2,14,4,Liderazgo de equipos,Virtual,4,78.14,87.9
1226,2024-06-30,196,1,3,20,3,Atención al cliente,Presencial,4,18.78,82.7
1227,2024-06-07,208,2,6,25,4,Seguridad ocupacional,Presencial,4,22.6,74.6
1228,2024-06-03,213,1,4,14,4,Seguridad ocupacional,Presencial,8,49.34,68.8
1229,2024-06-27,216,1,4,20,3,Seguridad ocupacional,Presencial,8,57.11,80.2
1230,2024-06-14,219,1,2,3,4,Buenas prácticas de almacenamiento,Virtual,8,62.6,71.6
1231,2024-06-13,241,1,1,14,3,Seguridad ocupacional,Presencial,4,36.79,64.4
1232,2024-06-29,247,1,5,17,4,Excel y análisis de datos,Presencial,4,55.8,84.7
1233,2024-06-05,258,1,4,23,4,Atención al cliente,Presencial,4,43.33,85.4
1234,2024-06-03,280,1,4,13,3,Liderazgo de equipos,Presencial,4,69.92,89.3
1235,2024-06-25,282,1,1,20,3,Excel y análisis de datos,Virtual,2,56.83,77.5
1236,2024-06-20,286,1,2,12,3,Liderazgo de equipos,Presencial,4,82.84,80.2
1237,2024-06-03,297,1,5,5,4,Seguridad ocupacional,Presencial,4,17.52,82.8
1238,2024-06-19,299,2,6,25,3,Excel y análisis de datos,Virtual,2,44.74,73.0
1239,2024-06-01,312,1,1,21,4,Liderazgo de equipos,Virtual,2,65.46,93.5
1240,2024-06-05,320,1,4,10,3,Buenas prácticas de almacenamiento,Presencial,2,35.47,91.1
1241,2024-06-25,321,6,16,27,4,Excel y análisis de datos,Virtual,8,53.93,74.2
1242,2024-06-03,329,2,6,26,4,Excel y análisis de datos,Virtual,4,52.22,78.4
1243,2024-06-17,339,1,1,11,4,Liderazgo de equipos,Presencial,2,44.94,90.5
1244,2024-06-03,344,1,1,24,4,Liderazgo de equipos,Presencial,2,65.58,75.4
1245,2024-06-25,355,1,5,2,3,Atención al cliente,Virtual,4,37.48,94.1
1246,2024-06-03,384,2,6,25,2,Buenas prácticas de almacenamiento,Virtual,8,22.2,69.7
1247,2024-06-21,412,3,10,27,2,Atención al cliente,Presencial,2,79.79,94.1
1248,2024-06-08,421,1,1,13,2,Atención al cliente,Presencial,4,49.18,65.2
1249,2024-06-30,428,1,2,15,3,Excel y análisis de datos,Virtual,8,32.92,88.3
1250,2024-06-24,457,1,5,9,3,Seguridad ocupacional,Presencial,8,69.25,74.1
1251,2024-06-05,468,2,6,26,1,Excel y análisis de datos,Virtual,2,48.19,82.9
1252,2024-06-20,476,6,15,27,1,Seguridad ocupacional,Virtual,4,77.89,85.3
1253,2024-06-10,479,1,1,5,2,Seguridad ocupacional,Presencial,2,26.96,88.0
1254,2024-06-23,525,1,2,5,2,Atención al cliente,Virtual,4,65.24,78.8
1255,2024-06-26,532,1,5,11,2,Liderazgo de equipos,Presencial,4,32.64,100
1256,2024-06-13,579,1,1,2,3,Excel y análisis de datos,Virtual,8,67.37,86.0
1257,2024-06-01,589,1,1,4,3,Liderazgo de equipos,Presencial,8,35.34,82.7
1258,2024-06-10,590,1,1,2,3,Liderazgo de equipos,Presencial,8,16.41,87.5
1259,2024-06-07,626,2,6,25,3,Excel y análisis de datos,Virtual,8,55.77,89.4
1260,2024-06-11,646,1,1,19,1,Buenas prácticas de almacenamiento,Presencial,2,79.33,81.4
1261,2024-06-10,651,1,4,10,3,Atención al cliente,Virtual,2,57.85,77.9
1262,2024-06-02,655,1,1,13,1,Atención al cliente,Presencial,4,19.27,94.2
1263,2024-06-09,661,1,2,16,1,Liderazgo de equipos,Presencial,8,27.11,86.9
1264,2024-06-27,665,1,4,16,1,Atención al cliente,Presencial,2,53.8,86.4
1265,2024-06-28,668,1,1,19,3,Atención al cliente,Virtual,2,46.87,81.6
1266,2024-06-20,707,1,5,22,3,Excel y análisis de datos,Presencial,4,72.75,74.2
1267,2024-06-10,744,1,5,24,2,Seguridad ocupacional,Presencial,8,20.83,68.5
1268,2024-06-15,780,1,1,8,3,Atención al cliente,Virtual,8,72.48,90.2
1269,2024-06-29,809,1,2,1,2,Excel y análisis de datos,Virtual,8,19.84,73.3
1270,2024-06-20,824,1,1,11,3,Buenas prácticas de almacenamiento,Virtual,8,48.94,87.9
1271,2024-06-24,826,1,1,15,2,Liderazgo de equipos,Virtual,2,59.15,89.2
1272,2024-06-02,833,1,5,13,2,Excel y análisis de datos,Virtual,8,70.19,74.2
1273,2024-06-17,869,1,1,20,3,Atención al cliente,Virtual,8,88.63,86.5
1274,2024-06-06,881,1,1,4,1,Seguridad ocupacional,Virtual,2,15.56,93.5
1275,2024-06-23,890,1,4,22,3,Buenas prácticas de almacenamiento,Presencial,4,72.61,89.1
1276,2024-06-17,896,1,2,11,3,Buenas prácticas de almacenamiento,Presencial,4,69.36,75.6
1277,2024-07-27,3,1,4,11,4,Buenas prácticas de almacenamiento,Virtual,4,88.69,75.7
1278,2024-07-28,4,1,1,23,4,Atención al cliente,Virtual,8,49.55,67.0
1279,2024-07-28,17,6,15,27,4,Buenas prácticas de almacenamiento,Virtual,2,71.86,70.5
1280,2024-07-19,18,4,11,27,3,Liderazgo de equipos,Virtual,2,31.21,95.2
1281,2024-07-02,20,1,2,24,4,Liderazgo de equipos,Presencial,4,64.16,82.8
1282,2024-07-16,37,3,9,27,4,Atención al cliente,Virtual,2,81.99,90.3
1283,2024-07-04,40,1,1,3,4,Buenas prácticas de almacenamiento,Presencial,8,46.48,85.0
1284,2024-07-25,52,1,4,19,3,Atención al cliente,Presencial,8,69.84,87.8
1285,2024-07-23,65,1,3,20,4,Excel y análisis de datos,Virtual,2,46.54,90.1
1286,2024-07-29,66,1,5,7,4,Atención al cliente,Presencial,2,55.19,69.2
1287,2024-07-09,68,1,2,7,4,Excel y análisis de datos,Virtual,2,75.05,79.4
1288,2024-07-08,70,2,6,26,4,Atención al cliente,Presencial,8,15.95,76.1
1289,2024-07-09,77,2,6,25,4,Seguridad ocupacional,Presencial,2,83.44,90.6
1290,2024-07-03,89,1,4,19,4,Seguridad ocupacional,Virtual,2,84.78,63.9
1291,2024-07-18,102,1,1,14,4,Excel y análisis de datos,Presencial,8,82.55,77.8
1292,2024-07-02,104,4,11,27,4,Excel y análisis de datos,Presencial,4,45.28,87.8
1293,2024-07-25,118,1,4,15,3,Liderazgo de equipos,Presencial,2,63.61,90.1
1294,2024-07-28,119,1,5,4,3,Seguridad ocupacional,Virtual,2,38.29,89.7
1295,2024-07-16,126,1,1,12,4,Excel y análisis de datos,Presencial,2,33.13,81.6
1296,2024-07-25,129,1,1,21,4,Buenas prácticas de almacenamiento,Virtual,2,36.68,70.1
1297,2024-07-25,132,1,1,5,4,Excel y análisis de datos,Presencial,8,42.76,72.5
1298,2024-07-25,136,1,2,11,4,Seguridad ocupacional,Virtual,4,42.18,84.0
1299,2024-07-09,152,1,1,20,3,Excel y análisis de datos,Virtual,4,80.92,95.0
1300,2024-07-22,160,1,3,19,4,Buenas prácticas de almacenamiento,Virtual,4,60.92,68.0
1301,2024-07-03,167,1,3,22,4,Buenas prácticas de almacenamiento,Presencial,4,79.25,71.9
1302,2024-07-17,207,1,1,3,4,Liderazgo de equipos,Virtual,2,53.1,71.0
1303,2024-07-06,212,1,2,12,4,Excel y análisis de datos,Virtual,2,67.76,83.6
1304,2024-07-04,214,1,4,4,4,Liderazgo de equipos,Presencial,2,40.45,77.3
1305,2024-07-10,222,1,2,4,4,Seguridad ocupacional,Presencial,8,45.68,92.3
1306,2024-07-27,227,1,1,9,3,Liderazgo de equipos,Presencial,4,21.79,71.7
1307,2024-07-25,256,1,4,21,4,Liderazgo de equipos,Virtual,4,31.19,80.0
1308,2024-07-07,267,1,5,13,4,Atención al cliente,Presencial,2,50.74,74.0
1309,2024-07-13,268,1,5,10,4,Excel y análisis de datos,Virtual,8,81.06,93.7
1310,2024-07-13,269,1,1,8,4,Atención al cliente,Virtual,2,69.53,75.0
1311,2024-07-25,278,1,1,5,3,Seguridad ocupacional,Virtual,4,15.9,86.7
1312,2024-07-19,289,1,3,1,3,Atención al cliente,Presencial,8,89.51,91.1
1313,2024-07-19,292,2,6,26,4,Liderazgo de equipos,Presencial,2,39.2,76.8
1314,2024-07-10,294,1,1,1,3,Seguridad ocupacional,Virtual,8,72.71,79.9
1315,2024-07-11,297,1,5,5,4,Excel y análisis de datos,Presencial,8,58.63,83.1
1316,2024-07-11,299,2,6,25,3,Atención al cliente,Presencial,4,35.03,84.4
1317,2024-07-31,307,1,5,2,3,Seguridad ocupacional,Virtual,8,53.71,76.3
1318,2024-07-31,321,6,16,27,4,Atención al cliente,Virtual,2,48.02,66.4
1319,2024-07-02,324,1,1,15,4,Excel y análisis de datos,Virtual,4,83.78,83.5
1320,2024-07-29,329,2,6,26,4,Excel y análisis de datos,Virtual,4,54.29,91.3
1321,2024-07-25,339,1,1,11,4,Buenas prácticas de almacenamiento,Virtual,4,66.17,68.0
1322,2024-07-12,340,5,13,27,4,Atención al cliente,Virtual,8,43.91,79.6
1323,2024-07-03,343,1,1,15,3,Buenas prácticas de almacenamiento,Presencial,4,71.43,86.8
1324,2024-07-20,345,1,2,7,4,Atención al cliente,Presencial,8,33.43,84.2
1325,2024-07-25,349,6,15,27,4,Excel y análisis de datos,Presencial,8,54.24,80.8
1326,2024-07-15,350,1,5,23,4,Buenas prácticas de almacenamiento,Presencial,2,46.29,93.5
1327,2024-07-24,357,1,5,8,1,Liderazgo de equipos,Virtual,4,16.35,75.2
1328,2024-07-11,374,1,4,3,1,Atención al cliente,Presencial,2,31.17,89.6
1329,2024-07-09,378,1,1,17,3,Atención al cliente,Presencial,4,49.11,80.3
1330,2024-07-19,381,1,2,17,1,Buenas prácticas de almacenamiento,Presencial,8,76.4,86.2
1331,2024-07-29,394,1,3,4,1,Seguridad ocupacional,Virtual,4,16.68,77.8
1332,2024-07-28,402,1,4,10,1,Buenas prácticas de almacenamiento,Presencial,4,28.28,77.7
1333,2024-07-12,404,1,5,10,2,Excel y análisis de datos,Virtual,8,86.88,81.8
1334,2024-07-16,434,1,1,15,1,Seguridad ocupacional,Presencial,8,39.94,71.4
1335,2024-07-25,441,1,4,7,1,Seguridad ocupacional,Presencial,4,85.11,99.0
1336,2024-07-13,446,1,4,2,3,Excel y análisis de datos,Virtual,2,18.32,88.6
1337,2024-07-21,449,1,3,24,2,Excel y análisis de datos,Presencial,4,16.94,98.9
1338,2024-07-03,452,1,3,21,2,Atención al cliente,Virtual,2,82.85,71.5
1339,2024-07-16,453,1,5,5,2,Liderazgo de equipos,Presencial,2,89.46,63.7
1340,2024-07-24,496,1,5,5,3,Buenas prácticas de almacenamiento,Virtual,8,26.06,84.0
1341,2024-07-17,498,1,1,18,2,Liderazgo de equipos,Presencial,4,72.2,90.5
1342,2024-07-29,503,1,3,16,2,Buenas prácticas de almacenamiento,Virtual,8,30.7,78.5
1343,2024-07-04,510,5,14,27,3,Liderazgo de equipos,Virtual,2,54.1,94.3
1344,2024-07-20,513,1,1,23,1,Seguridad ocupacional,Virtual,2,56.04,87.9
1345,2024-07-24,536,1,1,21,3,Atención al cliente,Virtual,4,55.84,82.0
1346,2024-07-20,537,2,8,25,1,Buenas prácticas de almacenamiento,Virtual,2,68.3,80.5
1347,2024-07-23,544,2,6,26,2,Excel y análisis de datos,Presencial,2,79.86,87.7
1348,2024-07-29,545,1,1,3,1,Seguridad ocupacional,Presencial,4,82.86,69.6
1349,2024-07-19,557,1,3,18,2,Liderazgo de equipos,Presencial,4,35.6,74.7
1350,2024-07-20,563,1,3,13,1,Liderazgo de equipos,Virtual,4,35.29,82.5
1351,2024-07-12,648,1,5,12,3,Atención al cliente,Virtual,8,16.4,94.2
1352,2024-07-06,712,1,2,11,3,Buenas prácticas de almacenamiento,Presencial,8,81.45,86.5
1353,2024-07-16,716,1,4,8,3,Buenas prácticas de almacenamiento,Virtual,2,42.95,62.9
1354,2024-07-05,744,1,5,24,2,Seguridad ocupacional,Virtual,4,46.84,81.0
1355,2024-07-13,780,1,1,8,3,Atención al cliente,Presencial,4,66.69,73.3
1356,2024-07-20,792,1,2,16,3,Atención al cliente,Virtual,4,74.35,80.7
1357,2024-07-14,801,1,2,9,2,Buenas prácticas de almacenamiento,Presencial,8,51.61,82.8
1358,2024-07-14,805,1,1,3,2,Liderazgo de equipos,Virtual,8,60.15,90.1
1359,2024-07-14,821,2,7,26,3,Atención al cliente,Virtual,8,54.28,84.6
1360,2024-07-05,824,1,1,11,3,Atención al cliente,Virtual,4,49.84,83.6
1361,2024-07-15,826,1,1,15,3,Liderazgo de equipos,Virtual,4,69.35,81.8
1362,2024-07-02,842,1,5,11,2,Liderazgo de equipos,Presencial,4,82.21,77.9
1363,2024-07-16,853,1,1,11,3,Excel y análisis de datos,Presencial,8,36.33,78.8
1364,2024-08-31,3,1,4,11,4,Buenas prácticas de almacenamiento,Presencial,2,65.03,83.7
1365,2024-08-05,13,1,5,8,3,Atención al cliente,Presencial,4,47.22,85.4
1366,2024-08-12,20,1,2,24,4,Seguridad ocupacional,Presencial,2,36.85,93.0
1367,2024-08-20,50,2,7,26,4,Excel y análisis de datos,Presencial,4,31.35,72.9
1368,2024-08-06,54,1,4,19,4,Liderazgo de equipos,Virtual,2,36.46,80.1
1369,2024-08-01,55,2,6,26,4,Atención al cliente,Presencial,8,59.22,73.0
1370,2024-08-27,72,1,1,21,4,Excel y análisis de datos,Presencial,4,70.6,94.0
1371,2024-08-16,102,1,1,14,4,Buenas prácticas de almacenamiento,Virtual,4,39.88,71.6
1372,2024-08-31,103,1,2,23,4,Buenas prácticas de almacenamiento,Virtual,8,69.9,69.1
1373,2024-08-30,111,1,3,14,4,Excel y análisis de datos,Virtual,8,50.66,70.0
1374,2024-08-29,112,1,1,9,4,Atención al cliente,Virtual,2,49.23,78.3
1375,2024-08-08,118,1,4,15,3,Atención al cliente,Virtual,2,39.92,87.4
1376,2024-08-08,123,1,4,17,4,Excel y análisis de datos,Presencial,4,37.18,76.3
1377,2024-08-08,129,1,1,21,4,Liderazgo de equipos,Presencial,2,18.9,76.5
1378,2024-08-19,135,1,4,18,4,Excel y análisis de datos,Virtual,8,64.44,67.1
1379,2024-08-05,139,1,5,11,3,Buenas prácticas de almacenamiento,Virtual,4,34.94,71.5
1380,2024-08-04,161,1,3,22,4,Atención al cliente,Virtual,4,18.66,90.9
1381,2024-08-12,190,6,16,27,4,Buenas prácticas de almacenamiento,Virtual,8,27.63,100
1382,2024-08-29,193,1,4,21,4,Buenas prácticas de almacenamiento,Presencial,4,68.34,89.6
1383,2024-08-14,200,1,1,12,4,Atención al cliente,Virtual,2,61.53,88.1
1384,2024-08-11,205,1,1,12,3,Buenas prácticas de almacenamiento,Presencial,8,53.8,75.9
1385,2024-08-13,233,2,6,25,4,Seguridad ocupacional,Virtual,8,73.2,86.9
1386,2024-08-17,254,1,2,19,4,Buenas prácticas de almacenamiento,Presencial,4,25.74,77.8
1387,2024-08-02,255,1,1,21,4,Atención al cliente,Virtual,8,61.65,84.4
1388,2024-08-07,266,1,2,18,4,Atención al cliente,Virtual,4,29.15,90.0
1389,2024-08-18,269,1,1,8,4,Liderazgo de equipos,Virtual,4,44.47,68.4
1390,2024-08-29,276,1,2,24,3,Atención al cliente,Virtual,8,21.17,80.1
1391,2024-08-31,290,1,3,3,4,Liderazgo de equipos,Presencial,4,36.6,67.1
1392,2024-08-08,292,2,6,26,4,Excel y análisis de datos,Presencial,8,48.77,80.5
1393,2024-08-23,297,1,5,5,4,Atención al cliente,Virtual,4,20.34,59.9
1394,2024-08-16,299,2,6,25,3,Excel y análisis de datos,Presencial,8,73.37,83.2
1395,2024-08-13,310,1,2,21,4,Seguridad ocupacional,Presencial,2,83.66,64.4
1396,2024-08-20,314,2,7,25,4,Seguridad ocupacional,Virtual,8,78.64,70.9
1397,2024-08-10,320,1,4,10,3,Excel y análisis de datos,Virtual,2,31.5,90.7
1398,2024-08-05,321,6,16,27,4,Liderazgo de equipos,Presencial,8,19.94,77.0
1399,2024-08-03,324,1,1,15,4,Atención al cliente,Presencial,4,30.51,82.3
1400,2024-08-01,327,3,9,27,4,Atención al cliente,Virtual,4,56.89,87.0
1401,2024-08-30,339,1,1,11,4,Buenas prácticas de almacenamiento,Virtual,2,37.89,66.8
1402,2024-08-25,340,5,13,27,4,Excel y análisis de datos,Presencial,8,87.72,98.4
1403,2024-08-06,350,1,5,23,4,Excel y análisis de datos,Presencial,8,23.22,74.4
1404,2024-08-10,379,6,16,27,2,Liderazgo de equipos,Presencial,8,78.23,82.6
1405,2024-08-23,380,1,1,5,3,Excel y análisis de datos,Virtual,4,35.49,66.8
1406,2024-08-23,397,1,3,7,3,Buenas prácticas de almacenamiento,Virtual,8,42.58,85.9
1407,2024-08-09,398,5,14,27,2,Seguridad ocupacional,Virtual,8,32.97,67.7
1408,2024-08-15,402,1,4,10,1,Seguridad ocupacional,Presencial,2,52.62,87.7
1409,2024-08-22,404,1,5,10,2,Liderazgo de equipos,Presencial,8,25.44,72.9
1410,2024-08-10,435,1,4,7,2,Seguridad ocupacional,Virtual,4,25.99,85.6
1411,2024-08-17,446,1,4,2,3,Seguridad ocupacional,Virtual,8,21.32,89.6
1412,2024-08-29,462,3,10,27,1,Buenas prácticas de almacenamiento,Virtual,2,87.7,85.5
1413,2024-08-01,494,1,2,3,2,Atención al cliente,Virtual,8,69.0,84.8
1414,2024-08-17,513,1,1,23,1,Seguridad ocupacional,Presencial,4,82.27,90.5
1415,2024-08-19,525,1,2,5,2,Liderazgo de equipos,Virtual,2,19.76,85.7
1416,2024-08-28,540,1,3,14,3,Excel y análisis de datos,Virtual,4,64.26,77.5
1417,2024-08-07,546,1,1,11,3,Liderazgo de equipos,Virtual,4,65.17,79.9
1418,2024-08-16,563,1,3,13,2,Liderazgo de equipos,Presencial,2,49.59,73.1
1419,2024-08-21,572,1,5,23,3,Buenas prácticas de almacenamiento,Presencial,4,59.64,82.8
1420,2024-08-06,583,1,3,12,2,Buenas prácticas de almacenamiento,Virtual,4,19.49,79.3
1421,2024-08-28,603,1,1,11,1,Buenas prácticas de almacenamiento,Presencial,4,28.36,99.1
1422,2024-08-29,605,1,4,16,3,Atención al cliente,Presencial,4,57.6,97.7
1423,2024-08-17,612,1,1,18,2,Seguridad ocupacional,Virtual,4,57.19,79.2
1424,2024-08-19,631,1,2,8,1,Buenas prácticas de almacenamiento,Presencial,2,61.9,82.1
1425,2024-08-13,645,1,5,2,2,Atención al cliente,Presencial,8,21.56,77.2
1426,2024-08-03,646,1,1,19,2,Excel y análisis de datos,Virtual,2,16.78,63.7
1427,2024-08-26,668,1,1,19,3,Seguridad ocupacional,Presencial,8,15.27,73.1
1428,2024-08-20,733,1,3,20,3,Seguridad ocupacional,Virtual,8,66.37,77.6
1429,2024-08-02,741,1,5,20,3,Seguridad ocupacional,Virtual,8,81.69,82.3
1430,2024-08-22,747,1,1,5,1,Excel y análisis de datos,Presencial,2,81.18,72.5
1431,2024-08-31,767,2,6,25,2,Atención al cliente,Virtual,2,32.87,86.4
1432,2024-08-07,809,1,2,1,2,Excel y análisis de datos,Virtual,2,73.62,70.3
1433,2024-08-25,858,1,4,14,3,Liderazgo de equipos,Virtual,4,75.35,78.1
1434,2024-08-06,874,1,3,11,2,Excel y análisis de datos,Presencial,2,21.32,89.3
1435,2024-08-28,880,1,2,22,1,Excel y análisis de datos,Presencial,2,31.61,68.3
1436,2024-08-01,895,1,3,15,3,Buenas prácticas de almacenamiento,Virtual,8,77.97,75.5
1437,2024-09-27,3,1,4,11,4,Liderazgo de equipos,Presencial,2,73.76,61.6
1438,2024-09-28,8,2,8,25,3,Atención al cliente,Presencial,2,78.18,76.1
1439,2024-09-27,11,1,1,5,4,Seguridad ocupacional,Virtual,4,48.52,93.6
1440,2024-09-20,12,1,5,10,4,Excel y análisis de datos,Presencial,4,87.02,78.5
1441,2024-09-25,25,1,3,11,4,Seguridad ocupacional,Presencial,2,21.68,80.8
1442,2024-09-14,29,1,1,9,4,Excel y análisis de datos,Virtual,2,77.08,92.1
1443,2024-09-15,36,1,3,20,4,Seguridad ocupacional,Virtual,8,55.88,73.4
1444,2024-09-30,48,1,5,12,4,Atención al cliente,Virtual,4,40.68,95.5
1445,2024-09-23,49,1,3,19,4,Seguridad ocupacional,Virtual,4,84.99,85.4
1446,2024-09-29,51,1,2,11,4,Liderazgo de equipos,Presencial,8,67.22,99.0
1447,2024-09-29,52,1,4,19,3,Excel y análisis de datos,Presencial,2,33.92,82.1
1448,2024-09-08,66,1,5,7,4,Seguridad ocupacional,Presencial,8,49.11,81.8
1449,2024-09-28,78,3,9,27,4,Excel y análisis de datos,Presencial,8,19.57,89.9
1450,2024-09-09,80,1,3,12,4,Seguridad ocupacional,Virtual,4,63.71,65.6
1451,2024-09-26,84,1,3,9,4,Seguridad ocupacional,Virtual,2,50.81,94.6
1452,2024-09-29,88,1,3,19,4,Liderazgo de equipos,Virtual,2,53.69,87.6
1453,2024-09-03,96,1,1,12,4,Excel y análisis de datos,Presencial,8,79.1,59.3
1454,2024-09-03,98,1,3,18,3,Buenas prácticas de almacenamiento,Virtual,8,32.3,89.4
1455,2024-09-30,99,1,2,5,4,Atención al cliente,Presencial,4,20.63,81.2
1456,2024-09-30,100,1,4,23,3,Atención al cliente,Presencial,4,84.56,86.0
1457,2024-09-01,101,5,13,27,3,Liderazgo de equipos,Presencial,4,60.43,84.7
1458,2024-09-05,117,5,13,27,4,Atención al cliente,Presencial,2,84.15,78.2
1459,2024-09-13,118,1,4,15,3,Buenas prácticas de almacenamiento,Presencial,8,82.87,81.0
1460,2024-09-15,122,1,2,21,4,Seguridad ocupacional,Virtual,8,31.38,82.4
1461,2024-09-26,131,1,5,5,3,Seguridad ocupacional,Presencial,2,89.08,72.0
1462,2024-09-16,136,1,2,11,4,Seguridad ocupacional,Presencial,8,79.87,92.5
1463,2024-09-13,137,1,1,8,4,Atención al cliente,Presencial,2,65.94,82.7
1464,2024-09-24,138,1,4,7,3,Excel y análisis de datos,Presencial,4,49.04,82.3
1465,2024-09-04,139,1,5,11,3,Liderazgo de equipos,Virtual,2,45.34,89.1
1466,2024-09-01,142,1,2,8,3,Seguridad ocupacional,Virtual,2,57.49,95.6
1467,2024-09-26,147,1,2,21,4,Atención al cliente,Virtual,4,72.58,79.5
1468,2024-09-27,152,1,1,20,3,Buenas prácticas de almacenamiento,Presencial,4,24.49,66.7
1469,2024-09-09,155,2,6,26,4,Excel y análisis de datos,Presencial,8,63.0,87.2
1470,2024-09-27,158,1,4,23,3,Excel y análisis de datos,Presencial,8,77.04,82.3
1471,2024-09-30,160,1,3,19,4,Atención al cliente,Virtual,4,73.18,74.3
1472,2024-09-12,166,1,1,5,4,Atención al cliente,Virtual,4,86.32,76.2
1473,2024-09-12,168,1,3,6,4,Atención al cliente,Virtual,2,38.04,80.2
1474,2024-09-16,174,1,2,16,4,Liderazgo de equipos,Virtual,2,30.9,68.6
1475,2024-09-23,184,1,1,11,4,Seguridad ocupacional,Virtual,2,21.27,80.5
1476,2024-09-21,199,6,15,27,4,Seguridad ocupacional,Presencial,2,81.98,71.3
1477,2024-09-15,200,1,1,12,4,Seguridad ocupacional,Presencial,2,43.56,90.0
1478,2024-09-19,257,1,2,22,4,Atención al cliente,Presencial,8,32.94,92.9
1479,2024-09-22,263,1,3,12,4,Buenas prácticas de almacenamiento,Presencial,8,54.92,70.7
1480,2024-09-14,267,1,5,13,4,Seguridad ocupacional,Virtual,2,52.77,84.2
1481,2024-09-03,274,1,5,19,4,Atención al cliente,Presencial,4,29.67,71.3
1482,2024-09-21,283,1,5,12,3,Atención al cliente,Presencial,4,51.73,100
1483,2024-09-28,285,5,14,27,3,Excel y análisis de datos,Presencial,4,71.72,84.3
1484,2024-09-12,290,1,3,3,4,Excel y análisis de datos,Virtual,8,38.83,76.3
1485,2024-09-09,295,1,5,18,4,Liderazgo de equipos,Virtual,2,41.81,73.0
1486,2024-09-04,299,2,6,25,3,Liderazgo de equipos,Virtual,2,57.11,90.7
1487,2024-09-03,334,1,1,11,3,Excel y análisis de datos,Virtual,8,81.31,96.9
1488,2024-09-22,343,1,1,15,3,Liderazgo de equipos,Virtual,4,82.79,69.8
1489,2024-09-18,347,1,5,10,3,Seguridad ocupacional,Presencial,2,31.41,76.0
1490,2024-09-06,348,1,4,13,4,Excel y análisis de datos,Virtual,8,15.56,79.8
1491,2024-09-06,376,3,10,27,3,Atención al cliente,Presencial,8,30.68,84.7
1492,2024-09-07,389,1,3,6,3,Buenas prácticas de almacenamiento,Presencial,8,88.17,100
1493,2024-09-17,390,1,4,12,2,Seguridad ocupacional,Presencial,4,21.5,84.0
1494,2024-09-22,457,1,5,9,3,Buenas prácticas de almacenamiento,Presencial,4,45.13,74.9
1495,2024-09-03,490,3,10,27,3,Seguridad ocupacional,Presencial,8,21.71,96.6
1496,2024-09-12,494,1,2,3,2,Seguridad ocupacional,Presencial,8,28.09,82.8
1497,2024-09-16,498,1,1,18,2,Buenas prácticas de almacenamiento,Presencial,4,81.08,93.1
1498,2024-09-06,522,1,1,7,2,Liderazgo de equipos,Presencial,4,60.59,73.7
1499,2024-09-03,524,6,15,27,2,Seguridad ocupacional,Virtual,4,59.86,83.1
1500,2024-09-15,540,1,3,14,3,Buenas prácticas de almacenamiento,Virtual,2,66.09,92.0
1501,2024-09-03,545,1,1,3,1,Buenas prácticas de almacenamiento,Virtual,2,44.45,76.3
1502,2024-09-24,579,1,1,2,3,Liderazgo de equipos,Virtual,8,33.78,62.9
1503,2024-09-02,616,1,4,23,2,Seguridad ocupacional,Virtual,2,43.37,77.1
1504,2024-09-25,630,1,1,20,2,Buenas prácticas de almacenamiento,Virtual,8,15.51,74.7
1505,2024-09-25,638,1,5,24,2,Excel y análisis de datos,Presencial,2,35.2,89.7
1506,2024-09-01,647,1,1,5,2,Liderazgo de equipos,Presencial,2,70.95,98.9
1507,2024-09-11,699,1,4,11,2,Seguridad ocupacional,Virtual,4,76.39,75.7
1508,2024-09-18,711,4,12,27,1,Liderazgo de equipos,Presencial,2,33.65,99.1
1509,2024-09-24,744,1,5,24,3,Buenas prácticas de almacenamiento,Presencial,8,37.88,73.7
1510,2024-09-01,780,1,1,8,3,Buenas prácticas de almacenamiento,Presencial,4,51.81,70.2
1511,2024-09-21,785,1,2,15,2,Excel y análisis de datos,Virtual,4,23.42,96.1
1512,2024-09-30,792,1,2,16,3,Atención al cliente,Virtual,2,62.64,79.5
1513,2024-09-29,823,1,3,5,2,Liderazgo de equipos,Presencial,8,71.46,77.2
1514,2024-09-12,833,1,5,13,2,Seguridad ocupacional,Presencial,4,33.95,78.3
1515,2024-09-02,853,1,1,11,3,Atención al cliente,Virtual,2,74.26,90.9
1516,2024-09-12,864,1,4,21,3,Buenas prácticas de almacenamiento,Presencial,8,73.23,83.7
1517,2024-09-03,869,1,1,20,3,Atención al cliente,Virtual,2,62.79,88.3
1518,2024-09-28,870,1,2,5,1,Seguridad ocupacional,Presencial,8,38.84,75.0
1519,2024-09-25,874,1,3,11,2,Excel y análisis de datos,Presencial,4,68.61,76.1
1520,2024-09-28,880,1,2,22,2,Atención al cliente,Virtual,2,87.37,93.7
1521,2024-09-23,883,1,2,18,3,Seguridad ocupacional,Virtual,8,64.21,73.5
1522,2024-09-18,887,1,2,10,3,Excel y análisis de datos,Presencial,2,79.07,76.8
1523,2024-09-10,889,1,1,21,2,Buenas prácticas de almacenamiento,Presencial,8,40.52,89.5
1524,2024-09-30,897,1,4,10,1,Seguridad ocupacional,Virtual,8,50.14,79.7
1525,2024-10-12,12,1,5,10,4,Excel y análisis de datos,Presencial,8,76.07,88.4
1526,2024-10-04,13,1,5,8,3,Excel y análisis de datos,Virtual,8,26.8,65.6
1527,2024-10-13,14,1,4,19,4,Seguridad ocupacional,Virtual,8,15.09,64.0
1528,2024-10-17,21,1,3,21,4,Buenas prácticas de almacenamiento,Presencial,4,21.77,82.1
1529,2024-10-03,25,1,3,11,4,Buenas prácticas de almacenamiento,Presencial,4,40.72,76.3
1530,2024-10-08,29,1,1,9,4,Buenas prácticas de almacenamiento,Presencial,2,82.12,76.3
1531,2024-10-27,30,2,8,25,4,Liderazgo de equipos,Virtual,4,54.07,75.3
1532,2024-10-19,36,1,3,20,4,Atención al cliente,Presencial,8,76.9,83.4
1533,2024-10-24,46,1,4,14,3,Excel y análisis de datos,Virtual,8,88.11,77.3
1534,2024-10-19,51,1,2,11,4,Excel y análisis de datos,Virtual,8,73.86,81.4
1535,2024-10-19,54,1,4,19,4,Atención al cliente,Presencial,2,43.91,83.9
1536,2024-10-12,65,1,3,20,4,Liderazgo de equipos,Virtual,8,71.9,73.2
1537,2024-10-10,68,1,2,7,4,Excel y análisis de datos,Presencial,8,28.18,90.5
1538,2024-10-01,78,3,9,27,4,Excel y análisis de datos,Virtual,8,15.16,80.6
1539,2024-10-10,97,1,3,3,4,Buenas prácticas de almacenamiento,Virtual,4,48.52,69.0
1540,2024-10-18,100,1,4,23,3,Atención al cliente,Virtual,4,22.34,82.9
1541,2024-10-17,104,4,11,27,4,Seguridad ocupacional,Presencial,2,42.61,68.7
1542,2024-10-12,110,1,3,8,3,Atención al cliente,Presencial,4,41.41,85.4
1543,2024-10-29,112,1,1,9,4,Buenas prácticas de almacenamiento,Virtual,2,66.96,78.2
1544,2024-10-30,119,1,5,4,3,Buenas prácticas de almacenamiento,Presencial,2,37.22,65.6
1545,2024-10-03,124,1,1,15,4,Buenas prácticas de almacenamiento,Virtual,4,40.68,89.3
1546,2024-10-28,129,1,1,21,4,Atención al cliente,Virtual,4,83.09,69.4
1547,2024-10-10,130,1,5,5,4,Seguridad ocupacional,Virtual,2,40.73,73.6
1548,2024-10-19,137,1,1,8,4,Atención al cliente,Presencial,8,47.1,80.0
1549,2024-10-08,140,1,1,22,4,Buenas prácticas de almacenamiento,Presencial,2,27.76,88.2
1550,2024-10-30,180,1,3,6,3,Seguridad ocupacional,Presencial,8,77.81,67.8
1551,2024-10-17,181,1,1,9,4,Atención al cliente,Virtual,4,36.6,62.4
1552,2024-10-05,186,1,1,11,4,Liderazgo de equipos,Presencial,8,22.04,84.5
1553,2024-10-26,187,1,3,20,4,Atención al cliente,Virtual,2,78.55,92.4
1554,2024-10-04,199,6,15,27,4,Liderazgo de equipos,Presencial,4,28.89,100
1555,2024-10-04,205,1,1,12,3,Liderazgo de equipos,Virtual,4,88.3,98.8
1556,2024-10-11,212,1,2,12,4,Seguridad ocupacional,Presencial,4,21.69,71.5
1557,2024-10-12,213,1,4,14,4,Atención al cliente,Presencial,8,53.75,93.3
1558,2024-10-05,214,1,4,4,4,Liderazgo de equipos,Presencial,2,59.16,83.0
1559,2024-10-24,241,1,1,14,3,Atención al cliente,Presencial,8,70.02,78.4
1560,2024-10-06,248,1,4,2,4,Excel y análisis de datos,Presencial,8,78.75,67.7
1561,2024-10-20,263,1,3,12,4,Buenas prácticas de almacenamiento,Presencial,8,61.89,86.5
1562,2024-10-12,267,1,5,13,4,Excel y análisis de datos,Virtual,8,43.5,89.1
1563,2024-10-14,269,1,1,8,4,Excel y análisis de datos,Virtual,8,30.32,83.7
1564,2024-10-13,270,1,3,18,4,Buenas prácticas de almacenamiento,Virtual,4,17.62,80.7
1565,2024-10-20,275,1,4,15,4,Excel y análisis de datos,Virtual,8,84.19,87.6
1566,2024-10-22,282,1,1,20,3,Seguridad ocupacional,Presencial,2,46.12,72.9
1567,2024-10-31,293,1,1,23,4,Seguridad ocupacional,Presencial,4,35.33,78.3
1568,2024-10-17,314,2,7,25,4,Excel y análisis de datos,Presencial,8,88.75,75.7
1569,2024-10-17,321,6,16,27,4,Excel y análisis de datos,Virtual,8,89.9,76.3
1570,2024-10-30,327,3,9,27,4,Atención al cliente,Presencial,2,63.68,97.2
1571,2024-10-04,340,5,13,27,4,Seguridad ocupacional,Virtual,4,50.81,70.9
1572,2024-10-10,343,1,1,15,3,Atención al cliente,Presencial,2,70.24,82.6
1573,2024-10-28,351,1,1,11,2,Atención al cliente,Virtual,2,83.7,70.2
1574,2024-10-24,374,1,4,3,2,Atención al cliente,Presencial,4,78.49,80.8
1575,2024-10-06,393,1,4,4,2,Buenas prácticas de almacenamiento,Virtual,2,45.55,73.4
1576,2024-10-21,408,1,2,13,1,Buenas prácticas de almacenamiento,Virtual,4,46.47,81.6
1577,2024-10-23,410,1,1,21,1,Buenas prácticas de almacenamiento,Virtual,2,33.51,82.8
1578,2024-10-19,424,1,1,24,1,Liderazgo de equipos,Presencial,4,59.57,81.1
1579,2024-10-14,447,2,7,26,2,Buenas prácticas de almacenamiento,Presencial,8,57.48,100
1580,2024-10-30,463,1,1,15,2,Atención al cliente,Presencial,4,64.21,84.1
1581,2024-10-12,471,1,2,2,2,Liderazgo de equipos,Presencial,2,45.62,60.4
1582,2024-10-14,476,6,15,27,2,Excel y análisis de datos,Presencial,4,16.07,82.2
1583,2024-10-27,515,5,13,27,2,Excel y análisis de datos,Virtual,8,74.09,76.9
1584,2024-10-10,525,1,2,5,2,Buenas prácticas de almacenamiento,Presencial,4,84.56,89.0
1585,2024-10-05,551,1,1,9,1,Liderazgo de equipos,Virtual,4,16.65,70.5
1586,2024-10-11,557,1,3,18,2,Atención al cliente,Virtual,4,47.59,77.8
1587,2024-10-14,580,2,8,26,2,Liderazgo de equipos,Virtual,4,60.3,70.6
1588,2024-10-13,581,1,2,14,3,Buenas prácticas de almacenamiento,Presencial,4,41.08,74.9
1589,2024-10-01,589,1,1,4,3,Buenas prácticas de almacenamiento,Presencial,2,35.04,91.9
1590,2024-10-18,605,1,4,16,3,Liderazgo de equipos,Virtual,2,73.9,78.5
1591,2024-10-12,612,1,1,18,2,Excel y análisis de datos,Virtual,8,70.24,86.0
1592,2024-10-30,631,1,2,8,2,Liderazgo de equipos,Virtual,2,66.08,73.6
1593,2024-10-26,648,1,5,12,3,Buenas prácticas de almacenamiento,Presencial,4,48.92,72.1
1594,2024-10-16,651,1,4,10,3,Atención al cliente,Presencial,2,80.8,86.5
1595,2024-10-27,668,1,1,19,3,Atención al cliente,Virtual,4,72.62,71.5
1596,2024-10-28,701,1,4,7,1,Buenas prácticas de almacenamiento,Virtual,4,45.37,77.1
1597,2024-10-29,734,1,2,24,2,Buenas prácticas de almacenamiento,Virtual,4,87.12,76.4
1598,2024-10-28,744,1,5,24,3,Buenas prácticas de almacenamiento,Presencial,8,73.65,67.1
1599,2024-10-13,788,1,1,19,1,Excel y análisis de datos,Virtual,4,85.56,70.9
1600,2024-10-26,809,1,2,1,2,Buenas prácticas de almacenamiento,Presencial,2,50.45,77.7
1601,2024-10-16,824,1,1,11,3,Buenas prácticas de almacenamiento,Virtual,2,63.0,86.5
1602,2024-10-23,826,1,1,15,3,Buenas prácticas de almacenamiento,Presencial,4,17.08,65.4
1603,2024-10-12,829,1,1,17,3,Buenas prácticas de almacenamiento,Virtual,2,39.22,84.9
1604,2024-10-08,846,1,1,2,2,Liderazgo de equipos,Virtual,8,37.31,75.4
1605,2024-10-14,850,1,3,22,1,Excel y análisis de datos,Virtual,4,21.3,77.7
1606,2024-10-09,853,1,1,11,3,Liderazgo de equipos,Presencial,2,35.09,87.0
1607,2024-10-21,896,1,2,11,3,Buenas prácticas de almacenamiento,Virtual,8,73.89,70.0
1608,2024-11-17,3,1,4,11,4,Seguridad ocupacional,Presencial,4,34.16,83.0
1609,2024-11-09,8,2,8,25,3,Liderazgo de equipos,Presencial,4,27.88,84.6
1610,2024-11-19,27,1,4,22,4,Buenas prácticas de almacenamiento,Virtual,4,51.89,64.1
1611,2024-11-11,30,2,8,25,4,Seguridad ocupacional,Virtual,8,31.08,74.7
1612,2024-11-20,35,1,1,11,4,Liderazgo de equipos,Virtual,8,89.36,89.9
1613,2024-11-14,38,1,3,22,4,Seguridad ocupacional,Virtual,2,20.22,67.9
1614,2024-11-03,53,1,5,11,4,Buenas prácticas de almacenamiento,Virtual,2,47.9,86.6
1615,2024-11-18,72,1,1,21,4,Buenas prácticas de almacenamiento,Presencial,8,36.01,72.1
1616,2024-11-22,74,1,1,21,4,Atención al cliente,Virtual,8,78.08,78.9
1617,2024-11-27,88,1,3,19,4,Buenas prácticas de almacenamiento,Presencial,2,46.47,85.7
1618,2024-11-12,90,2,6,26,4,Atención al cliente,Presencial,2,58.69,69.1
1619,2024-11-29,96,1,1,12,4,Excel y análisis de datos,Virtual,2,55.09,83.5
1620,2024-11-10,100,1,4,23,3,Atención al cliente,Virtual,2,62.21,73.9
1621,2024-11-04,108,1,2,17,4,Liderazgo de equipos,Presencial,8,46.06,67.2
1622,2024-11-08,110,1,3,8,3,Excel y análisis de datos,Presencial,4,65.65,82.6
1623,2024-11-11,126,1,1,12,4,Atención al cliente,Presencial,8,39.84,76.3
1624,2024-11-05,131,1,5,5,3,Buenas prácticas de almacenamiento,Virtual,2,74.09,72.8
1625,2024-11-25,132,1,1,5,4,Buenas prácticas de almacenamiento,Virtual,2,68.13,96.0
1626,2024-11-23,142,1,2,8,3,Buenas prácticas de almacenamiento,Presencial,4,43.15,77.5
1627,2024-11-16,158,1,4,23,3,Excel y análisis de datos,Virtual,8,68.35,78.9
1628,2024-11-01,160,1,3,19,4,Seguridad ocupacional,Virtual,4,86.79,82.7
1629,2024-11-29,181,1,1,9,4,Buenas prácticas de almacenamiento,Presencial,2,31.72,79.2
1630,2024-11-02,186,1,1,11,4,Seguridad ocupacional,Presencial,4,86.13,90.0
1631,2024-11-28,187,1,3,20,4,Liderazgo de equipos,Presencial,2,56.97,83.1
1632,2024-11-21,193,1,4,21,4,Seguridad ocupacional,Presencial,2,70.71,76.0
1633,2024-11-15,194,1,1,11,4,Seguridad ocupacional,Presencial,4,42.54,84.8
1634,2024-11-24,205,1,1,12,3,Excel y análisis de datos,Presencial,4,56.28,92.6
1635,2024-11-28,227,1,1,9,4,Excel y análisis de datos,Presencial,2,43.62,75.3
1636,2024-11-03,233,2,6,25,4,Excel y análisis de datos,Presencial,8,76.63,95.8
1637,2024-11-22,236,1,1,2,4,Atención al cliente,Presencial,2,18.69,81.8
1638,2024-11-08,241,1,1,14,3,Atención al cliente,Virtual,8,69.62,85.5
1639,2024-11-27,280,1,4,13,3,Seguridad ocupacional,Presencial,2,31.19,93.6
1640,2024-11-09,283,1,5,12,4,Liderazgo de equipos,Presencial,8,31.57,92.4
1641,2024-11-27,285,5,14,27,3,Seguridad ocupacional,Virtual,8,43.61,86.4
1642,2024-11-03,309,1,4,9,4,Seguridad ocupacional,Virtual,4,83.07,81.2
1643,2024-11-23,310,1,2,21,4,Liderazgo de equipos,Presencial,4,25.59,63.9
1644,2024-11-04,322,6,16,27,3,Liderazgo de equipos,Virtual,8,50.76,85.4
1645,2024-11-12,324,1,1,15,4,Seguridad ocupacional,Virtual,2,44.92,90.5
1646,2024-11-22,326,1,1,15,4,Excel y análisis de datos,Presencial,4,16.98,76.0
1647,2024-11-22,327,3,9,27,4,Buenas prácticas de almacenamiento,Virtual,4,76.4,73.9
1648,2024-11-16,332,1,5,23,4,Liderazgo de equipos,Virtual,8,41.63,79.3
1649,2024-11-02,351,1,1,11,2,Excel y análisis de datos,Presencial,2,43.2,66.5
1650,2024-11-19,358,1,2,13,2,Seguridad ocupacional,Virtual,4,80.96,81.0
1651,2024-11-07,360,1,2,23,3,Seguridad ocupacional,Presencial,8,60.21,82.6
1652,2024-11-06,410,1,1,21,1,Buenas prácticas de almacenamiento,Virtual,2,80.52,82.4
1653,2024-11-06,434,1,1,15,2,Excel y análisis de datos,Virtual,4,53.91,83.1
1654,2024-11-25,457,1,5,9,3,Excel y análisis de datos,Virtual,2,83.29,87.5
1655,2024-11-11,475,3,9,27,3,Atención al cliente,Virtual,4,61.79,88.4
1656,2024-11-30,479,1,1,5,3,Excel y análisis de datos,Virtual,4,15.34,91.6
1657,2024-11-23,486,1,4,18,3,Atención al cliente,Presencial,4,81.65,89.9
1658,2024-11-12,498,1,1,18,2,Excel y análisis de datos,Presencial,4,89.72,87.8
1659,2024-11-23,502,1,1,4,2,Atención al cliente,Presencial,4,47.11,81.4
1660,2024-11-29,508,1,4,14,2,Excel y análisis de datos,Virtual,4,80.16,85.0
1661,2024-11-02,515,5,13,27,2,Buenas prácticas de almacenamiento,Presencial,8,16.49,88.4
1662,2024-11-23,572,1,5,23,3,Buenas prácticas de almacenamiento,Virtual,4,52.98,86.9
1663,2024-11-28,616,1,4,23,2,Atención al cliente,Virtual,4,72.69,80.7
1664,2024-11-23,617,1,1,24,3,Buenas prácticas de almacenamiento,Presencial,2,34.77,84.2
1665,2024-11-24,630,1,1,20,2,Seguridad ocupacional,Virtual,2,18.42,92.0
1666,2024-11-04,631,1,2,8,2,Atención al cliente,Virtual,4,30.39,89.5
1667,2024-11-28,649,1,2,6,2,Liderazgo de equipos,Virtual,8,75.07,80.6
1668,2024-11-06,665,1,4,16,2,Excel y análisis de datos,Virtual,8,43.78,70.4
1669,2024-11-20,673,1,5,20,2,Buenas prácticas de almacenamiento,Presencial,8,46.52,87.6
1670,2024-11-14,689,1,5,4,1,Excel y análisis de datos,Presencial,2,16.02,78.5
1671,2024-11-12,699,1,4,11,2,Buenas prácticas de almacenamiento,Presencial,4,81.88,75.4
1672,2024-11-12,734,1,2,24,2,Liderazgo de equipos,Virtual,4,17.0,100
1673,2024-11-04,744,1,5,24,3,Excel y análisis de datos,Presencial,8,46.21,77.4
1674,2024-11-24,767,2,6,25,3,Atención al cliente,Presencial,8,49.81,75.0
1675,2024-11-11,780,1,1,8,3,Atención al cliente,Virtual,2,42.01,74.3
1676,2024-11-12,784,1,5,9,2,Atención al cliente,Presencial,4,53.42,87.1
1677,2024-11-10,785,1,2,15,2,Seguridad ocupacional,Virtual,2,57.46,73.7
1678,2024-11-13,799,1,2,13,1,Atención al cliente,Virtual,4,56.91,88.0
1679,2024-11-02,820,1,5,6,2,Seguridad ocupacional,Virtual,2,79.01,85.7
1680,2024-11-17,836,5,13,27,3,Buenas prácticas de almacenamiento,Presencial,4,16.57,88.9
1681,2024-11-22,870,1,2,5,1,Atención al cliente,Virtual,4,56.25,96.6
1682,2024-11-01,881,1,1,4,2,Liderazgo de equipos,Virtual,8,34.67,83.1
1683,2024-11-17,884,1,5,24,3,Seguridad ocupacional,Virtual,8,82.58,84.3
1684,2024-11-21,886,5,13,27,1,Buenas prácticas de almacenamiento,Presencial,8,27.48,92.3
1685,2024-11-21,887,1,2,10,3,Seguridad ocupacional,Presencial,8,43.78,89.3
1686,2024-11-28,889,1,1,21,2,Atención al cliente,Presencial,2,22.69,85.4
1687,2024-12-21,2,2,7,25,4,Seguridad ocupacional,Presencial,8,56.1,79.0
1688,2024-12-15,8,2,8,25,3,Seguridad ocupacional,Presencial,2,15.1,85.5
1689,2024-12-17,12,1,5,10,4,Atención al cliente,Virtual,2,59.81,86.1
1690,2024-12-14,30,2,8,25,4,Buenas prácticas de almacenamiento,Virtual,8,71.42,85.3
1691,2024-12-04,36,1,3,20,4,Excel y análisis de datos,Virtual,8,82.12,100
1692,2024-12-11,41,1,2,17,4,Atención al cliente,Virtual,2,69.55,89.6
1693,2024-12-29,51,1,2,11,4,Excel y análisis de datos,Virtual,2,22.08,76.8
1694,2024-12-18,56,1,3,17,4,Atención al cliente,Virtual,8,55.98,74.1
1695,2024-12-08,59,1,4,7,4,Liderazgo de equipos,Presencial,8,35.83,88.4
1696,2024-12-23,66,1,5,7,4,Excel y análisis de datos,Virtual,2,64.06,91.5
1697,2024-12-03,78,3,9,27,4,Seguridad ocupacional,Virtual,2,78.81,66.1
1698,2024-12-17,93,1,4,14,4,Seguridad ocupacional,Presencial,2,73.82,85.5
1699,2024-12-06,97,1,3,3,4,Liderazgo de equipos,Virtual,8,68.49,84.4
1700,2024-12-31,106,1,4,6,4,Excel y análisis de datos,Presencial,4,78.7,94.1
1701,2024-12-18,119,1,5,4,3,Seguridad ocupacional,Presencial,4,84.63,83.5
1702,2024-12-09,121,1,3,20,4,Atención al cliente,Presencial,2,20.3,71.2
1703,2024-12-21,124,1,1,15,4,Liderazgo de equipos,Presencial,4,19.57,80.2
1704,2024-12-28,142,1,2,8,3,Buenas prácticas de almacenamiento,Virtual,8,68.31,76.2
1705,2024-12-08,158,1,4,23,3,Liderazgo de equipos,Presencial,2,84.72,64.0
1706,2024-12-05,174,1,2,16,4,Liderazgo de equipos,Virtual,8,16.38,75.1
1707,2024-12-07,191,1,3,7,4,Buenas prácticas de almacenamiento,Presencial,4,71.67,77.0
1708,2024-12-23,213,1,4,14,4,Seguridad ocupacional,Presencial,2,18.01,69.2
1709,2024-12-18,224,5,14,27,3,Seguridad ocupacional,Presencial,8,15.36,74.7
1710,2024-12-01,226,1,1,23,3,Liderazgo de equipos,Virtual,2,24.16,77.4
1711,2024-12-28,227,1,1,9,4,Atención al cliente,Presencial,2,79.51,91.7
1712,2024-12-07,229,2,8,25,4,Atención al cliente,Presencial,4,66.84,99.4
1713,2024-12-24,230,1,3,17,4,Seguridad ocupacional,Virtual,2,17.75,64.9
1714,2024-12-05,235,1,3,17,3,Excel y análisis de datos,Virtual,4,54.35,96.5
1715,2024-12-21,246,1,3,19,4,Atención al cliente,Presencial,8,59.02,81.1
1716,2024-12-01,248,1,4,2,4,Liderazgo de equipos,Virtual,2,35.84,78.9
1717,2024-12-05,279,1,4,10,3,Atención al cliente,Virtual,2,88.53,73.0
1718,2024-12-28,283,1,5,12,4,Buenas prácticas de almacenamiento,Presencial,8,70.12,73.2
1719,2024-12-17,292,2,6,26,4,Excel y análisis de datos,Presencial,2,32.87,76.2
1720,2024-12-31,293,1,1,23,4,Liderazgo de equipos,Presencial,2,50.06,68.5
1721,2024-12-10,295,1,5,18,4,Atención al cliente,Virtual,8,18.22,88.7
1722,2024-12-31,306,1,4,4,3,Seguridad ocupacional,Virtual,2,34.21,86.6
1723,2024-12-21,324,1,1,15,4,Excel y análisis de datos,Virtual,4,72.63,88.2
1724,2024-12-14,332,1,5,23,4,Liderazgo de equipos,Presencial,8,61.4,84.2
1725,2024-12-17,335,1,5,23,4,Buenas prácticas de almacenamiento,Presencial,2,62.53,64.4
1726,2024-12-05,340,5,13,27,4,Excel y análisis de datos,Virtual,4,86.02,80.7
1727,2024-12-03,345,1,2,7,4,Seguridad ocupacional,Virtual,4,78.01,68.8
1728,2024-12-17,380,1,1,5,3,Liderazgo de equipos,Virtual,2,24.79,77.7
1729,2024-12-27,381,1,2,17,2,Atención al cliente,Virtual,4,88.65,75.2
1730,2024-12-11,384,2,6,25,3,Atención al cliente,Presencial,8,30.48,90.2
1731,2024-12-06,390,1,4,12,2,Excel y análisis de datos,Virtual,2,46.7,83.7
1732,2024-12-06,397,1,3,7,3,Liderazgo de equipos,Virtual,4,24.3,78.9
1733,2024-12-01,410,1,1,21,1,Seguridad ocupacional,Virtual,4,88.21,88.1
1734,2024-12-26,425,1,1,7,1,Buenas prácticas de almacenamiento,Presencial,4,30.36,90.4
1735,2024-12-25,452,1,3,21,2,Buenas prácticas de almacenamiento,Virtual,8,84.6,88.4
1736,2024-12-08,456,1,2,15,1,Buenas prácticas de almacenamiento,Presencial,4,26.96,86.7
1737,2024-12-02,461,1,3,17,1,Liderazgo de equipos,Virtual,8,44.18,79.5
1738,2024-12-23,476,6,15,27,2,Atención al cliente,Presencial,2,85.03,91.3
1739,2024-12-12,508,1,4,14,2,Liderazgo de equipos,Presencial,8,22.76,95.9
1740,2024-12-24,510,5,14,27,3,Excel y análisis de datos,Presencial,8,78.6,75.7
1741,2024-12-20,534,1,2,22,3,Liderazgo de equipos,Virtual,4,21.93,71.8
1742,2024-12-04,543,1,1,7,3,Buenas prácticas de almacenamiento,Virtual,2,41.4,78.9
1743,2024-12-08,556,1,1,7,2,Atención al cliente,Presencial,2,71.57,77.6
1744,2024-12-23,563,1,3,13,2,Seguridad ocupacional,Presencial,4,28.43,66.7
1745,2024-12-18,579,1,1,2,3,Atención al cliente,Virtual,8,37.51,70.9
1746,2024-12-05,586,1,1,23,3,Seguridad ocupacional,Virtual,4,84.61,61.7
1747,2024-12-25,603,1,1,11,2,Seguridad ocupacional,Virtual,2,82.72,90.7
1748,2024-12-11,610,1,5,19,1,Seguridad ocupacional,Virtual,2,80.0,84.0
1749,2024-12-27,611,1,1,10,3,Atención al cliente,Virtual,2,83.89,73.8
1750,2024-12-21,647,1,1,5,2,Atención al cliente,Virtual,4,18.24,77.4
1751,2024-12-28,649,1,2,6,3,Atención al cliente,Presencial,8,26.91,80.9
1752,2024-12-31,656,4,12,27,2,Atención al cliente,Virtual,8,67.74,100
1753,2024-12-15,661,1,2,16,2,Buenas prácticas de almacenamiento,Virtual,4,78.38,85.5
1754,2024-12-26,698,1,1,5,1,Excel y análisis de datos,Presencial,8,60.6,86.6
1755,2024-12-25,727,2,6,26,1,Buenas prácticas de almacenamiento,Presencial,2,48.88,90.0
1756,2024-12-12,734,1,2,24,2,Buenas prácticas de almacenamiento,Virtual,8,74.86,97.6
1757,2024-12-05,790,1,1,8,1,Seguridad ocupacional,Virtual,4,26.11,81.1
1758,2024-12-27,809,1,2,1,2,Buenas prácticas de almacenamiento,Virtual,2,27.13,94.8
1759,2024-12-30,843,3,10,27,1,Liderazgo de equipos,Presencial,8,39.7,84.9
1760,2024-12-21,872,2,6,25,3,Buenas prácticas de almacenamiento,Presencial,2,78.03,81.2
1761,2024-12-23,881,1,1,4,2,Excel y análisis de datos,Virtual,4,18.05,93.4
1762,2024-12-25,886,5,13,27,1,Atención al cliente,Presencial,2,78.22,83.6
1763,2024-12-05,889,1,1,21,2,Buenas prácticas de almacenamiento,Presencial,2,35.31,89.0
1764,2025-01-19,17,6,15,27,4,Liderazgo de equipos,Presencial,4,43.05,84.6
1765,2025-01-24,18,4,11,27,3,Atención al cliente,Presencial,8,70.16,98.3
1766,2025-01-06,21,1,3,21,4,Excel y análisis de datos,Virtual,4,68.44,81.4
1767,2025-01-09,27,1,4,22,4,Excel y análisis de datos,Presencial,2,27.57,72.5
1768,2025-01-12,29,1,1,9,4,Liderazgo de equipos,Presencial,4,27.81,95.3
1769,2025-01-30,48,1,5,12,4,Atención al cliente,Presencial,4,57.09,65.3
1770,2025-01-28,56,1,3,17,4,Liderazgo de equipos,Presencial,8,51.61,85.6
1771,2025-01-04,100,1,4,23,3,Seguridad ocupacional,Presencial,4,30.64,79.9
1772,2025-01-22,106,1,4,6,4,Buenas prácticas de almacenamiento,Presencial,8,23.17,91.8
1773,2025-01-24,123,1,4,17,4,Seguridad ocupacional,Virtual,2,73.1,78.9
1774,2025-01-08,126,1,1,12,4,Liderazgo de equipos,Presencial,2,69.06,86.2
1775,2025-01-12,161,1,3,22,4,Buenas prácticas de almacenamiento,Virtual,2,21.26,94.4
1776,2025-01-15,165,1,2,3,4,Liderazgo de equipos,Virtual,4,64.63,85.6
1777,2025-01-10,171,1,4,4,4,Liderazgo de equipos,Virtual,8,37.61,93.2
1778,2025-01-18,180,1,3,6,4,Liderazgo de equipos,Presencial,8,66.19,72.9
1779,2025-01-13,183,6,15,27,4,Excel y análisis de datos,Virtual,4,35.97,73.9
1780,2025-01-06,190,6,16,27,4,Liderazgo de equipos,Presencial,2,76.9,61.0
1781,2025-01-28,203,4,12,27,3,Atención al cliente,Virtual,4,23.49,86.8
1782,2025-01-18,213,1,4,14,4,Seguridad ocupacional,Presencial,8,66.66,91.6
1783,2025-01-29,216,1,4,20,3,Buenas prácticas de almacenamiento,Virtual,8,38.94,85.2
1784,2025-01-08,225,1,2,2,4,Seguridad ocupacional,Virtual,4,89.78,89.1
1785,2025-01-29,235,1,3,17,3,Excel y análisis de datos,Presencial,8,48.67,68.4
1786,2025-01-14,238,1,1,12,4,Seguridad ocupacional,Presencial,2,24.44,81.9
1787,2025-01-30,243,1,5,12,4,Seguridad ocupacional,Presencial,2,63.01,87.3
1788,2025-01-04,254,1,2,19,4,Excel y análisis de datos,Presencial,2,67.17,93.4
1789,2025-01-24,257,1,2,22,4,Buenas prácticas de almacenamiento,Virtual,8,68.27,75.9
1790,2025-01-05,276,1,2,24,3,Atención al cliente,Presencial,2,41.17,65.6
1791,2025-01-17,279,1,4,10,3,Excel y análisis de datos,Presencial,8,68.67,98.3
1792,2025-01-15,291,1,2,2,4,Excel y análisis de datos,Presencial,4,53.17,70.9
1793,2025-01-05,297,1,5,5,4,Excel y análisis de datos,Virtual,4,77.5,70.2
1794,2025-01-09,300,5,13,27,4,Liderazgo de equipos,Presencial,8,29.45,77.6
1795,2025-01-21,301,1,5,1,4,Seguridad ocupacional,Presencial,2,32.08,94.5
1796,2025-01-28,306,1,4,4,4,Seguridad ocupacional,Virtual,2,77.59,63.5
1797,2025-01-08,320,1,4,10,3,Seguridad ocupacional,Virtual,4,61.48,79.6
1798,2025-01-10,324,1,1,15,4,Seguridad ocupacional,Presencial,2,33.0,77.4
1799,2025-01-20,329,2,6,26,4,Atención al cliente,Presencial,2,24.22,78.7
1800,2025-01-29,358,1,2,13,2,Excel y análisis de datos,Presencial,4,16.89,96.4
1801,2025-01-30,361,1,1,4,1,Excel y análisis de datos,Presencial,4,79.84,81.5
1802,2025-01-24,370,2,6,26,1,Liderazgo de equipos,Virtual,2,78.02,71.7
1803,2025-01-03,376,3,10,27,3,Liderazgo de equipos,Virtual,2,17.85,83.4
1804,2025-01-26,379,6,16,27,3,Excel y análisis de datos,Virtual,2,67.41,76.5
1805,2025-01-06,384,2,6,25,3,Buenas prácticas de almacenamiento,Virtual,2,23.49,76.2
1806,2025-01-11,394,1,3,4,2,Seguridad ocupacional,Presencial,4,52.09,75.7
1807,2025-01-29,400,1,1,1,2,Seguridad ocupacional,Virtual,4,18.15,68.1
1808,2025-01-06,402,1,4,10,2,Liderazgo de equipos,Presencial,4,82.31,65.7
1809,2025-01-19,414,1,2,19,1,Excel y análisis de datos,Presencial,4,87.89,76.0
1810,2025-01-12,421,1,1,13,2,Atención al cliente,Virtual,2,72.87,100
1811,2025-01-07,440,2,6,25,3,Liderazgo de equipos,Virtual,4,57.68,84.9
1812,2025-01-02,454,1,2,21,2,Buenas prácticas de almacenamiento,Virtual,8,88.87,76.4
1813,2025-01-15,461,1,3,17,2,Liderazgo de equipos,Presencial,4,84.3,85.7
1814,2025-01-09,472,1,1,9,3,Excel y análisis de datos,Presencial,4,45.4,76.1
1815,2025-01-14,476,6,15,27,2,Seguridad ocupacional,Virtual,2,21.17,90.5
1816,2025-01-03,478,6,15,27,2,Buenas prácticas de almacenamiento,Virtual,2,19.54,72.9
1817,2025-01-16,502,1,1,4,2,Excel y análisis de datos,Presencial,4,71.7,83.6
1818,2025-01-19,513,1,1,23,2,Excel y análisis de datos,Presencial,2,73.4,83.6
1819,2025-01-07,524,6,15,27,3,Seguridad ocupacional,Presencial,2,45.41,85.5
1820,2025-01-10,534,1,2,22,3,Seguridad ocupacional,Virtual,2,80.68,92.6
1821,2025-01-02,544,2,6,26,3,Buenas prácticas de almacenamiento,Virtual,4,38.21,96.9
1822,2025-01-22,566,6,15,27,3,Atención al cliente,Presencial,4,60.7,88.5
1823,2025-01-11,579,1,1,2,3,Excel y análisis de datos,Virtual,2,75.22,88.7
1824,2025-01-09,580,2,8,26,3,Seguridad ocupacional,Virtual,8,59.52,85.0
1825,2025-01-14,601,1,1,23,1,Atención al cliente,Presencial,8,76.45,79.9
1826,2025-01-28,603,1,1,11,2,Atención al cliente,Presencial,2,39.92,90.2
1827,2025-01-07,610,1,5,19,1,Atención al cliente,Virtual,8,62.45,61.9
1828,2025-01-19,619,1,1,7,1,Atención al cliente,Virtual,2,33.64,88.2
1829,2025-01-21,643,1,5,21,3,Buenas prácticas de almacenamiento,Presencial,8,20.63,86.7
1830,2025-01-17,646,1,1,19,2,Excel y análisis de datos,Virtual,8,86.99,69.3
1831,2025-01-06,647,1,1,5,2,Excel y análisis de datos,Presencial,8,23.07,100
1832,2025-01-16,648,1,5,12,3,Seguridad ocupacional,Virtual,4,74.06,87.0
1833,2025-01-27,653,1,1,3,1,Buenas prácticas de almacenamiento,Presencial,8,42.49,76.2
1834,2025-01-17,713,1,1,5,2,Liderazgo de equipos,Virtual,8,82.78,77.3
1835,2025-01-18,732,1,1,21,1,Seguridad ocupacional,Virtual,4,84.52,68.7
1836,2025-01-15,735,4,12,27,3,Seguridad ocupacional,Virtual,8,40.66,54.7
1837,2025-01-03,744,1,5,24,3,Atención al cliente,Presencial,4,82.11,83.8
1838,2025-01-28,747,1,1,5,2,Excel y análisis de datos,Presencial,4,59.85,79.0
1839,2025-01-26,784,1,5,9,3,Excel y análisis de datos,Presencial,4,21.43,81.6
1840,2025-01-30,818,4,12,27,1,Atención al cliente,Presencial,8,77.25,76.0
1841,2025-01-02,823,1,3,5,3,Atención al cliente,Virtual,2,61.72,77.3
1842,2025-01-11,824,1,1,11,3,Buenas prácticas de almacenamiento,Presencial,8,34.8,90.6
1843,2025-01-10,836,5,13,27,3,Liderazgo de equipos,Virtual,2,18.49,87.0
1844,2025-01-29,840,1,4,24,3,Seguridad ocupacional,Presencial,4,32.74,87.4
1845,2025-01-10,843,3,10,27,2,Buenas prácticas de almacenamiento,Presencial,4,64.91,77.5
1846,2025-01-13,848,1,1,12,2,Atención al cliente,Virtual,8,61.64,89.0
1847,2025-01-01,858,1,4,14,3,Buenas prácticas de almacenamiento,Virtual,4,24.62,94.1
1848,2025-01-28,862,1,2,4,3,Seguridad ocupacional,Virtual,2,61.33,67.4
1849,2025-01-25,864,1,4,21,3,Liderazgo de equipos,Virtual,4,85.18,88.9
1850,2025-01-27,869,1,1,20,3,Buenas prácticas de almacenamiento,Presencial,4,38.94,86.3
1851,2025-01-11,880,1,2,22,2,Excel y análisis de datos,Virtual,8,28.52,78.4
1852,2025-01-27,884,1,5,24,3,Buenas prácticas de almacenamiento,Virtual,4,35.94,82.3
1853,2025-01-26,889,1,1,21,2,Excel y análisis de datos,Presencial,4,17.16,73.9
1854,2025-01-10,894,4,12,27,1,Seguridad ocupacional,Virtual,4,31.18,80.9
1855,2025-02-15,8,2,8,25,3,Atención al cliente,Presencial,4,16.56,65.7
1856,2025-02-09,36,1,3,20,4,Seguridad ocupacional,Virtual,4,78.45,77.6
1857,2025-02-06,40,1,1,3,4,Atención al cliente,Virtual,2,16.99,96.9
1858,2025-02-11,50,2,7,26,4,Liderazgo de equipos,Virtual,8,86.22,87.0
1859,2025-02-03,51,1,2,11,4,Liderazgo de equipos,Presencial,4,26.12,84.8
1860,2025-02-16,59,1,4,7,4,Atención al cliente,Presencial,2,86.7,74.5
1861,2025-02-08,93,1,4,14,4,Excel y análisis de datos,Virtual,8,58.46,76.1
1862,2025-02-17,97,1,3,3,4,Liderazgo de equipos,Presencial,2,76.95,88.2
1863,2025-02-23,101,5,13,27,3,Buenas prácticas de almacenamiento,Presencial,8,73.26,88.4
1864,2025-02-01,102,1,1,14,4,Atención al cliente,Presencial,2,83.13,83.4
1865,2025-02-21,104,4,11,27,4,Buenas prácticas de almacenamiento,Virtual,4,43.43,76.8
1866,2025-02-10,122,1,2,21,4,Excel y análisis de datos,Presencial,4,44.44,78.1
1867,2025-02-08,124,1,1,15,4,Atención al cliente,Virtual,8,61.52,97.3
1868,2025-02-09,129,1,1,21,4,Seguridad ocupacional,Presencial,4,83.04,99.9
1869,2025-02-19,138,1,4,7,4,Seguridad ocupacional,Virtual,8,74.24,84.5
1870,2025-02-26,139,1,5,11,3,Liderazgo de equipos,Virtual,2,47.08,65.9
1871,2025-02-15,145,1,2,1,4,Seguridad ocupacional,Virtual,2,52.5,70.7
1872,2025-02-10,167,1,3,22,4,Seguridad ocupacional,Virtual,4,72.67,87.5
1873,2025-02-05,169,1,1,7,4,Seguridad ocupacional,Virtual,4,82.44,68.3
1874,2025-02-02,176,1,1,6,4,Buenas prácticas de almacenamiento,Virtual,4,81.38,82.0
1875,2025-02-24,183,6,15,27,4,Buenas prácticas de almacenamiento,Presencial,8,32.14,59.7
1876,2025-02-11,195,1,2,14,4,Buenas prácticas de almacenamiento,Virtual,8,66.52,74.1
1877,2025-02-01,198,1,1,23,4,Excel y análisis de datos,Presencial,8,69.23,85.1
1878,2025-02-21,199,6,15,27,4,Excel y análisis de datos,Virtual,8,45.0,87.3
1879,2025-02-07,208,2,6,25,4,Seguridad ocupacional,Presencial,4,88.04,75.4
1880,2025-02-08,212,1,2,12,4,Excel y análisis de datos,Presencial,4,64.3,69.3
1881,2025-02-08,221,1,2,11,4,Buenas prácticas de almacenamiento,Virtual,8,75.94,86.0
1882,2025-02-12,222,1,2,4,4,Liderazgo de equipos,Presencial,8,57.09,74.3
1883,2025-02-21,230,1,3,17,4,Liderazgo de equipos,Presencial,8,68.54,71.9
1884,2025-02-06,236,1,1,2,4,Atención al cliente,Presencial,8,84.73,75.2
1885,2025-02-19,239,1,3,8,4,Buenas prácticas de almacenamiento,Presencial,4,78.96,89.4
1886,2025-02-07,242,1,1,2,4,Atención al cliente,Presencial,2,39.91,95.2
1887,2025-02-16,263,1,3,12,4,Buenas prácticas de almacenamiento,Presencial,2,15.03,84.9
1888,2025-02-08,282,1,1,20,3,Excel y análisis de datos,Virtual,2,84.8,71.4
1889,2025-02-07,283,1,5,12,4,Atención al cliente,Presencial,8,60.48,78.3
1890,2025-02-09,290,1,3,3,4,Liderazgo de equipos,Presencial,8,79.58,89.9
1891,2025-02-22,292,2,6,26,4,Atención al cliente,Virtual,4,37.53,84.9
1892,2025-02-20,297,1,5,5,4,Buenas prácticas de almacenamiento,Presencial,8,79.96,59.6
1893,2025-02-19,300,5,13,27,4,Seguridad ocupacional,Presencial,8,21.47,76.6
1894,2025-02-27,301,1,5,1,4,Seguridad ocupacional,Virtual,8,64.5,87.9
1895,2025-02-19,306,1,4,4,4,Buenas prácticas de almacenamiento,Presencial,8,26.04,84.5
1896,2025-02-23,326,1,1,15,4,Buenas prácticas de almacenamiento,Presencial,2,61.26,76.9
1897,2025-02-18,331,1,1,4,4,Buenas prácticas de almacenamiento,Presencial,2,54.97,76.9
1898,2025-02-14,334,1,1,11,3,Liderazgo de equipos,Virtual,4,79.13,89.3
1899,2025-02-22,340,5,13,27,4,Liderazgo de equipos,Presencial,8,72.58,100
1900,2025-02-27,355,1,5,2,3,Atención al cliente,Virtual,4,21.28,80.5
1901,2025-02-20,360,1,2,23,3,Excel y análisis de datos,Presencial,4,76.47,84.4
1902,2025-02-18,363,1,4,13,1,Liderazgo de equipos,Virtual,4,24.0,92.0
1903,2025-02-16,378,1,1,17,3,Liderazgo de equipos,Presencial,8,68.53,66.3
1904,2025-02-06,381,1,2,17,2,Buenas prácticas de almacenamiento,Presencial,2,54.78,80.6
1905,2025-02-14,389,1,3,6,3,Atención al cliente,Presencial,8,43.06,89.1
1906,2025-02-25,393,1,4,4,3,Liderazgo de equipos,Virtual,2,41.9,80.5
1907,2025-02-11,397,1,3,7,3,Atención al cliente,Virtual,2,39.66,91.6
1908,2025-02-18,398,5,14,27,2,Excel y análisis de datos,Virtual,4,54.06,87.4
1909,2025-02-18,400,1,1,1,2,Atención al cliente,Presencial,4,57.92,71.7
1910,2025-02-01,402,1,4,10,2,Liderazgo de equipos,Virtual,8,89.91,77.3
1911,2025-02-11,404,1,5,10,2,Liderazgo de equipos,Presencial,8,60.59,87.3
1912,2025-02-03,408,1,2,13,2,Liderazgo de equipos,Presencial,8,45.67,87.6
1913,2025-02-26,434,1,1,15,2,Seguridad ocupacional,Presencial,2,22.78,71.5
1914,2025-02-19,445,1,2,16,1,Seguridad ocupacional,Presencial,2,24.26,84.8
1915,2025-02-26,446,1,4,2,3,Seguridad ocupacional,Virtual,8,43.78,66.6
1916,2025-02-01,449,1,3,24,3,Seguridad ocupacional,Virtual,4,58.08,81.2
1917,2025-02-05,461,1,3,17,2,Seguridad ocupacional,Presencial,8,74.77,56.8
1918,2025-02-05,462,3,10,27,2,Buenas prácticas de almacenamiento,Virtual,2,51.35,83.7
1919,2025-02-10,463,1,1,15,3,Buenas prácticas de almacenamiento,Presencial,8,71.68,72.0
1920,2025-02-03,468,2,6,26,2,Atención al cliente,Presencial,4,47.34,83.1
1921,2025-02-20,472,1,1,9,3,Liderazgo de equipos,Virtual,4,54.9,71.6
1922,2025-02-24,479,1,1,5,3,Seguridad ocupacional,Virtual,4,39.28,79.6
1923,2025-02-15,521,1,4,13,1,Atención al cliente,Presencial,4,34.66,70.9
1924,2025-02-01,522,1,1,7,2,Atención al cliente,Virtual,2,79.34,74.8
1925,2025-02-15,534,1,2,22,3,Excel y análisis de datos,Virtual,2,41.4,80.5
1926,2025-02-15,536,1,1,21,3,Atención al cliente,Presencial,2,20.44,78.0
1927,2025-02-08,537,2,8,25,2,Seguridad ocupacional,Presencial,2,43.38,73.2
1928,2025-02-19,543,1,1,7,3,Excel y análisis de datos,Virtual,2,16.32,81.1
1929,2025-02-07,557,1,3,18,2,Atención al cliente,Virtual,4,43.7,100
1930,2025-02-21,564,2,6,26,2,Seguridad ocupacional,Virtual,2,65.7,90.4
1931,2025-02-11,589,1,1,4,3,Seguridad ocupacional,Virtual,2,40.67,98.6
1932,2025-02-28,607,1,1,8,1,Atención al cliente,Virtual,8,65.74,76.6
1933,2025-02-16,612,1,1,18,2,Seguridad ocupacional,Virtual,4,30.23,88.3
1934,2025-02-17,617,1,1,24,3,Seguridad ocupacional,Virtual,8,17.55,68.6
1935,2025-02-07,622,1,2,8,3,Liderazgo de equipos,Virtual,4,15.75,85.8
1936,2025-02-18,645,1,5,2,3,Liderazgo de equipos,Presencial,8,48.15,76.5
1937,2025-02-24,651,1,4,10,3,Liderazgo de equipos,Virtual,4,66.18,84.0
1938,2025-02-16,704,1,1,2,2,Excel y análisis de datos,Presencial,8,67.17,77.7
1939,2025-02-26,729,1,1,8,1,Excel y análisis de datos,Presencial,2,57.22,84.2
1940,2025-02-18,749,1,1,8,1,Excel y análisis de datos,Presencial,4,24.54,69.4
1941,2025-02-18,750,1,2,17,2,Atención al cliente,Presencial,8,64.15,79.5
1942,2025-02-16,780,1,1,8,3,Atención al cliente,Virtual,2,66.27,91.1
1943,2025-02-20,782,1,1,10,3,Buenas prácticas de almacenamiento,Presencial,4,58.7,88.2
1944,2025-02-19,785,1,2,15,3,Buenas prácticas de almacenamiento,Presencial,2,27.21,73.9
1945,2025-02-22,816,4,12,27,3,Excel y análisis de datos,Presencial,2,52.95,88.0
1946,2025-02-01,820,1,5,6,2,Seguridad ocupacional,Presencial,8,85.57,82.6
1947,2025-02-10,829,1,1,17,3,Atención al cliente,Virtual,2,59.09,85.9
1948,2025-02-02,848,1,1,12,2,Liderazgo de equipos,Virtual,2,36.38,72.8
1949,2025-02-11,870,1,2,5,2,Excel y análisis de datos,Virtual,4,81.83,88.8
1950,2025-02-20,872,2,6,25,3,Excel y análisis de datos,Virtual,2,73.36,86.1
1951,2025-02-10,897,1,4,10,2,Liderazgo de equipos,Presencial,2,33.29,95.1
1952,2025-03-19,26,1,1,14,4,Liderazgo de equipos,Presencial,8,71.13,77.2
1953,2025-03-24,27,1,4,22,4,Liderazgo de equipos,Virtual,8,77.29,74.6
1954,2025-03-17,41,1,2,17,4,Atención al cliente,Virtual,4,46.96,100
1955,2025-03-20,46,1,4,14,3,Atención al cliente,Presencial,2,54.93,84.1
1956,2025-03-12,48,1,5,12,4,Excel y análisis de datos,Presencial,8,83.01,86.2
1957,2025-03-27,49,1,3,19,4,Buenas prácticas de almacenamiento,Presencial,8,42.1,76.7
1958,2025-03-18,51,1,2,11,4,Buenas prácticas de almacenamiento,Virtual,4,74.81,86.7
1959,2025-03-23,72,1,1,21,4,Excel y análisis de datos,Virtual,8,32.3,82.7
1960,2025-03-11,78,3,9,27,4,Atención al cliente,Virtual,8,16.89,76.5
1961,2025-03-11,98,1,3,18,4,Buenas prácticas de almacenamiento,Presencial,4,22.39,87.7
1962,2025-03-03,99,1,2,5,4,Excel y análisis de datos,Virtual,8,87.32,90.4
1963,2025-03-13,129,1,1,21,4,Atención al cliente,Presencial,8,52.55,89.8
1964,2025-03-30,155,2,6,26,4,Buenas prácticas de almacenamiento,Virtual,4,58.2,80.4
1965,2025-03-25,161,1,3,22,4,Seguridad ocupacional,Virtual,2,89.62,72.0
1966,2025-03-24,176,1,1,6,4,Atención al cliente,Presencial,8,36.65,78.6
1967,2025-03-12,181,1,1,9,4,Liderazgo de equipos,Virtual,2,22.41,83.5
1968,2025-03-12,188,1,4,1,4,Atención al cliente,Virtual,4,52.22,86.6
1969,2025-03-08,191,1,3,7,4,Buenas prácticas de almacenamiento,Virtual,2,63.8,72.0
1970,2025-03-02,198,1,1,23,4,Atención al cliente,Virtual,8,65.22,96.0
1971,2025-03-16,203,4,12,27,3,Buenas prácticas de almacenamiento,Presencial,8,84.41,82.6
1972,2025-03-10,227,1,1,9,4,Seguridad ocupacional,Presencial,4,21.01,91.6
1973,2025-03-28,236,1,1,2,4,Atención al cliente,Presencial,8,70.72,77.5
1974,2025-03-09,241,1,1,14,3,Buenas prácticas de almacenamiento,Virtual,8,89.79,70.5
1975,2025-03-21,243,1,5,12,4,Liderazgo de equipos,Virtual,4,73.09,87.3
1976,2025-03-26,252,1,2,21,4,Seguridad ocupacional,Presencial,4,72.59,58.8
1977,2025-03-21,279,1,4,10,4,Seguridad ocupacional,Presencial,4,88.61,82.7
1978,2025-03-28,291,1,2,2,4,Excel y análisis de datos,Presencial,2,43.81,82.9
1979,2025-03-01,299,2,6,25,4,Buenas prácticas de almacenamiento,Presencial,4,18.7,83.9
1980,2025-03-06,306,1,4,4,4,Excel y análisis de datos,Virtual,8,70.87,89.2
1981,2025-03-23,340,5,13,27,4,Liderazgo de equipos,Presencial,8,52.77,80.4
1982,2025-03-17,343,1,1,15,4,Atención al cliente,Presencial,2,31.43,86.7
1983,2025-03-26,350,1,5,23,4,Liderazgo de equipos,Virtual,4,86.92,86.4
1984,2025-03-03,357,1,5,8,2,Seguridad ocupacional,Presencial,8,22.49,84.7
1985,2025-03-20,376,3,10,27,3,Buenas prácticas de almacenamiento,Virtual,2,74.51,77.8
1986,2025-03-19,377,1,5,16,1,Buenas prácticas de almacenamiento,Presencial,4,64.68,85.8
1987,2025-03-15,393,1,4,4,3,Buenas prácticas de almacenamiento,Virtual,2,54.72,91.7
1988,2025-03-30,402,1,4,10,2,Buenas prácticas de almacenamiento,Presencial,4,69.89,100
1989,2025-03-25,412,3,10,27,3,Liderazgo de equipos,Presencial,8,84.78,81.9
1990,2025-03-16,417,1,1,19,2,Liderazgo de equipos,Presencial,4,42.07,75.6
1991,2025-03-23,424,1,1,24,2,Seguridad ocupacional,Virtual,8,53.69,86.5
1992,2025-03-12,426,1,1,17,2,Buenas prácticas de almacenamiento,Presencial,4,22.32,72.3
1993,2025-03-25,428,1,2,15,3,Liderazgo de equipos,Virtual,4,65.28,80.4
1994,2025-03-26,445,1,2,16,1,Buenas prácticas de almacenamiento,Virtual,8,42.37,80.5
1995,2025-03-10,461,1,3,17,2,Seguridad ocupacional,Presencial,8,38.12,77.7
1996,2025-03-05,462,3,10,27,2,Buenas prácticas de almacenamiento,Presencial,8,31.39,71.4
1997,2025-03-05,463,1,1,15,3,Seguridad ocupacional,Presencial,4,17.98,74.5
1998,2025-03-24,475,3,9,27,3,Excel y análisis de datos,Virtual,4,37.8,71.0
1999,2025-03-13,479,1,1,5,3,Seguridad ocupacional,Virtual,8,76.43,80.4
2000,2025-03-29,481,1,1,20,3,Buenas prácticas de almacenamiento,Presencial,2,89.45,87.4
2001,2025-03-11,484,2,8,25,1,Liderazgo de equipos,Presencial,4,15.18,83.9
2002,2025-03-06,521,1,4,13,1,Excel y análisis de datos,Virtual,2,48.34,73.9
2003,2025-03-07,522,1,1,7,2,Liderazgo de equipos,Presencial,4,63.1,67.2
2004,2025-03-15,540,1,3,14,3,Seguridad ocupacional,Presencial,2,84.1,76.6
2005,2025-03-29,557,1,3,18,2,Excel y análisis de datos,Presencial,8,39.5,77.6
2006,2025-03-13,564,2,6,26,2,Atención al cliente,Presencial,2,48.1,85.7
2007,2025-03-30,569,3,10,27,2,Seguridad ocupacional,Virtual,8,83.61,80.6
2008,2025-03-15,572,1,5,23,3,Liderazgo de equipos,Virtual,2,43.59,85.5
2009,2025-03-31,574,1,3,22,3,Seguridad ocupacional,Virtual,2,70.73,74.9
2010,2025-03-13,586,1,1,23,3,Liderazgo de equipos,Virtual,4,59.59,77.9
2011,2025-03-28,593,1,2,13,1,Seguridad ocupacional,Virtual,2,60.34,65.8
2012,2025-03-20,601,1,1,23,2,Atención al cliente,Virtual,4,27.28,89.9
2013,2025-03-12,603,1,1,11,2,Buenas prácticas de almacenamiento,Virtual,2,58.64,89.2
2014,2025-03-30,606,1,1,6,1,Excel y análisis de datos,Presencial,8,60.01,81.2
2015,2025-03-12,609,1,3,16,3,Buenas prácticas de almacenamiento,Virtual,2,17.17,80.8
2016,2025-03-09,624,1,3,4,1,Liderazgo de equipos,Virtual,2,34.29,70.7
2017,2025-03-07,626,2,6,25,3,Liderazgo de equipos,Virtual,4,18.12,76.0
2018,2025-03-18,637,1,1,22,1,Atención al cliente,Presencial,8,65.11,96.6
2019,2025-03-25,638,1,5,24,3,Buenas prácticas de almacenamiento,Virtual,4,29.73,73.6
2020,2025-03-24,678,1,2,2,3,Atención al cliente,Virtual,2,60.84,63.6
2021,2025-03-15,701,1,4,7,2,Liderazgo de equipos,Virtual,2,73.52,76.0
2022,2025-03-16,711,4,12,27,2,Liderazgo de equipos,Virtual,8,69.97,83.6
2023,2025-03-13,725,1,4,18,2,Liderazgo de equipos,Virtual,4,57.39,75.7
2024,2025-03-06,749,1,1,8,2,Atención al cliente,Presencial,8,25.71,82.8
2025,2025-03-30,805,1,1,3,3,Buenas prácticas de almacenamiento,Presencial,2,50.05,84.6
2026,2025-03-20,812,1,4,4,3,Liderazgo de equipos,Presencial,8,37.84,72.8
2027,2025-03-01,821,2,7,26,3,Atención al cliente,Presencial,4,62.81,93.4
2028,2025-03-30,833,1,5,13,3,Atención al cliente,Virtual,2,51.66,77.7
2029,2025-03-03,860,1,5,7,2,Seguridad ocupacional,Virtual,4,84.16,79.3
2030,2025-03-28,870,1,2,5,2,Liderazgo de equipos,Presencial,4,45.97,90.4
2031,2025-03-30,872,2,6,25,3,Liderazgo de equipos,Virtual,2,45.49,68.9
2032,2025-03-07,880,1,2,22,2,Buenas prácticas de almacenamiento,Virtual,2,65.56,95.1
2033,2025-03-05,897,1,4,10,2,Excel y análisis de datos,Presencial,2,79.08,70.6
2034,2025-03-07,898,1,1,7,1,Excel y análisis de datos,Presencial,8,59.25,81.4
2035,2025-04-20,3,1,4,11,4,Seguridad ocupacional,Presencial,8,19.86,94.4
2036,2025-04-14,9,1,1,11,4,Excel y análisis de datos,Presencial,4,19.93,79.1
2037,2025-04-28,20,1,2,24,4,Excel y análisis de datos,Presencial,4,83.54,64.3
2038,2025-04-08,21,1,3,21,4,Excel y análisis de datos,Virtual,2,19.09,88.4
2039,2025-04-19,36,1,3,20,4,Seguridad ocupacional,Virtual,2,52.08,77.9
2040,2025-04-15,40,1,1,3,4,Liderazgo de equipos,Presencial,2,74.57,71.6
2041,2025-04-09,56,1,3,17,4,Atención al cliente,Presencial,2,39.11,99.5
2042,2025-04-14,59,1,4,7,4,Excel y análisis de datos,Presencial,4,39.45,84.6
2043,2025-04-29,65,1,3,20,4,Seguridad ocupacional,Virtual,4,20.82,75.8
2044,2025-04-01,93,1,4,14,4,Excel y análisis de datos,Virtual,4,24.62,74.6
2045,2025-04-03,96,1,1,12,4,Seguridad ocupacional,Presencial,8,18.09,61.6
2046,2025-04-03,102,1,1,14,4,Liderazgo de equipos,Virtual,4,79.53,87.1
2047,2025-04-29,104,4,11,27,4,Excel y análisis de datos,Presencial,8,16.95,100
2048,2025-04-06,135,1,4,18,4,Buenas prácticas de almacenamiento,Presencial,2,35.56,95.6
2049,2025-04-24,160,1,3,19,4,Buenas prácticas de almacenamiento,Virtual,2,29.64,76.4
2050,2025-04-26,166,1,1,5,4,Buenas prácticas de almacenamiento,Presencial,2,28.89,82.0
2051,2025-04-07,168,1,3,6,4,Buenas prácticas de almacenamiento,Virtual,4,42.32,81.6
2052,2025-04-05,180,1,3,6,4,Excel y análisis de datos,Presencial,8,80.32,70.9
2053,2025-04-25,186,1,1,11,4,Atención al cliente,Virtual,2,50.28,95.3
2054,2025-04-23,187,1,3,20,4,Liderazgo de equipos,Virtual,8,21.79,88.6
2055,2025-04-22,188,1,4,1,4,Buenas prácticas de almacenamiento,Presencial,8,15.58,79.1
2056,2025-04-02,195,1,2,14,4,Buenas prácticas de almacenamiento,Presencial,2,58.24,96.1
2057,2025-04-13,214,1,4,4,4,Atención al cliente,Presencial,8,56.52,82.6
2058,2025-04-18,216,1,4,20,3,Excel y análisis de datos,Virtual,4,17.7,91.4
2059,2025-04-05,236,1,1,2,4,Buenas prácticas de almacenamiento,Presencial,2,45.08,86.8
2060,2025-04-06,242,1,1,2,4,Excel y análisis de datos,Virtual,8,72.46,88.0
2061,2025-04-03,243,1,5,12,4,Buenas prácticas de almacenamiento,Virtual,2,21.63,79.9
2062,2025-04-14,247,1,5,17,4,Buenas prácticas de almacenamiento,Virtual,2,69.07,80.6
2063,2025-04-18,257,1,2,22,4,Atención al cliente,Presencial,2,84.01,64.4
2064,2025-04-21,266,1,2,18,4,Buenas prácticas de almacenamiento,Virtual,4,30.67,78.1
2065,2025-04-14,269,1,1,8,4,Liderazgo de equipos,Virtual,2,81.14,78.6
2066,2025-04-29,278,1,1,5,4,Seguridad ocupacional,Presencial,2,23.33,79.4
2067,2025-04-02,279,1,4,10,4,Excel y análisis de datos,Virtual,2,48.3,73.5
2068,2025-04-16,295,1,5,18,4,Seguridad ocupacional,Virtual,8,89.27,83.7
2069,2025-04-21,301,1,5,1,4,Atención al cliente,Presencial,2,33.66,90.5
2070,2025-04-25,307,1,5,2,3,Buenas prácticas de almacenamiento,Virtual,8,77.09,87.9
2071,2025-04-03,314,2,7,25,4,Seguridad ocupacional,Virtual,4,27.83,87.1
2072,2025-04-22,321,6,16,27,4,Seguridad ocupacional,Presencial,8,18.65,76.1
2073,2025-04-25,327,3,9,27,4,Buenas prácticas de almacenamiento,Presencial,2,30.41,68.1
2074,2025-04-07,331,1,1,4,4,Atención al cliente,Presencial,8,56.31,89.6
2075,2025-04-03,333,5,14,27,4,Atención al cliente,Virtual,4,83.28,72.5
2076,2025-04-09,357,1,5,8,2,Buenas prácticas de almacenamiento,Presencial,2,48.13,70.7
2077,2025-04-27,366,1,1,7,1,Seguridad ocupacional,Virtual,2,77.34,76.6
2078,2025-04-08,376,3,10,27,3,Seguridad ocupacional,Presencial,2,78.28,88.8
2079,2025-04-03,381,1,2,17,2,Excel y análisis de datos,Virtual,4,74.44,83.0
2080,2025-04-29,404,1,5,10,3,Buenas prácticas de almacenamiento,Presencial,8,20.5,84.3
2081,2025-04-09,414,1,2,19,2,Liderazgo de equipos,Virtual,2,50.49,80.5
2082,2025-04-12,416,1,1,8,3,Liderazgo de equipos,Presencial,2,30.64,80.5
2083,2025-04-06,424,1,1,24,2,Seguridad ocupacional,Presencial,4,50.33,74.0
2084,2025-04-10,438,2,6,25,1,Buenas prácticas de almacenamiento,Virtual,2,57.01,72.4
2085,2025-04-12,449,1,3,24,3,Buenas prácticas de almacenamiento,Presencial,4,35.73,77.5
2086,2025-04-13,463,1,1,15,3,Buenas prácticas de almacenamiento,Virtual,4,59.46,91.1
2087,2025-04-10,481,1,1,20,3,Atención al cliente,Presencial,8,69.79,79.2
2088,2025-04-17,495,1,2,9,2,Buenas prácticas de almacenamiento,Presencial,4,21.84,77.9
2089,2025-04-17,518,5,14,27,1,Excel y análisis de datos,Virtual,2,77.25,80.0
2090,2025-04-18,536,1,1,21,3,Excel y análisis de datos,Presencial,4,34.35,69.9
2091,2025-04-01,548,2,6,26,2,Liderazgo de equipos,Presencial,2,89.32,77.6
2092,2025-04-21,563,1,3,13,2,Buenas prácticas de almacenamiento,Presencial,8,57.43,95.1
2093,2025-04-05,603,1,1,11,2,Liderazgo de equipos,Virtual,4,69.18,87.6
2094,2025-04-14,605,1,4,16,3,Buenas prácticas de almacenamiento,Virtual,4,81.33,68.7
2095,2025-04-19,607,1,1,8,1,Buenas prácticas de almacenamiento,Virtual,8,26.46,89.4
2096,2025-04-12,610,1,5,19,2,Seguridad ocupacional,Virtual,8,77.21,65.7
2097,2025-04-15,617,1,1,24,3,Buenas prácticas de almacenamiento,Virtual,8,72.04,81.5
2098,2025-04-12,639,2,6,25,1,Liderazgo de equipos,Virtual,8,48.21,84.2
2099,2025-04-10,648,1,5,12,3,Buenas prácticas de almacenamiento,Virtual,4,39.91,92.2
2100,2025-04-10,656,4,12,27,3,Excel y análisis de datos,Virtual,2,40.74,75.2
2101,2025-04-28,667,2,6,25,2,Seguridad ocupacional,Virtual,8,29.23,96.9
2102,2025-04-17,670,2,6,25,2,Seguridad ocupacional,Presencial,2,80.84,67.0
2103,2025-04-04,678,1,2,2,3,Excel y análisis de datos,Virtual,8,59.95,92.0
2104,2025-04-16,699,1,4,11,3,Buenas prácticas de almacenamiento,Presencial,4,37.61,75.9
2105,2025-04-30,701,1,4,7,2,Atención al cliente,Presencial,8,82.49,78.0
2106,2025-04-09,704,1,1,2,3,Excel y análisis de datos,Virtual,2,25.67,81.0
2107,2025-04-05,716,1,4,8,3,Excel y análisis de datos,Virtual,4,32.06,78.3
2108,2025-04-16,721,1,3,24,3,Atención al cliente,Virtual,8,82.16,82.1
2109,2025-04-23,725,1,4,18,2,Buenas prácticas de almacenamiento,Presencial,8,89.53,85.4
2110,2025-04-21,727,2,6,26,2,Excel y análisis de datos,Virtual,4,56.74,80.8
2111,2025-04-14,750,1,2,17,2,Seguridad ocupacional,Virtual,2,86.87,74.9
2112,2025-04-16,755,1,1,4,2,Atención al cliente,Virtual,4,50.94,78.0
2113,2025-04-08,782,1,1,10,3,Liderazgo de equipos,Virtual,2,20.57,79.9
2114,2025-04-06,821,2,7,26,3,Liderazgo de equipos,Presencial,2,78.74,83.6
2115,2025-04-12,829,1,1,17,3,Excel y análisis de datos,Presencial,8,73.81,78.7
2116,2025-04-26,834,1,2,4,1,Excel y análisis de datos,Presencial,8,47.12,86.7
2117,2025-04-20,840,1,4,24,3,Atención al cliente,Presencial,2,45.44,80.9
2118,2025-04-12,851,1,1,14,2,Buenas prácticas de almacenamiento,Virtual,8,46.21,80.4
2119,2025-04-05,852,1,2,18,3,Atención al cliente,Presencial,2,68.02,87.3
2120,2025-04-28,857,2,8,26,1,Excel y análisis de datos,Virtual,2,25.23,85.0
2121,2025-04-18,858,1,4,14,3,Excel y análisis de datos,Virtual,8,69.2,97.0
2122,2025-04-18,860,1,5,7,2,Buenas prácticas de almacenamiento,Presencial,2,38.73,69.7
2123,2025-04-24,874,1,3,11,3,Excel y análisis de datos,Presencial,8,17.15,100
2124,2025-04-07,890,1,4,22,3,Seguridad ocupacional,Virtual,2,71.48,87.4
2125,2025-04-05,897,1,4,10,2,Liderazgo de equipos,Virtual,4,88.94,78.5
2126,2025-04-06,898,1,1,7,2,Excel y análisis de datos,Presencial,4,30.39,95.9
2127,2025-05-03,3,1,4,11,4,Buenas prácticas de almacenamiento,Virtual,2,28.71,77.1
2128,2025-05-22,49,1,3,19,4,Seguridad ocupacional,Virtual,8,45.14,71.5
2129,2025-05-13,50,2,7,26,4,Atención al cliente,Virtual,4,81.59,97.6
2130,2025-05-19,52,1,4,19,3,Seguridad ocupacional,Presencial,2,56.72,64.2
2131,2025-05-20,56,1,3,17,4,Liderazgo de equipos,Virtual,2,46.23,74.0
2132,2025-05-09,68,1,2,7,4,Seguridad ocupacional,Virtual,4,39.94,92.3
2133,2025-05-02,75,1,5,18,3,Atención al cliente,Virtual,2,69.74,87.3
2134,2025-05-03,100,1,4,23,4,Liderazgo de equipos,Virtual,4,45.13,90.6
2135,2025-05-20,112,1,1,9,4,Buenas prácticas de almacenamiento,Virtual,8,35.58,93.0
2136,2025-05-05,126,1,1,12,4,Liderazgo de equipos,Virtual,2,67.48,81.4
2137,2025-05-28,137,1,1,8,4,Atención al cliente,Virtual,2,37.49,83.8
2138,2025-05-15,158,1,4,23,3,Atención al cliente,Virtual,8,52.11,100
2139,2025-05-24,171,1,4,4,4,Atención al cliente,Virtual,4,81.17,70.2
2140,2025-05-18,193,1,4,21,4,Buenas prácticas de almacenamiento,Presencial,2,31.58,97.7
2141,2025-05-25,213,1,4,14,4,Seguridad ocupacional,Presencial,8,46.02,77.6
2142,2025-05-03,221,1,2,11,4,Atención al cliente,Virtual,4,28.05,75.3
2143,2025-05-01,222,1,2,4,4,Liderazgo de equipos,Presencial,4,74.63,95.2
2144,2025-05-15,227,1,1,9,4,Excel y análisis de datos,Presencial,2,86.87,90.4
2145,2025-05-29,229,2,8,25,4,Excel y análisis de datos,Presencial,4,19.69,81.6
2146,2025-05-22,266,1,2,18,4,Buenas prácticas de almacenamiento,Virtual,8,23.16,94.9
2147,2025-05-22,278,1,1,5,4,Seguridad ocupacional,Virtual,8,60.53,81.8
2148,2025-05-22,283,1,5,12,4,Buenas prácticas de almacenamiento,Virtual,8,52.41,84.0
2149,2025-05-10,289,1,3,1,4,Seguridad ocupacional,Virtual,2,18.4,95.8
2150,2025-05-26,295,1,5,18,4,Seguridad ocupacional,Virtual,2,56.62,92.3
2151,2025-05-17,303,1,1,24,3,Liderazgo de equipos,Presencial,8,26.02,73.1
2152,2025-05-12,329,2,6,26,4,Excel y análisis de datos,Virtual,4,63.49,74.5
2153,2025-05-10,332,1,5,23,4,Atención al cliente,Presencial,4,33.71,81.6
2154,2025-05-27,343,1,1,15,4,Excel y análisis de datos,Virtual,2,16.63,69.3
2155,2025-05-29,349,6,15,27,4,Atención al cliente,Presencial,4,87.38,85.0
2156,2025-05-17,351,1,1,11,3,Seguridad ocupacional,Virtual,8,17.78,76.6
2157,2025-05-18,361,1,1,4,2,Liderazgo de equipos,Presencial,8,67.22,92.1
2158,2025-05-11,381,1,2,17,2,Excel y análisis de datos,Virtual,4,27.85,98.5
2159,2025-05-29,384,2,6,25,3,Liderazgo de equipos,Virtual,4,70.52,90.6
2160,2025-05-15,390,1,4,12,3,Seguridad ocupacional,Virtual,2,27.03,85.2
2161,2025-05-17,397,1,3,7,3,Liderazgo de equipos,Presencial,8,28.94,86.3
2162,2025-05-26,406,1,3,4,2,Atención al cliente,Virtual,8,17.72,91.4
2163,2025-05-24,410,1,1,21,2,Excel y análisis de datos,Virtual,8,77.54,79.8
2164,2025-05-27,425,1,1,7,2,Buenas prácticas de almacenamiento,Presencial,2,18.51,79.9
2165,2025-05-01,434,1,1,15,2,Seguridad ocupacional,Presencial,8,53.77,85.7
2166,2025-05-04,442,1,1,2,1,Atención al cliente,Presencial,2,27.01,83.2
2167,2025-05-19,449,1,3,24,3,Atención al cliente,Virtual,2,80.21,74.9
2168,2025-05-06,463,1,1,15,3,Seguridad ocupacional,Presencial,4,65.0,76.2
2169,2025-05-06,471,1,2,2,3,Liderazgo de equipos,Presencial,2,41.88,75.5
2170,2025-05-19,472,1,1,9,3,Seguridad ocupacional,Virtual,4,38.56,68.2
2171,2025-05-22,479,1,1,5,3,Excel y análisis de datos,Presencial,4,51.12,80.4
2172,2025-05-13,503,1,3,16,3,Buenas prácticas de almacenamiento,Virtual,2,41.74,77.3
2173,2025-05-26,506,2,6,25,2,Buenas prácticas de almacenamiento,Presencial,2,60.54,81.8
2174,2025-05-07,510,5,14,27,3,Buenas prácticas de almacenamiento,Virtual,2,63.84,88.9
2175,2025-05-04,513,1,1,23,2,Atención al cliente,Presencial,4,86.25,93.0
2176,2025-05-02,524,6,15,27,3,Buenas prácticas de almacenamiento,Virtual,2,66.92,80.3
2177,2025-05-18,529,1,3,24,1,Seguridad ocupacional,Presencial,2,81.18,96.9
2178,2025-05-15,549,1,1,23,3,Seguridad ocupacional,Virtual,4,33.19,79.5
2179,2025-05-18,556,1,1,7,2,Buenas prácticas de almacenamiento,Presencial,2,81.81,89.4
2180,2025-05-07,561,1,1,15,2,Buenas prácticas de almacenamiento,Virtual,4,74.95,84.6
2181,2025-05-30,579,1,1,2,3,Excel y análisis de datos,Virtual,4,70.08,72.2
2182,2025-05-24,582,1,4,12,1,Buenas prácticas de almacenamiento,Virtual,8,81.14,68.5
2183,2025-05-28,586,1,1,23,3,Excel y análisis de datos,Virtual,8,24.15,87.9
2184,2025-05-20,596,2,6,26,2,Atención al cliente,Virtual,8,29.83,78.3
2185,2025-05-26,605,1,4,16,3,Liderazgo de equipos,Virtual,2,15.95,88.0
2186,2025-05-03,610,1,5,19,2,Buenas prácticas de almacenamiento,Virtual,2,32.83,77.5
2187,2025-05-03,617,1,1,24,3,Excel y análisis de datos,Virtual,8,36.1,70.9
2188,2025-05-17,624,1,3,4,2,Buenas prácticas de almacenamiento,Presencial,4,63.22,80.9
2189,2025-05-28,637,1,1,22,2,Liderazgo de equipos,Presencial,4,51.99,87.8
2190,2025-05-31,638,1,5,24,3,Atención al cliente,Presencial,8,53.07,84.7
2191,2025-05-16,640,1,1,3,1,Seguridad ocupacional,Virtual,4,23.63,85.1
2192,2025-05-14,645,1,5,2,3,Buenas prácticas de almacenamiento,Virtual,2,43.64,73.9
2193,2025-05-03,647,1,1,5,3,Buenas prácticas de almacenamiento,Presencial,8,25.89,81.7
2194,2025-05-12,650,1,3,9,1,Buenas prácticas de almacenamiento,Presencial,4,81.22,89.9
2195,2025-05-01,656,4,12,27,3,Buenas prácticas de almacenamiento,Virtual,8,74.77,62.2
2196,2025-05-25,665,1,4,16,3,Liderazgo de equipos,Virtual,2,82.5,85.7
2197,2025-05-14,708,4,12,27,3,Liderazgo de equipos,Virtual,2,29.46,75.0
2198,2025-05-18,735,4,12,27,3,Liderazgo de equipos,Presencial,2,22.53,94.4
2199,2025-05-07,771,1,1,7,1,Buenas prácticas de almacenamiento,Virtual,2,64.23,76.3
2200,2025-05-04,780,1,1,8,3,Buenas prácticas de almacenamiento,Virtual,2,31.97,91.0
2201,2025-05-29,812,1,4,4,3,Excel y análisis de datos,Presencial,4,30.98,88.7
2202,2025-05-23,824,1,1,11,3,Excel y análisis de datos,Presencial,4,58.49,69.8
2203,2025-05-11,829,1,1,17,3,Buenas prácticas de almacenamiento,Presencial,4,27.04,94.6
2204,2025-05-10,834,1,2,4,1,Excel y análisis de datos,Presencial,2,61.21,85.0
2205,2025-05-24,850,1,3,22,2,Buenas prácticas de almacenamiento,Virtual,4,23.55,84.9
2206,2025-05-01,851,1,1,14,2,Seguridad ocupacional,Presencial,4,53.26,75.6
2207,2025-05-12,860,1,5,7,2,Seguridad ocupacional,Virtual,8,62.36,92.9
2208,2025-05-26,869,1,1,20,3,Excel y análisis de datos,Presencial,4,60.82,76.6
2209,2025-05-31,884,1,5,24,3,Liderazgo de equipos,Virtual,8,67.06,68.1
2210,2025-05-27,887,1,2,10,3,Buenas prácticas de almacenamiento,Virtual,4,73.14,89.5
2211,2025-05-14,889,1,1,21,2,Buenas prácticas de almacenamiento,Virtual,2,17.64,81.4
2212,2025-05-14,890,1,4,22,3,Seguridad ocupacional,Presencial,8,75.7,88.0
2213,2025-05-30,895,1,3,15,3,Excel y análisis de datos,Presencial,2,86.3,93.6
2214,2025-05-03,898,1,1,7,2,Buenas prácticas de almacenamiento,Virtual,4,62.66,76.6
2215,2025-06-28,2,2,7,25,4,Atención al cliente,Virtual,2,20.92,95.2
2216,2025-06-04,13,1,5,8,3,Excel y análisis de datos,Virtual,2,25.7,98.1
2217,2025-06-18,14,1,4,19,4,Seguridad ocupacional,Virtual,8,41.25,94.2
2218,2025-06-22,44,1,1,23,4,Buenas prácticas de almacenamiento,Presencial,8,33.15,80.9
2219,2025-06-24,51,1,2,11,4,Liderazgo de equipos,Presencial,8,45.98,83.5
2220,2025-06-03,58,1,3,10,4,Excel y análisis de datos,Presencial,4,44.31,93.7
2221,2025-06-05,59,1,4,7,4,Buenas prácticas de almacenamiento,Virtual,2,61.09,79.2
2222,2025-06-17,70,2,6,26,4,Liderazgo de equipos,Presencial,8,28.59,88.3
2223,2025-06-23,84,1,3,9,4,Buenas prácticas de almacenamiento,Virtual,2,83.31,76.2
2224,2025-06-15,99,1,2,5,4,Seguridad ocupacional,Virtual,4,38.41,93.4
2225,2025-06-08,101,5,13,27,3,Atención al cliente,Presencial,4,71.73,59.0
2226,2025-06-07,102,1,1,14,4,Atención al cliente,Presencial,4,39.73,84.6
2227,2025-06-11,110,1,3,8,4,Excel y análisis de datos,Presencial,2,75.3,91.1
2228,2025-06-19,124,1,1,15,4,Atención al cliente,Virtual,8,31.06,72.1
2229,2025-06-14,128,1,2,2,4,Buenas prácticas de almacenamiento,Presencial,8,20.83,67.4
2230,2025-06-07,145,1,2,1,4,Atención al cliente,Presencial,4,89.16,94.4
2231,2025-06-06,165,1,2,3,4,Liderazgo de equipos,Virtual,4,42.8,77.3
2232,2025-06-17,166,1,1,5,4,Liderazgo de equipos,Presencial,8,50.12,75.7
2233,2025-06-05,186,1,1,11,4,Liderazgo de equipos,Presencial,4,38.12,85.6
2234,2025-06-08,190,6,16,27,4,Atención al cliente,Presencial,8,49.5,88.7
2235,2025-06-01,198,1,1,23,4,Excel y análisis de datos,Presencial,2,72.98,80.9
2236,2025-06-15,266,1,2,18,4,Atención al cliente,Virtual,8,23.77,74.0
2237,2025-06-08,268,1,5,10,4,Atención al cliente,Presencial,8,75.81,78.7
2238,2025-06-18,280,1,4,13,3,Buenas prácticas de almacenamiento,Virtual,2,51.21,62.2
2239,2025-06-19,283,1,5,12,4,Excel y análisis de datos,Virtual,2,52.37,97.4
2240,2025-06-20,285,5,14,27,3,Buenas prácticas de almacenamiento,Presencial,4,81.59,72.6
2241,2025-06-10,292,2,6,26,4,Atención al cliente,Virtual,8,24.0,96.8
2242,2025-06-12,294,1,1,1,3,Seguridad ocupacional,Presencial,2,18.84,83.8
2243,2025-06-25,321,6,16,27,4,Excel y análisis de datos,Presencial,8,62.3,84.0
2244,2025-06-02,324,1,1,15,4,Buenas prácticas de almacenamiento,Virtual,8,19.21,89.8
2245,2025-06-01,333,5,14,27,4,Liderazgo de equipos,Presencial,2,21.86,85.3
2246,2025-06-11,341,1,1,7,4,Excel y análisis de datos,Virtual,2,22.3,95.5
2247,2025-06-27,384,2,6,25,3,Liderazgo de equipos,Virtual,2,89.36,84.7
2248,2025-06-15,406,1,3,4,2,Buenas prácticas de almacenamiento,Presencial,8,66.96,76.0
2249,2025-06-12,426,1,1,17,2,Excel y análisis de datos,Presencial,8,46.43,88.3
2250,2025-06-22,428,1,2,15,3,Excel y análisis de datos,Virtual,8,44.97,90.4
2251,2025-06-23,444,1,3,16,1,Excel y análisis de datos,Presencial,2,51.98,67.7
2252,2025-06-23,456,1,2,15,2,Excel y análisis de datos,Virtual,8,48.71,70.7
2253,2025-06-30,457,1,5,9,3,Atención al cliente,Virtual,4,45.66,72.2
2254,2025-06-10,471,1,2,2,3,Excel y análisis de datos,Virtual,8,65.69,64.0
2255,2025-06-01,497,1,1,14,2,Seguridad ocupacional,Presencial,8,58.38,65.8
2256,2025-06-01,521,1,4,13,2,Buenas prácticas de almacenamiento,Presencial,2,84.36,100
2257,2025-06-12,524,6,15,27,3,Excel y análisis de datos,Presencial,2,36.83,75.2
2258,2025-06-27,529,1,3,24,2,Liderazgo de equipos,Presencial,4,15.35,79.8
2259,2025-06-14,549,1,1,23,3,Excel y análisis de datos,Presencial,8,72.44,84.0
2260,2025-06-01,556,1,1,7,2,Buenas prácticas de almacenamiento,Virtual,4,22.13,85.0
2261,2025-06-10,560,1,1,6,1,Excel y análisis de datos,Presencial,8,16.39,89.5
2262,2025-06-24,562,1,2,19,1,Liderazgo de equipos,Virtual,4,89.05,73.5
2263,2025-06-23,567,1,3,12,3,Liderazgo de equipos,Virtual,8,21.3,74.6
2264,2025-06-06,571,1,3,12,3,Buenas prácticas de almacenamiento,Presencial,2,57.69,85.4
2265,2025-06-30,576,1,1,11,2,Seguridad ocupacional,Presencial,8,49.83,79.1
2266,2025-06-20,579,1,1,2,3,Seguridad ocupacional,Virtual,4,55.79,70.6
2267,2025-06-05,615,1,2,3,2,Buenas prácticas de almacenamiento,Presencial,4,80.0,76.1
2268,2025-06-16,630,1,1,20,3,Buenas prácticas de almacenamiento,Virtual,8,56.44,76.3
2269,2025-06-04,636,1,5,4,1,Atención al cliente,Presencial,2,34.86,91.0
2270,2025-06-12,637,1,1,22,2,Excel y análisis de datos,Virtual,4,86.06,68.6
2271,2025-06-19,650,1,3,9,2,Excel y análisis de datos,Presencial,4,16.58,84.3
2272,2025-06-04,652,1,1,10,2,Seguridad ocupacional,Virtual,2,81.48,95.6
2273,2025-06-01,667,2,6,25,2,Excel y análisis de datos,Presencial,4,62.43,79.0
2274,2025-06-02,699,1,4,11,3,Liderazgo de equipos,Presencial,4,50.54,78.6
2275,2025-06-23,701,1,4,7,2,Atención al cliente,Virtual,2,39.83,68.9
2276,2025-06-10,713,1,1,5,2,Liderazgo de equipos,Presencial,4,52.74,96.5
2277,2025-06-01,735,4,12,27,3,Excel y análisis de datos,Presencial,4,25.76,76.6
2278,2025-06-12,767,2,6,25,3,Seguridad ocupacional,Virtual,4,71.33,78.0
2279,2025-06-23,783,1,4,8,2,Seguridad ocupacional,Presencial,8,59.9,76.7
2280,2025-06-02,826,1,1,15,3,Excel y análisis de datos,Presencial,8,44.8,79.3
2281,2025-06-20,830,1,1,24,2,Seguridad ocupacional,Virtual,8,27.87,92.9
2282,2025-06-30,834,1,2,4,1,Buenas prácticas de almacenamiento,Virtual,8,18.99,97.3
2283,2025-06-23,840,1,4,24,3,Liderazgo de equipos,Virtual,4,62.05,77.7
2284,2025-06-07,848,1,1,12,3,Buenas prácticas de almacenamiento,Presencial,2,48.22,84.4
2285,2025-06-13,850,1,3,22,2,Buenas prácticas de almacenamiento,Presencial,4,67.16,87.4
2286,2025-06-05,851,1,1,14,2,Buenas prácticas de almacenamiento,Virtual,2,61.89,95.2
2287,2025-06-25,858,1,4,14,3,Buenas prácticas de almacenamiento,Virtual,2,22.95,77.5
2288,2025-06-23,871,1,1,23,1,Atención al cliente,Virtual,4,89.16,74.7
2289,2025-06-11,872,2,6,25,3,Excel y análisis de datos,Presencial,2,36.29,77.7
2290,2025-06-08,884,1,5,24,3,Excel y análisis de datos,Presencial,8,47.5,73.5
2291,2025-06-21,886,5,13,27,2,Seguridad ocupacional,Presencial,8,83.18,73.2
2292,2025-06-11,887,1,2,10,3,Seguridad ocupacional,Virtual,8,25.87,62.1
2293,2025-07-11,3,1,4,11,4,Excel y análisis de datos,Virtual,4,79.81,88.0
2294,2025-07-29,14,1,4,19,4,Excel y análisis de datos,Presencial,4,59.23,73.1
2295,2025-07-18,25,1,3,11,4,Liderazgo de equipos,Virtual,4,43.54,90.5
2296,2025-07-08,29,1,1,9,4,Excel y análisis de datos,Virtual,4,61.86,75.0
2297,2025-07-27,30,2,8,25,4,Liderazgo de equipos,Presencial,2,40.49,100
2298,2025-07-05,47,1,1,5,4,Atención al cliente,Presencial,8,43.42,86.8
2299,2025-07-01,49,1,3,19,4,Seguridad ocupacional,Presencial,2,24.77,88.7
2300,2025-07-09,68,1,2,7,4,Liderazgo de equipos,Virtual,4,29.6,60.9
2301,2025-07-14,70,2,6,26,4,Excel y análisis de datos,Virtual,2,15.83,75.7
2302,2025-07-03,88,1,3,19,4,Atención al cliente,Virtual,4,15.61,87.2
2303,2025-07-28,106,1,4,6,4,Excel y análisis de datos,Virtual,4,64.0,72.7
2304,2025-07-20,112,1,1,9,4,Excel y análisis de datos,Virtual,8,68.92,84.4
2305,2025-07-05,123,1,4,17,4,Atención al cliente,Virtual,4,59.23,75.0
2306,2025-07-04,198,1,1,23,4,Excel y análisis de datos,Virtual,2,26.17,79.4
2307,2025-07-05,208,2,6,25,4,Liderazgo de equipos,Presencial,4,32.09,93.0
2308,2025-07-11,212,1,2,12,4,Liderazgo de equipos,Presencial,2,85.22,77.5
2309,2025-07-02,236,1,1,2,4,Buenas prácticas de almacenamiento,Presencial,2,74.46,92.2
2310,2025-07-25,241,1,1,14,3,Excel y análisis de datos,Virtual,4,69.37,68.1
2311,2025-07-09,242,1,1,2,4,Atención al cliente,Virtual,2,69.39,88.7
2312,2025-07-14,261,1,5,23,4,Buenas prácticas de almacenamiento,Virtual,2,80.71,77.5
2313,2025-07-04,269,1,1,8,4,Excel y análisis de datos,Presencial,4,57.84,91.3
2314,2025-07-19,283,1,5,12,4,Atención al cliente,Presencial,4,31.83,87.4
2315,2025-07-01,285,5,14,27,3,Seguridad ocupacional,Presencial,2,71.19,92.6
2316,2025-07-04,290,1,3,3,4,Atención al cliente,Presencial,2,76.89,88.7
2317,2025-07-20,297,1,5,5,4,Buenas prácticas de almacenamiento,Presencial,4,34.26,85.4
2318,2025-07-13,303,1,1,24,3,Buenas prácticas de almacenamiento,Virtual,4,37.97,79.4
2319,2025-07-21,307,1,5,2,4,Atención al cliente,Presencial,4,35.07,83.6
2320,2025-07-17,314,2,7,25,4,Atención al cliente,Presencial,2,47.62,76.6
2321,2025-07-15,322,6,16,27,3,Excel y análisis de datos,Presencial,8,51.03,74.8
2322,2025-07-24,326,1,1,15,4,Excel y análisis de datos,Presencial,2,18.95,78.8
2323,2025-07-17,341,1,1,7,4,Excel y análisis de datos,Virtual,2,21.72,63.1
2324,2025-07-29,348,1,4,13,4,Seguridad ocupacional,Presencial,2,58.09,77.9
2325,2025-07-22,350,1,5,23,4,Excel y análisis de datos,Virtual,8,30.13,75.2
2326,2025-07-20,371,1,5,8,2,Liderazgo de equipos,Virtual,2,82.46,72.2
2327,2025-07-23,376,3,10,27,3,Excel y análisis de datos,Virtual,4,63.8,93.3
2328,2025-07-19,394,1,3,4,3,Liderazgo de equipos,Presencial,8,59.32,62.0
2329,2025-07-26,397,1,3,7,3,Atención al cliente,Presencial,2,71.29,65.5
2330,2025-07-30,398,5,14,27,3,Buenas prácticas de almacenamiento,Presencial,2,23.55,86.6
2331,2025-07-13,400,1,1,1,3,Seguridad ocupacional,Virtual,8,84.8,90.8
2332,2025-07-23,406,1,3,4,2,Liderazgo de equipos,Virtual,4,55.39,78.7
2333,2025-07-27,408,1,2,13,2,Excel y análisis de datos,Presencial,8,80.99,78.1
2334,2025-07-30,410,1,1,21,2,Seguridad ocupacional,Virtual,2,79.66,84.6
2335,2025-07-19,416,1,1,8,3,Excel y análisis de datos,Presencial,8,52.4,79.3
2336,2025-07-13,417,1,1,19,2,Buenas prácticas de almacenamiento,Virtual,8,64.5,100
2337,2025-07-30,421,1,1,13,3,Atención al cliente,Presencial,4,64.63,100
2338,2025-07-19,425,1,1,7,2,Liderazgo de equipos,Presencial,2,42.28,92.7
2339,2025-07-08,429,1,1,13,2,Excel y análisis de datos,Presencial,2,88.21,93.5
2340,2025-07-02,435,1,4,7,3,Liderazgo de equipos,Virtual,2,20.43,73.5
2341,2025-07-14,444,1,3,16,1,Buenas prácticas de almacenamiento,Presencial,8,76.08,76.9
2342,2025-07-23,466,2,7,26,1,Buenas prácticas de almacenamiento,Presencial,4,89.23,90.8
2343,2025-07-14,471,1,2,2,3,Excel y análisis de datos,Presencial,8,22.13,92.6
2344,2025-07-13,490,3,10,27,3,Buenas prácticas de almacenamiento,Virtual,8,20.72,79.0
2345,2025-07-30,496,1,5,5,3,Atención al cliente,Virtual,4,44.81,91.7
2346,2025-07-23,498,1,1,18,3,Excel y análisis de datos,Presencial,8,60.25,85.0
2347,2025-07-04,502,1,1,4,2,Seguridad ocupacional,Virtual,2,57.59,83.6
2348,2025-07-01,518,5,14,27,2,Seguridad ocupacional,Presencial,8,60.21,91.7
2349,2025-07-20,529,1,3,24,2,Atención al cliente,Presencial,4,48.78,91.5
2350,2025-07-24,544,2,6,26,3,Liderazgo de equipos,Virtual,2,56.56,56.8
2351,2025-07-02,557,1,3,18,3,Atención al cliente,Presencial,4,77.85,77.3
2352,2025-07-24,563,1,3,13,3,Buenas prácticas de almacenamiento,Presencial,2,87.12,78.7
2353,2025-07-06,571,1,3,12,3,Seguridad ocupacional,Presencial,8,27.41,67.4
2354,2025-07-21,573,1,3,15,3,Buenas prácticas de almacenamiento,Presencial,8,62.13,74.7
2355,2025-07-17,579,1,1,2,3,Excel y análisis de datos,Presencial,8,45.73,91.1
2356,2025-07-30,580,2,8,26,3,Seguridad ocupacional,Virtual,4,63.01,74.3
2357,2025-07-16,593,1,2,13,2,Liderazgo de equipos,Presencial,8,84.57,99.1
2358,2025-07-13,603,1,1,11,2,Excel y análisis de datos,Virtual,8,52.34,90.6
2359,2025-07-30,610,1,5,19,2,Seguridad ocupacional,Virtual,2,53.3,100
2360,2025-07-09,636,1,5,4,2,Liderazgo de equipos,Virtual,4,48.39,67.6
2361,2025-07-31,665,1,4,16,3,Liderazgo de equipos,Presencial,2,56.99,80.8
2362,2025-07-13,676,1,1,7,1,Excel y análisis de datos,Presencial,4,70.87,81.3
2363,2025-07-27,701,1,4,7,2,Excel y análisis de datos,Presencial,2,65.46,98.5
2364,2025-07-21,709,1,3,4,2,Seguridad ocupacional,Presencial,2,25.44,65.5
2365,2025-07-16,711,4,12,27,2,Seguridad ocupacional,Presencial,4,23.61,90.5
2366,2025-07-11,727,2,6,26,2,Liderazgo de equipos,Virtual,8,42.18,85.2
2367,2025-07-22,749,1,1,8,2,Excel y análisis de datos,Presencial,2,27.84,61.1
2368,2025-07-31,756,1,3,22,3,Excel y análisis de datos,Virtual,8,79.97,67.6
2369,2025-07-12,771,1,1,7,2,Liderazgo de equipos,Virtual,2,46.62,77.9
2370,2025-07-27,805,1,1,3,3,Atención al cliente,Presencial,2,47.28,89.4
2371,2025-07-26,806,1,1,14,2,Seguridad ocupacional,Presencial,2,77.67,81.5
2372,2025-07-20,808,1,1,5,1,Excel y análisis de datos,Virtual,2,37.29,65.5
2373,2025-07-05,813,1,4,14,1,Buenas prácticas de almacenamiento,Virtual,2,84.4,71.4
2374,2025-07-31,824,1,1,11,3,Excel y análisis de datos,Virtual,4,58.35,72.5
2375,2025-07-12,828,1,2,8,1,Seguridad ocupacional,Virtual,8,19.04,90.2
2376,2025-07-12,829,1,1,17,3,Excel y análisis de datos,Virtual,2,26.5,68.6
2377,2025-07-24,843,3,10,27,2,Atención al cliente,Presencial,2,36.59,76.1
2378,2025-07-30,844,1,3,17,2,Excel y análisis de datos,Virtual,4,22.92,79.9
2379,2025-07-30,846,1,1,2,3,Excel y análisis de datos,Presencial,2,52.34,68.8
2380,2025-07-01,860,1,5,7,2,Buenas prácticas de almacenamiento,Virtual,2,34.51,84.5
2381,2025-08-11,2,2,7,25,4,Atención al cliente,Virtual,8,76.32,79.6
2382,2025-08-14,6,1,5,7,4,Atención al cliente,Virtual,4,40.37,80.7
2383,2025-08-11,8,2,8,25,3,Seguridad ocupacional,Presencial,2,48.36,84.9
2384,2025-08-24,9,1,1,11,4,Buenas prácticas de almacenamiento,Presencial,8,18.75,89.7
2385,2025-08-22,27,1,4,22,4,Excel y análisis de datos,Virtual,8,69.38,80.6
2386,2025-08-23,46,1,4,14,4,Buenas prácticas de almacenamiento,Virtual,4,75.93,78.0
2387,2025-08-06,47,1,1,5,4,Atención al cliente,Presencial,8,32.86,90.2
2388,2025-08-02,65,1,3,20,4,Atención al cliente,Presencial,4,26.38,82.2
2389,2025-08-11,66,1,5,7,4,Liderazgo de equipos,Virtual,4,38.85,85.5
2390,2025-08-13,68,1,2,7,4,Buenas prácticas de almacenamiento,Presencial,4,51.53,78.6
2391,2025-08-06,70,2,6,26,4,Atención al cliente,Presencial,2,59.11,86.8
2392,2025-08-25,77,2,6,25,4,Buenas prácticas de almacenamiento,Virtual,4,30.29,86.2
2393,2025-08-28,88,1,3,19,4,Buenas prácticas de almacenamiento,Virtual,8,46.74,85.6
2394,2025-08-05,89,1,4,19,4,Atención al cliente,Presencial,8,58.94,88.7
2395,2025-08-19,93,1,4,14,4,Liderazgo de equipos,Presencial,2,40.5,73.1
2396,2025-08-20,102,1,1,14,4,Liderazgo de equipos,Virtual,8,32.79,70.4
2397,2025-08-02,106,1,4,6,4,Liderazgo de equipos,Virtual,8,44.46,81.4
2398,2025-08-11,119,1,5,4,4,Buenas prácticas de almacenamiento,Presencial,8,49.59,99.8
2399,2025-08-07,124,1,1,15,4,Buenas prácticas de almacenamiento,Presencial,4,76.36,75.6
2400,2025-08-09,129,1,1,21,4,Liderazgo de equipos,Virtual,8,75.07,83.4
2401,2025-08-27,155,2,6,26,4,Atención al cliente,Virtual,8,57.1,61.3
2402,2025-08-06,165,1,2,3,4,Seguridad ocupacional,Presencial,4,34.21,79.0
2403,2025-08-09,171,1,4,4,4,Buenas prácticas de almacenamiento,Presencial,8,46.76,76.8
2404,2025-08-16,176,1,1,6,4,Liderazgo de equipos,Presencial,8,17.39,91.8
2405,2025-08-19,181,1,1,9,4,Buenas prácticas de almacenamiento,Virtual,2,82.4,69.7
2406,2025-08-02,186,1,1,11,4,Liderazgo de equipos,Presencial,2,49.92,69.9
2407,2025-08-11,191,1,3,7,4,Atención al cliente,Presencial,2,69.8,81.0
2408,2025-08-14,252,1,2,21,4,Excel y análisis de datos,Presencial,8,45.48,96.5
2409,2025-08-13,256,1,4,21,4,Liderazgo de equipos,Presencial,8,23.16,77.4
2410,2025-08-21,270,1,3,18,4,Buenas prácticas de almacenamiento,Presencial,2,52.11,78.0
2411,2025-08-30,295,1,5,18,4,Liderazgo de equipos,Presencial,2,61.17,78.8
2412,2025-08-28,306,1,4,4,4,Buenas prácticas de almacenamiento,Presencial,4,76.03,80.9
2413,2025-08-20,314,2,7,25,4,Excel y análisis de datos,Presencial,2,88.85,71.6
2414,2025-08-19,320,1,4,10,4,Liderazgo de equipos,Presencial,2,17.77,55.9
2415,2025-08-04,324,1,1,15,4,Buenas prácticas de almacenamiento,Presencial,4,34.56,88.0
2416,2025-08-28,329,2,6,26,4,Buenas prácticas de almacenamiento,Virtual,2,77.98,88.9
2417,2025-08-12,343,1,1,15,4,Liderazgo de equipos,Presencial,2,85.74,66.2
2418,2025-08-22,361,1,1,4,2,Seguridad ocupacional,Virtual,4,50.6,83.1
2419,2025-08-03,368,1,5,5,2,Excel y análisis de datos,Presencial,8,36.92,84.9
2420,2025-08-20,370,2,6,26,2,Buenas prácticas de almacenamiento,Virtual,4,84.56,87.3
2421,2025-08-18,371,1,5,8,2,Seguridad ocupacional,Virtual,2,58.99,70.4
2422,2025-08-05,397,1,3,7,3,Seguridad ocupacional,Virtual,4,57.67,77.3
2423,2025-08-29,404,1,5,10,3,Seguridad ocupacional,Presencial,2,48.9,67.2
2424,2025-08-17,406,1,3,4,2,Atención al cliente,Presencial,4,28.95,86.6
2425,2025-08-05,408,1,2,13,3,Seguridad ocupacional,Presencial,2,78.44,76.6
2426,2025-08-08,425,1,1,7,2,Atención al cliente,Presencial,4,26.49,95.4
2427,2025-08-18,444,1,3,16,1,Excel y análisis de datos,Presencial,4,57.75,64.7
2428,2025-08-12,446,1,4,2,3,Buenas prácticas de almacenamiento,Virtual,8,17.86,96.8
2429,2025-08-15,452,1,3,21,3,Excel y análisis de datos,Virtual,4,86.24,81.5
2430,2025-08-05,457,1,5,9,3,Atención al cliente,Presencial,4,36.75,82.1
2431,2025-08-21,462,3,10,27,3,Seguridad ocupacional,Presencial,4,60.19,83.9
2432,2025-08-30,486,1,4,18,3,Buenas prácticas de almacenamiento,Presencial,8,74.88,86.8
2433,2025-08-07,496,1,5,5,3,Liderazgo de equipos,Virtual,8,54.84,82.7
2434,2025-08-15,521,1,4,13,2,Liderazgo de equipos,Presencial,2,47.42,84.8
2435,2025-08-11,556,1,1,7,3,Seguridad ocupacional,Virtual,2,21.51,84.0
2436,2025-08-27,566,6,15,27,3,Excel y análisis de datos,Virtual,8,26.99,88.3
2437,2025-08-07,567,1,3,12,3,Buenas prácticas de almacenamiento,Virtual,4,70.42,91.1
2438,2025-08-29,571,1,3,12,3,Liderazgo de equipos,Virtual,2,42.98,80.5
2439,2025-08-08,573,1,3,15,3,Buenas prácticas de almacenamiento,Presencial,2,26.58,92.0
2440,2025-08-10,605,1,4,16,3,Liderazgo de equipos,Presencial,4,69.59,84.9
2441,2025-08-17,624,1,3,4,2,Seguridad ocupacional,Virtual,8,43.14,68.3
2442,2025-08-12,628,1,1,10,2,Seguridad ocupacional,Virtual,8,48.88,80.0
2443,2025-08-29,629,1,5,23,1,Buenas prácticas de almacenamiento,Virtual,2,31.4,69.9
2444,2025-08-15,640,1,1,3,2,Excel y análisis de datos,Virtual,8,20.87,74.9
2445,2025-08-30,653,1,1,3,2,Liderazgo de equipos,Virtual,8,74.84,65.4
2446,2025-08-21,664,1,1,7,2,Seguridad ocupacional,Virtual,8,62.53,98.7
2447,2025-08-31,665,1,4,16,3,Liderazgo de equipos,Virtual,2,59.54,70.5
2448,2025-08-04,674,1,2,16,2,Buenas prácticas de almacenamiento,Presencial,2,32.04,77.0
2449,2025-08-15,709,1,3,4,2,Excel y análisis de datos,Virtual,2,15.65,91.1
2450,2025-08-31,711,4,12,27,3,Atención al cliente,Presencial,4,75.81,73.5
2451,2025-08-11,727,2,6,26,2,Excel y análisis de datos,Virtual,4,47.12,85.1
2452,2025-08-18,729,1,1,8,2,Seguridad ocupacional,Presencial,8,23.99,91.8
2453,2025-08-13,735,4,12,27,3,Liderazgo de equipos,Presencial,4,53.2,79.9
2454,2025-08-01,748,1,1,9,1,Atención al cliente,Presencial,2,52.04,93.0
2455,2025-08-07,749,1,1,8,2,Liderazgo de equipos,Presencial,2,46.0,82.0
2456,2025-08-27,750,1,2,17,2,Liderazgo de equipos,Virtual,4,35.74,89.1
2457,2025-08-15,780,1,1,8,3,Excel y análisis de datos,Virtual,2,62.57,59.7
2458,2025-08-09,816,4,12,27,3,Excel y análisis de datos,Virtual,4,16.48,75.9
2459,2025-08-24,828,1,2,8,2,Seguridad ocupacional,Presencial,8,25.2,82.2
2460,2025-08-23,844,1,3,17,2,Atención al cliente,Presencial,4,72.13,80.6
2461,2025-08-28,859,1,1,15,1,Atención al cliente,Presencial,4,20.05,69.9
2462,2025-08-26,891,1,1,10,2,Liderazgo de equipos,Virtual,8,72.63,72.6
2463,2025-08-07,894,4,12,27,2,Seguridad ocupacional,Presencial,2,46.65,100
2464,2025-08-04,898,1,1,7,2,Excel y análisis de datos,Virtual,2,16.42,77.7
2465,2025-09-21,2,2,7,25,4,Liderazgo de equipos,Presencial,2,64.47,88.3
2466,2025-09-16,8,2,8,25,4,Liderazgo de equipos,Presencial,2,76.77,77.8
2467,2025-09-12,13,1,5,8,3,Buenas prácticas de almacenamiento,Presencial,4,43.88,84.7
2468,2025-09-29,14,1,4,19,4,Seguridad ocupacional,Presencial,4,18.36,84.6
2469,2025-09-20,30,2,8,25,4,Liderazgo de equipos,Presencial,2,25.89,81.4
2470,2025-09-22,37,3,9,27,4,Excel y análisis de datos,Presencial,4,55.58,82.9
2471,2025-09-24,47,1,1,5,4,Seguridad ocupacional,Presencial,4,77.43,90.1
2472,2025-09-21,53,1,5,11,4,Buenas prácticas de almacenamiento,Presencial,4,71.53,69.9
2473,2025-09-17,56,1,3,17,4,Excel y análisis de datos,Virtual,4,31.14,99.1
2474,2025-09-23,70,2,6,26,4,Excel y análisis de datos,Virtual,2,55.75,85.2
2475,2025-09-13,75,1,5,18,4,Buenas prácticas de almacenamiento,Presencial,4,78.02,81.1
2476,2025-09-10,88,1,3,19,4,Excel y análisis de datos,Presencial,2,50.21,96.5
2477,2025-09-17,89,1,4,19,4,Excel y análisis de datos,Virtual,8,32.45,84.4
2478,2025-09-15,93,1,4,14,4,Excel y análisis de datos,Virtual,4,24.03,77.4
2479,2025-09-21,102,1,1,14,4,Excel y análisis de datos,Virtual,8,66.15,82.2
2480,2025-09-02,121,1,3,20,4,Atención al cliente,Virtual,4,37.77,77.1
2481,2025-09-07,123,1,4,17,4,Liderazgo de equipos,Virtual,2,86.26,85.4
2482,2025-09-20,128,1,2,2,4,Liderazgo de equipos,Presencial,8,53.3,89.1
2483,2025-09-05,131,1,5,5,3,Liderazgo de equipos,Presencial,8,67.4,83.3
2484,2025-09-24,132,1,1,5,4,Atención al cliente,Presencial,8,18.03,87.2
2485,2025-09-14,137,1,1,8,4,Excel y análisis de datos,Presencial,4,73.66,72.1
2486,2025-09-18,145,1,2,1,4,Excel y análisis de datos,Presencial,8,57.99,80.2
2487,2025-09-05,158,1,4,23,4,Seguridad ocupacional,Presencial,8,52.78,81.3
2488,2025-09-28,161,1,3,22,4,Excel y análisis de datos,Virtual,2,62.58,91.9
2489,2025-09-15,171,1,4,4,4,Atención al cliente,Presencial,8,16.05,78.0
2490,2025-09-20,184,1,1,11,4,Seguridad ocupacional,Virtual,4,44.23,76.7
2491,2025-09-28,191,1,3,7,4,Seguridad ocupacional,Presencial,8,33.65,91.4
2492,2025-09-12,213,1,4,14,4,Atención al cliente,Virtual,4,19.79,92.0
2493,2025-09-18,222,1,2,4,4,Atención al cliente,Presencial,4,39.48,88.8
2494,2025-09-14,227,1,1,9,4,Excel y análisis de datos,Virtual,2,28.65,77.8
2495,2025-09-06,235,1,3,17,4,Excel y análisis de datos,Virtual,4,82.37,86.4
2496,2025-09-13,239,1,3,8,4,Buenas prácticas de almacenamiento,Virtual,2,20.93,93.7
2497,2025-09-18,241,1,1,14,3,Excel y análisis de datos,Presencial,8,83.38,79.8
2498,2025-09-12,257,1,2,22,4,Excel y análisis de datos,Virtual,4,70.55,84.8
2499,2025-09-10,270,1,3,18,4,Seguridad ocupacional,Virtual,2,81.24,93.2
2500,2025-09-29,280,1,4,13,3,Liderazgo de equipos,Virtual,2,33.64,92.5
2501,2025-09-01,289,1,3,1,4,Buenas prácticas de almacenamiento,Virtual,8,51.55,80.4
2502,2025-09-24,294,1,1,1,3,Excel y análisis de datos,Presencial,8,30.75,72.2
2503,2025-09-13,306,1,4,4,4,Buenas prácticas de almacenamiento,Presencial,2,22.52,67.9
2504,2025-09-17,321,6,16,27,4,Liderazgo de equipos,Virtual,4,59.52,89.6
2505,2025-09-10,343,1,1,15,4,Seguridad ocupacional,Virtual,2,34.27,74.8
2506,2025-09-09,348,1,4,13,4,Seguridad ocupacional,Presencial,4,54.31,68.7
2507,2025-09-01,364,1,5,2,3,Liderazgo de equipos,Presencial,4,37.24,75.7
2508,2025-09-30,371,1,5,8,2,Buenas prácticas de almacenamiento,Virtual,8,84.17,88.2
2509,2025-09-13,376,3,10,27,3,Buenas prácticas de almacenamiento,Presencial,8,55.24,76.2
2510,2025-09-12,397,1,3,7,3,Liderazgo de equipos,Presencial,4,28.94,83.5
2511,2025-09-19,398,5,14,27,3,Buenas prácticas de almacenamiento,Virtual,2,36.08,92.8
2512,2025-09-22,406,1,3,4,2,Buenas prácticas de almacenamiento,Virtual,8,28.47,70.3
2513,2025-09-07,410,1,1,21,2,Liderazgo de equipos,Presencial,4,47.06,91.3
2514,2025-09-14,428,1,2,15,3,Liderazgo de equipos,Presencial,2,54.11,95.3
2515,2025-09-28,435,1,4,7,3,Buenas prácticas de almacenamiento,Presencial,4,66.7,88.3
2516,2025-09-03,442,1,1,2,2,Atención al cliente,Virtual,2,78.14,71.0
2517,2025-09-25,445,1,2,16,2,Excel y análisis de datos,Presencial,8,67.33,98.9
2518,2025-09-09,449,1,3,24,3,Buenas prácticas de almacenamiento,Virtual,8,21.08,73.9
2519,2025-09-16,478,6,15,27,2,Seguridad ocupacional,Presencial,8,71.96,96.1
2520,2025-09-21,491,1,5,24,1,Excel y análisis de datos,Virtual,8,33.25,71.4
2521,2025-09-02,496,1,5,5,3,Seguridad ocupacional,Presencial,2,79.55,73.6
2522,2025-09-01,497,1,1,14,2,Atención al cliente,Virtual,2,38.19,73.8
2523,2025-09-05,506,2,6,25,2,Buenas prácticas de almacenamiento,Presencial,8,59.07,74.4
2524,2025-09-20,508,1,4,14,3,Excel y análisis de datos,Virtual,2,71.73,85.6
2525,2025-09-25,510,5,14,27,3,Atención al cliente,Presencial,2,85.08,77.9
2526,2025-09-13,513,1,1,23,3,Buenas prácticas de almacenamiento,Presencial,2,63.06,80.0
2527,2025-09-29,553,1,4,3,3,Buenas prácticas de almacenamiento,Presencial,4,40.1,90.3
2528,2025-09-07,556,1,1,7,3,Liderazgo de equipos,Virtual,8,28.87,100
2529,2025-09-18,563,1,3,13,3,Liderazgo de equipos,Virtual,4,84.99,77.5
2530,2025-09-11,564,2,6,26,2,Seguridad ocupacional,Presencial,2,24.6,70.5
2531,2025-09-16,566,6,15,27,3,Excel y análisis de datos,Presencial,8,87.22,87.2
2532,2025-09-15,568,1,1,9,1,Atención al cliente,Presencial,4,55.48,81.1
2533,2025-09-28,569,3,10,27,3,Liderazgo de equipos,Presencial,4,29.36,84.7
2534,2025-09-25,577,1,3,2,1,Atención al cliente,Virtual,4,61.99,95.5
2535,2025-09-04,579,1,1,2,3,Buenas prácticas de almacenamiento,Presencial,8,79.38,82.6
2536,2025-09-16,582,1,4,12,2,Liderazgo de equipos,Virtual,4,25.54,93.6
2537,2025-09-26,586,1,1,23,3,Seguridad ocupacional,Virtual,4,83.02,85.9
2538,2025-09-16,603,1,1,11,3,Seguridad ocupacional,Presencial,4,35.13,82.2
2539,2025-09-07,605,1,4,16,3,Buenas prácticas de almacenamiento,Virtual,8,30.19,92.8
2540,2025-09-14,609,1,3,16,3,Atención al cliente,Virtual,4,46.19,84.8
2541,2025-09-30,617,1,1,24,3,Buenas prácticas de almacenamiento,Virtual,4,69.22,91.7
2542,2025-09-02,618,2,6,26,2,Buenas prácticas de almacenamiento,Presencial,8,55.05,97.4
2543,2025-09-22,624,1,3,4,2,Liderazgo de equipos,Virtual,4,73.39,79.8
2544,2025-09-22,630,1,1,20,3,Seguridad ocupacional,Presencial,2,41.46,79.5
2545,2025-09-30,639,2,6,25,2,Buenas prácticas de almacenamiento,Virtual,2,15.67,79.4
2546,2025-09-28,644,1,1,19,2,Seguridad ocupacional,Presencial,8,42.86,76.8
2547,2025-09-28,647,1,1,5,3,Excel y análisis de datos,Presencial,2,86.03,74.2
2548,2025-09-10,648,1,5,12,3,Atención al cliente,Virtual,2,78.65,68.5
2549,2025-09-21,653,1,1,3,2,Buenas prácticas de almacenamiento,Presencial,2,89.73,83.8
2550,2025-09-26,662,1,4,11,1,Seguridad ocupacional,Virtual,4,25.58,93.5
2551,2025-09-22,667,2,6,25,2,Buenas prácticas de almacenamiento,Virtual,2,88.9,80.0
2552,2025-09-23,674,1,2,16,2,Excel y análisis de datos,Presencial,2,55.61,80.6
2553,2025-09-04,676,1,1,7,1,Liderazgo de equipos,Presencial,4,22.25,80.3
2554,2025-09-29,687,5,14,27,1,Buenas prácticas de almacenamiento,Virtual,8,44.31,100
2555,2025-09-15,706,1,1,5,1,Seguridad ocupacional,Presencial,4,69.05,63.9
2556,2025-09-16,729,1,1,8,2,Buenas prácticas de almacenamiento,Presencial,8,39.3,90.0
2557,2025-09-26,747,1,1,5,3,Excel y análisis de datos,Virtual,4,52.9,75.7
2558,2025-09-28,771,1,1,7,2,Buenas prácticas de almacenamiento,Virtual,2,35.68,84.0
2559,2025-09-29,785,1,2,15,3,Seguridad ocupacional,Presencial,8,87.06,78.1
2560,2025-09-07,800,1,3,17,2,Liderazgo de equipos,Virtual,4,86.0,89.8
2561,2025-09-05,809,1,2,1,3,Liderazgo de equipos,Virtual,2,51.81,92.9
2562,2025-09-18,816,4,12,27,3,Buenas prácticas de almacenamiento,Virtual,8,69.71,88.6
2563,2025-09-27,822,1,1,18,3,Excel y análisis de datos,Virtual,2,57.44,79.6
2564,2025-09-06,828,1,2,8,2,Liderazgo de equipos,Virtual,4,53.36,88.1
2565,2025-09-05,870,1,2,5,3,Excel y análisis de datos,Virtual,2,44.67,79.9
2566,2025-09-21,871,1,1,23,2,Atención al cliente,Presencial,2,29.42,73.4
2567,2025-09-27,872,2,6,25,3,Liderazgo de equipos,Virtual,2,25.69,74.3
2568,2025-09-07,883,1,2,18,3,Liderazgo de equipos,Virtual,2,63.92,80.3
2569,2025-09-14,884,1,5,24,3,Buenas prácticas de almacenamiento,Virtual,4,52.15,74.4
2570,2025-10-17,12,1,5,10,4,Atención al cliente,Virtual,2,65.28,70.5
2571,2025-10-27,22,1,5,18,4,Atención al cliente,Presencial,4,88.76,79.1
2572,2025-10-14,27,1,4,22,4,Buenas prácticas de almacenamiento,Virtual,2,25.38,100
2573,2025-10-26,30,2,8,25,4,Excel y análisis de datos,Presencial,8,63.07,68.4
2574,2025-10-28,35,1,1,11,4,Excel y análisis de datos,Virtual,4,15.22,72.8
2575,2025-10-06,50,2,7,26,4,Liderazgo de equipos,Virtual,2,83.88,75.9
2576,2025-10-17,52,1,4,19,3,Seguridad ocupacional,Presencial,8,66.14,72.2
2577,2025-10-08,56,1,3,17,4,Atención al cliente,Presencial,4,21.02,78.6
2578,2025-10-30,73,1,2,9,4,Seguridad ocupacional,Virtual,8,15.51,88.1
2579,2025-10-24,88,1,3,19,4,Atención al cliente,Virtual,8,49.03,79.4
2580,2025-10-28,93,1,4,14,4,Buenas prácticas de almacenamiento,Virtual,4,38.21,80.2
2581,2025-10-14,100,1,4,23,4,Excel y análisis de datos,Presencial,2,79.9,73.0
2582,2025-10-28,104,4,11,27,4,Excel y análisis de datos,Virtual,8,33.13,88.2
2583,2025-10-17,108,1,2,17,4,Excel y análisis de datos,Presencial,8,21.5,88.1
2584,2025-10-18,130,1,5,5,4,Excel y análisis de datos,Virtual,2,27.04,93.1
2585,2025-10-26,140,1,1,22,4,Liderazgo de equipos,Virtual,4,19.98,78.6
2586,2025-10-05,142,1,2,8,4,Excel y análisis de datos,Virtual,2,74.71,69.6
2587,2025-10-21,160,1,3,19,4,Buenas prácticas de almacenamiento,Virtual,8,81.11,80.9
2588,2025-10-23,161,1,3,22,4,Seguridad ocupacional,Virtual,4,29.14,87.0
2589,2025-10-07,163,1,5,22,4,Seguridad ocupacional,Presencial,2,30.28,94.6
2590,2025-10-22,167,1,3,22,4,Buenas prácticas de almacenamiento,Presencial,4,34.63,92.3
2591,2025-10-25,169,1,1,7,4,Seguridad ocupacional,Virtual,2,34.8,78.0
2592,2025-10-07,187,1,3,20,4,Buenas prácticas de almacenamiento,Virtual,2,53.22,74.0
2593,2025-10-11,190,6,16,27,4,Atención al cliente,Presencial,2,84.2,88.7
2594,2025-10-17,195,1,2,14,4,Buenas prácticas de almacenamiento,Virtual,4,68.35,81.5
2595,2025-10-11,227,1,1,9,4,Excel y análisis de datos,Virtual,2,20.69,73.5
2596,2025-10-30,229,2,8,25,4,Atención al cliente,Presencial,4,55.13,90.2
2597,2025-10-08,242,1,1,2,4,Buenas prácticas de almacenamiento,Presencial,8,58.56,81.7
2598,2025-10-30,245,1,1,5,4,Liderazgo de equipos,Virtual,4,22.51,86.5
2599,2025-10-07,261,1,5,23,4,Buenas prácticas de almacenamiento,Presencial,2,63.42,92.0
2600,2025-10-02,301,1,5,1,4,Liderazgo de equipos,Presencial,2,77.88,83.5
2601,2025-10-23,307,1,5,2,4,Atención al cliente,Presencial,4,87.96,85.1
2602,2025-10-29,309,1,4,9,4,Liderazgo de equipos,Virtual,8,44.0,72.0
2603,2025-10-04,327,3,9,27,4,Buenas prácticas de almacenamiento,Virtual,2,88.38,90.4
2604,2025-10-18,332,1,5,23,4,Liderazgo de equipos,Virtual,2,73.12,79.9
2605,2025-10-20,349,6,15,27,4,Atención al cliente,Presencial,8,62.12,84.1
2606,2025-10-16,354,1,1,1,3,Atención al cliente,Virtual,2,32.38,93.1
2607,2025-10-04,361,1,1,4,2,Seguridad ocupacional,Virtual,4,36.83,87.1
2608,2025-10-31,384,2,6,25,3,Liderazgo de equipos,Virtual,8,82.61,88.1
2609,2025-10-13,393,1,4,4,3,Liderazgo de equipos,Presencial,8,25.46,85.5
2610,2025-10-04,402,1,4,10,3,Buenas prácticas de almacenamiento,Virtual,2,26.03,90.0
2611,2025-10-28,406,1,3,4,2,Atención al cliente,Presencial,8,34.05,77.7
2612,2025-10-04,415,1,1,23,2,Buenas prácticas de almacenamiento,Presencial,4,79.76,72.1
2613,2025-10-16,416,1,1,8,3,Seguridad ocupacional,Presencial,2,24.92,80.0
2614,2025-10-06,428,1,2,15,3,Excel y análisis de datos,Presencial,4,40.84,86.6
2615,2025-10-29,463,1,1,15,3,Atención al cliente,Virtual,8,74.59,78.2
2616,2025-10-08,481,1,1,20,3,Atención al cliente,Virtual,8,51.5,98.5
2617,2025-10-27,490,3,10,27,3,Excel y análisis de datos,Presencial,8,64.28,80.1
2618,2025-10-05,494,1,2,3,3,Atención al cliente,Presencial,4,23.67,89.0
2619,2025-10-08,497,1,1,14,2,Liderazgo de equipos,Virtual,2,63.48,79.7
2620,2025-10-04,498,1,1,18,3,Liderazgo de equipos,Presencial,8,18.99,56.8
2621,2025-10-28,503,1,3,16,3,Atención al cliente,Presencial,8,44.92,73.0
2622,2025-10-03,508,1,4,14,3,Liderazgo de equipos,Presencial,4,39.28,58.0
2623,2025-10-08,522,1,1,7,3,Liderazgo de equipos,Virtual,4,77.52,73.1
2624,2025-10-11,543,1,1,7,3,Buenas prácticas de almacenamiento,Presencial,4,36.35,89.4
2625,2025-10-13,566,6,15,27,3,Buenas prácticas de almacenamiento,Presencial,4,28.66,93.1
2626,2025-10-06,577,1,3,2,1,Liderazgo de equipos,Virtual,8,69.71,79.8
2627,2025-10-10,585,1,5,1,1,Seguridad ocupacional,Presencial,8,72.57,90.9
2628,2025-10-21,587,1,1,6,2,Atención al cliente,Virtual,2,45.21,72.1
2629,2025-10-21,611,1,1,10,3,Atención al cliente,Virtual,2,53.52,91.4
2630,2025-10-17,612,1,1,18,3,Atención al cliente,Presencial,4,32.0,89.0
2631,2025-10-14,617,1,1,24,3,Buenas prácticas de almacenamiento,Virtual,4,74.13,71.9
2632,2025-10-08,624,1,3,4,2,Seguridad ocupacional,Virtual,8,64.28,83.7
2633,2025-10-04,628,1,1,10,2,Atención al cliente,Virtual,8,68.47,80.0
2634,2025-10-31,646,1,1,19,3,Buenas prácticas de almacenamiento,Presencial,8,18.94,62.2
2635,2025-10-19,647,1,1,5,3,Atención al cliente,Presencial,4,71.82,85.9
2636,2025-10-09,650,1,3,9,2,Buenas prácticas de almacenamiento,Virtual,4,83.28,71.8
2637,2025-10-03,656,4,12,27,3,Atención al cliente,Presencial,4,53.43,81.5
2638,2025-10-01,662,1,4,11,2,Buenas prácticas de almacenamiento,Virtual,2,40.31,85.6
2639,2025-10-11,675,1,1,1,1,Buenas prácticas de almacenamiento,Presencial,4,76.59,85.4
2640,2025-10-20,678,1,2,2,3,Buenas prácticas de almacenamiento,Presencial,2,47.08,77.7
2641,2025-10-29,704,1,1,2,3,Buenas prácticas de almacenamiento,Virtual,8,23.07,71.8
2642,2025-10-24,717,2,7,25,3,Atención al cliente,Virtual,2,71.61,89.4
2643,2025-10-28,722,1,3,17,1,Liderazgo de equipos,Presencial,4,47.03,76.6
2644,2025-10-11,740,1,2,4,1,Atención al cliente,Virtual,4,55.37,83.0
2645,2025-10-28,743,1,3,12,1,Seguridad ocupacional,Virtual,4,51.89,86.2
2646,2025-10-29,747,1,1,5,3,Atención al cliente,Virtual,2,89.64,79.6
2647,2025-10-26,764,2,6,25,1,Seguridad ocupacional,Virtual,8,55.24,76.1
2648,2025-10-23,767,2,6,25,3,Buenas prácticas de almacenamiento,Virtual,8,29.22,84.4
2649,2025-10-23,773,1,1,14,1,Buenas prácticas de almacenamiento,Presencial,4,70.69,88.9
2650,2025-10-16,784,1,5,9,3,Liderazgo de equipos,Virtual,8,48.99,80.9
2651,2025-10-23,803,1,2,8,3,Atención al cliente,Virtual,8,80.5,88.8
2652,2025-10-18,806,1,1,14,3,Seguridad ocupacional,Presencial,2,58.6,83.6
2653,2025-10-18,809,1,2,1,3,Seguridad ocupacional,Presencial,8,15.77,97.8
2654,2025-10-02,822,1,1,18,3,Atención al cliente,Presencial,4,39.34,86.4
2655,2025-10-26,836,5,13,27,3,Buenas prácticas de almacenamiento,Virtual,2,37.28,85.0
2656,2025-10-25,838,1,1,6,3,Seguridad ocupacional,Virtual,4,44.83,83.5
2657,2025-10-30,844,1,3,17,2,Liderazgo de equipos,Presencial,2,16.27,64.5
2658,2025-10-25,890,1,4,22,3,Seguridad ocupacional,Virtual,8,15.85,79.8
2659,2025-10-11,892,1,1,19,1,Atención al cliente,Virtual,2,47.69,80.3
2660,2025-10-10,893,4,11,27,1,Seguridad ocupacional,Virtual,8,38.84,86.6
2661,2025-10-01,894,4,12,27,2,Atención al cliente,Virtual,4,84.48,92.0
2662,2025-11-15,3,1,4,11,4,Seguridad ocupacional,Presencial,2,39.19,84.6
2663,2025-11-14,25,1,3,11,4,Seguridad ocupacional,Virtual,4,60.28,99.5
2664,2025-11-07,37,3,9,27,4,Liderazgo de equipos,Presencial,2,88.81,94.4
2665,2025-11-22,52,1,4,19,4,Seguridad ocupacional,Presencial,2,53.13,95.7
2666,2025-11-24,59,1,4,7,4,Atención al cliente,Virtual,4,62.64,80.5
2667,2025-11-15,66,1,5,7,4,Seguridad ocupacional,Presencial,2,47.31,75.5
2668,2025-11-05,96,1,1,12,4,Excel y análisis de datos,Virtual,2,48.29,85.5
2669,2025-11-26,106,1,4,6,4,Excel y análisis de datos,Virtual,2,27.24,73.7
2670,2025-11-27,118,1,4,15,3,Atención al cliente,Presencial,8,40.75,76.5
2671,2025-11-11,121,1,3,20,4,Buenas prácticas de almacenamiento,Virtual,4,20.38,91.8
2672,2025-11-20,124,1,1,15,4,Atención al cliente,Presencial,4,17.15,80.6
2673,2025-11-12,140,1,1,22,4,Buenas prácticas de almacenamiento,Presencial,2,23.99,58.2
2674,2025-11-23,161,1,3,22,4,Atención al cliente,Virtual,8,17.78,87.0
2675,2025-11-26,180,1,3,6,4,Buenas prácticas de almacenamiento,Presencial,2,40.03,74.1
2676,2025-11-27,188,1,4,1,4,Seguridad ocupacional,Virtual,2,18.27,90.4
2677,2025-11-25,203,4,12,27,4,Excel y análisis de datos,Presencial,4,35.67,87.9
2678,2025-11-13,213,1,4,14,4,Seguridad ocupacional,Presencial,2,57.56,75.2
2679,2025-11-13,224,5,14,27,4,Liderazgo de equipos,Presencial,4,68.73,88.8
2680,2025-11-19,235,1,3,17,4,Liderazgo de equipos,Virtual,4,40.13,81.3
2681,2025-11-08,257,1,2,22,4,Atención al cliente,Presencial,4,61.59,76.7
2682,2025-11-12,294,1,1,1,4,Excel y análisis de datos,Presencial,4,28.58,82.3
2683,2025-11-04,300,5,13,27,4,Atención al cliente,Presencial,2,48.46,90.8
2684,2025-11-07,310,1,2,21,4,Seguridad ocupacional,Presencial,4,56.19,68.8
2685,2025-11-26,314,2,7,25,4,Liderazgo de equipos,Virtual,8,21.37,84.0
2686,2025-11-04,329,2,6,26,4,Buenas prácticas de almacenamiento,Presencial,8,61.22,81.8
2687,2025-11-19,333,5,14,27,4,Excel y análisis de datos,Presencial,2,75.2,82.8
2688,2025-11-30,343,1,1,15,4,Seguridad ocupacional,Virtual,2,77.89,82.2
2689,2025-11-10,351,1,1,11,3,Seguridad ocupacional,Virtual,8,86.55,91.3
2690,2025-11-28,353,1,2,9,2,Seguridad ocupacional,Presencial,4,25.38,87.4
2691,2025-11-28,369,1,5,3,1,Seguridad ocupacional,Presencial,8,70.55,80.3
2692,2025-11-25,371,1,5,8,2,Atención al cliente,Virtual,8,82.29,78.4
2693,2025-11-12,376,3,10,27,3,Atención al cliente,Virtual,2,16.82,77.1
2694,2025-11-10,377,1,5,16,2,Excel y análisis de datos,Virtual,2,63.28,78.1
2695,2025-11-10,381,1,2,17,3,Excel y análisis de datos,Presencial,2,50.72,78.4
2696,2025-11-01,393,1,4,4,3,Atención al cliente,Presencial,4,40.64,73.7
2697,2025-11-26,400,1,1,1,3,Buenas prácticas de almacenamiento,Presencial,4,39.58,86.7
2698,2025-11-16,414,1,2,19,2,Seguridad ocupacional,Virtual,2,50.96,80.4
2699,2025-11-20,416,1,1,8,3,Atención al cliente,Presencial,4,87.64,89.7
2700,2025-11-23,428,1,2,15,3,Liderazgo de equipos,Presencial,2,65.97,85.9
2701,2025-11-10,434,1,1,15,3,Excel y análisis de datos,Virtual,4,60.55,98.1
2702,2025-11-14,438,2,6,25,2,Buenas prácticas de almacenamiento,Virtual,2,57.57,99.5
2703,2025-11-30,456,1,2,15,3,Seguridad ocupacional,Virtual,4,79.39,83.9
2704,2025-11-12,461,1,3,17,3,Seguridad ocupacional,Virtual,4,27.73,91.2
2705,2025-11-22,463,1,1,15,3,Liderazgo de equipos,Presencial,8,44.84,81.3
2706,2025-11-14,478,6,15,27,3,Seguridad ocupacional,Virtual,8,56.64,75.1
2707,2025-11-12,490,3,10,27,3,Liderazgo de equipos,Presencial,4,17.87,92.5
2708,2025-11-23,491,1,5,24,2,Atención al cliente,Presencial,4,83.28,82.8
2709,2025-11-18,510,5,14,27,3,Liderazgo de equipos,Virtual,8,65.66,63.0
2710,2025-11-30,514,1,1,17,1,Excel y análisis de datos,Virtual,4,51.35,64.5
2711,2025-11-13,524,6,15,27,3,Buenas prácticas de almacenamiento,Presencial,2,41.28,69.6
2712,2025-11-19,557,1,3,18,3,Excel y análisis de datos,Virtual,4,44.79,81.3
2713,2025-11-08,563,1,3,13,3,Atención al cliente,Presencial,2,22.13,74.4
2714,2025-11-05,566,6,15,27,3,Buenas prácticas de almacenamiento,Presencial,4,72.19,90.2
2715,2025-11-09,568,1,1,9,2,Excel y análisis de datos,Presencial,2,73.51,85.9
2716,2025-11-06,571,1,3,12,3,Liderazgo de equipos,Presencial,2,19.22,70.4
2717,2025-11-10,580,2,8,26,3,Buenas prácticas de almacenamiento,Virtual,8,74.01,84.8
2718,2025-11-15,584,2,7,25,1,Excel y análisis de datos,Presencial,4,59.03,82.9
2719,2025-11-24,589,1,1,4,3,Atención al cliente,Presencial,8,89.75,77.0
2720,2025-11-16,595,2,6,25,3,Atención al cliente,Virtual,8,73.25,83.3
2721,2025-11-27,607,1,1,8,2,Excel y análisis de datos,Presencial,2,52.52,80.7
2722,2025-11-03,612,1,1,18,3,Excel y análisis de datos,Presencial,4,40.34,96.4
2723,2025-11-29,628,1,1,10,2,Seguridad ocupacional,Presencial,2,70.99,93.5
2724,2025-11-25,638,1,5,24,3,Atención al cliente,Presencial,8,74.15,75.3
2725,2025-11-21,640,1,1,3,2,Excel y análisis de datos,Presencial,8,54.37,81.8
2726,2025-11-15,648,1,5,12,3,Seguridad ocupacional,Presencial,8,77.43,74.9
2727,2025-11-21,656,4,12,27,3,Liderazgo de equipos,Presencial,2,17.72,63.6
2728,2025-11-19,662,1,4,11,2,Excel y análisis de datos,Virtual,8,16.51,70.4
2729,2025-11-18,667,2,6,25,2,Atención al cliente,Virtual,8,55.09,77.4
2730,2025-11-03,672,1,1,19,1,Liderazgo de equipos,Presencial,2,18.85,76.0
2731,2025-11-27,675,1,1,1,1,Buenas prácticas de almacenamiento,Virtual,2,33.99,83.2
2732,2025-11-27,683,1,1,22,1,Seguridad ocupacional,Presencial,4,54.69,85.9
2733,2025-11-16,687,5,14,27,1,Seguridad ocupacional,Virtual,2,58.79,87.1
2734,2025-11-04,706,1,1,5,2,Liderazgo de equipos,Presencial,4,37.57,93.2
2735,2025-11-02,717,2,7,25,3,Excel y análisis de datos,Virtual,2,21.12,94.3
2736,2025-11-25,729,1,1,8,2,Buenas prácticas de almacenamiento,Virtual,4,17.69,78.6
2737,2025-11-12,753,1,5,17,2,Excel y análisis de datos,Presencial,8,88.73,70.4
2738,2025-11-17,766,1,2,23,1,Excel y análisis de datos,Presencial,8,60.71,99.3
2739,2025-11-05,778,5,13,27,2,Liderazgo de equipos,Virtual,8,25.02,73.0
2740,2025-11-16,780,1,1,8,3,Seguridad ocupacional,Presencial,2,20.65,76.0
2741,2025-11-20,783,1,4,8,2,Excel y análisis de datos,Presencial,2,71.27,92.3
2742,2025-11-16,801,1,2,9,3,Seguridad ocupacional,Virtual,8,56.48,85.2
2743,2025-11-10,806,1,1,14,3,Seguridad ocupacional,Virtual,8,53.33,80.0
2744,2025-11-23,812,1,4,4,3,Atención al cliente,Presencial,2,78.63,65.3
2745,2025-11-07,829,1,1,17,3,Buenas prácticas de almacenamiento,Presencial,2,89.66,84.5
2746,2025-11-15,843,3,10,27,3,Seguridad ocupacional,Presencial,2,87.87,81.3
2747,2025-11-02,844,1,3,17,2,Buenas prácticas de almacenamiento,Virtual,4,49.89,80.9
2748,2025-11-04,846,1,1,2,3,Excel y análisis de datos,Presencial,2,54.25,93.9
2749,2025-11-12,847,1,4,10,1,Liderazgo de equipos,Presencial,8,64.03,91.0
2750,2025-11-09,858,1,4,14,3,Liderazgo de equipos,Presencial,4,46.7,63.7
2751,2025-11-29,872,2,6,25,3,Seguridad ocupacional,Virtual,2,40.17,78.9
2752,2025-11-01,887,1,2,10,3,Atención al cliente,Presencial,8,74.02,83.2
2753,2025-11-25,891,1,1,10,2,Excel y análisis de datos,Virtual,8,51.03,86.7
2754,2025-11-08,898,1,1,7,2,Excel y análisis de datos,Virtual,2,18.59,82.4
2755,2025-12-14,17,6,15,27,4,Buenas prácticas de almacenamiento,Virtual,2,48.52,83.6
2756,2025-12-08,22,1,5,18,4,Buenas prácticas de almacenamiento,Presencial,4,30.25,92.6
2757,2025-12-03,47,1,1,5,4,Buenas prácticas de almacenamiento,Presencial,2,54.17,72.0
2758,2025-12-20,52,1,4,19,4,Buenas prácticas de almacenamiento,Presencial,2,64.12,85.9
2759,2025-12-27,75,1,5,18,4,Excel y análisis de datos,Virtual,8,30.96,82.6
2760,2025-12-05,96,1,1,12,4,Atención al cliente,Virtual,8,82.46,89.6
2761,2025-12-08,129,1,1,21,4,Buenas prácticas de almacenamiento,Virtual,2,17.64,70.4
2762,2025-12-03,188,1,4,1,4,Liderazgo de equipos,Presencial,8,63.93,78.3
2763,2025-12-26,192,1,1,2,4,Liderazgo de equipos,Virtual,2,81.59,90.5
2764,2025-12-12,205,1,1,12,4,Seguridad ocupacional,Presencial,8,28.77,83.4
2765,2025-12-11,207,1,1,3,4,Atención al cliente,Presencial,4,24.48,70.1
2766,2025-12-14,227,1,1,9,4,Seguridad ocupacional,Presencial,4,60.56,79.7
2767,2025-12-16,230,1,3,17,4,Atención al cliente,Presencial,4,43.65,100
2768,2025-12-16,233,2,6,25,4,Liderazgo de equipos,Presencial,8,31.03,69.1
2769,2025-12-06,241,1,1,14,4,Excel y análisis de datos,Presencial,4,26.06,89.4
2770,2025-12-17,263,1,3,12,4,Seguridad ocupacional,Presencial,8,59.63,88.8
2771,2025-12-01,283,1,5,12,4,Seguridad ocupacional,Presencial,4,32.55,80.0
2772,2025-12-09,294,1,1,1,4,Excel y análisis de datos,Presencial,4,87.89,84.5
2773,2025-12-01,295,1,5,18,4,Excel y análisis de datos,Virtual,2,23.41,81.9
2774,2025-12-05,310,1,2,21,4,Atención al cliente,Presencial,2,76.54,74.0
2775,2025-12-31,314,2,7,25,4,Liderazgo de equipos,Virtual,4,69.51,85.4
2776,2025-12-18,350,1,5,23,4,Liderazgo de equipos,Presencial,2,70.93,85.0
2777,2025-12-13,353,1,2,9,2,Liderazgo de equipos,Virtual,8,53.59,74.1
2778,2025-12-31,357,1,5,8,3,Buenas prácticas de almacenamiento,Presencial,2,49.45,92.4
2779,2025-12-23,370,2,6,26,3,Atención al cliente,Virtual,4,16.35,93.7
2780,2025-12-02,384,2,6,25,3,Excel y análisis de datos,Presencial,4,27.68,99.3
2781,2025-12-24,390,1,4,12,3,Seguridad ocupacional,Virtual,4,69.75,85.0
2782,2025-12-19,394,1,3,4,3,Excel y análisis de datos,Virtual,8,67.18,81.3
2783,2025-12-07,438,2,6,25,2,Buenas prácticas de almacenamiento,Virtual,2,77.18,91.4
2784,2025-12-26,439,3,9,27,2,Atención al cliente,Virtual,2,22.75,80.6
2785,2025-12-11,462,3,10,27,3,Atención al cliente,Presencial,2,48.43,83.0
2786,2025-12-19,465,1,5,19,1,Liderazgo de equipos,Virtual,8,53.89,76.8
2787,2025-12-13,491,1,5,24,2,Excel y análisis de datos,Virtual,2,40.79,99.6
2788,2025-12-23,505,3,9,27,1,Liderazgo de equipos,Presencial,8,66.14,75.8
2789,2025-12-18,508,1,4,14,3,Liderazgo de equipos,Virtual,4,36.25,83.7
2790,2025-12-02,534,1,2,22,3,Atención al cliente,Virtual,2,23.91,72.7
2791,2025-12-21,536,1,1,21,3,Buenas prácticas de almacenamiento,Presencial,2,43.09,68.3
2792,2025-12-06,564,2,6,26,3,Excel y análisis de datos,Virtual,8,66.83,95.5
2793,2025-12-15,568,1,1,9,2,Seguridad ocupacional,Presencial,2,19.96,74.0
2794,2025-12-25,574,1,3,22,3,Atención al cliente,Presencial,8,77.41,78.5
2795,2025-12-19,580,2,8,26,3,Buenas prácticas de almacenamiento,Virtual,2,22.02,68.9
2796,2025-12-20,585,1,5,1,2,Excel y análisis de datos,Presencial,2,89.87,91.3
2797,2025-12-05,587,1,1,6,2,Atención al cliente,Presencial,4,74.61,84.9
2798,2025-12-29,596,2,6,26,2,Atención al cliente,Virtual,2,77.94,86.9
2799,2025-12-20,607,1,1,8,2,Buenas prácticas de almacenamiento,Presencial,8,39.41,76.8
2800,2025-12-05,629,1,5,23,2,Excel y análisis de datos,Presencial,8,72.48,86.7
2801,2025-12-27,639,2,6,25,2,Buenas prácticas de almacenamiento,Virtual,2,87.64,78.8
2802,2025-12-03,645,1,5,2,3,Liderazgo de equipos,Virtual,2,40.06,69.2
2803,2025-12-29,646,1,1,19,3,Buenas prácticas de almacenamiento,Presencial,4,24.12,78.2
2804,2025-12-06,647,1,1,5,3,Liderazgo de equipos,Virtual,4,51.51,85.9
2805,2025-12-10,648,1,5,12,3,Atención al cliente,Presencial,4,50.74,67.1
2806,2025-12-24,652,1,1,10,3,Liderazgo de equipos,Presencial,8,84.77,73.6
2807,2025-12-17,656,4,12,27,3,Liderazgo de equipos,Presencial,4,45.89,80.7
2808,2025-12-02,702,1,1,14,2,Atención al cliente,Virtual,4,67.31,71.4
2809,2025-12-21,704,1,1,2,3,Buenas prácticas de almacenamiento,Presencial,4,56.49,70.9
2810,2025-12-16,709,1,3,4,2,Seguridad ocupacional,Virtual,2,77.44,73.3
2811,2025-12-24,713,1,1,5,3,Liderazgo de equipos,Virtual,8,77.46,74.5
2812,2025-12-08,723,1,1,24,3,Buenas prácticas de almacenamiento,Virtual,8,57.44,84.3
2813,2025-12-01,727,2,6,26,3,Buenas prácticas de almacenamiento,Presencial,4,60.18,90.8
2814,2025-12-13,750,1,2,17,3,Atención al cliente,Virtual,2,63.69,93.3
2815,2025-12-11,756,1,3,22,3,Seguridad ocupacional,Virtual,8,83.5,75.1
2816,2025-12-14,757,1,4,1,1,Atención al cliente,Presencial,8,79.74,94.8
2817,2025-12-26,760,1,5,1,3,Liderazgo de equipos,Virtual,2,27.57,89.2
2818,2025-12-12,762,1,1,19,2,Excel y análisis de datos,Presencial,2,44.49,74.2
2819,2025-12-14,767,2,6,25,3,Buenas prácticas de almacenamiento,Presencial,4,18.88,83.2
2820,2025-12-14,806,1,1,14,3,Liderazgo de equipos,Presencial,4,82.49,57.3
2821,2025-12-14,808,1,1,5,2,Atención al cliente,Virtual,2,86.17,83.0
2822,2025-12-08,822,1,1,18,3,Excel y análisis de datos,Presencial,2,44.91,82.2
2823,2025-12-16,833,1,5,13,3,Liderazgo de equipos,Virtual,2,49.79,87.1
2824,2025-12-12,836,5,13,27,3,Excel y análisis de datos,Virtual,8,56.73,95.8
2825,2025-12-15,843,3,10,27,3,Seguridad ocupacional,Virtual,4,71.27,79.8
2826,2025-12-11,847,1,4,10,1,Seguridad ocupacional,Presencial,4,32.46,93.0
2827,2025-12-05,849,1,5,2,3,Excel y análisis de datos,Presencial,8,71.26,69.8
2828,2025-12-11,850,1,3,22,3,Buenas prácticas de almacenamiento,Presencial,2,66.54,81.3
2829,2025-12-20,866,1,5,4,1,Seguridad ocupacional,Presencial,8,33.73,75.0
2830,2025-12-01,874,1,3,11,3,Buenas prácticas de almacenamiento,Virtual,8,53.71,81.0
2831,2025-12-20,893,4,11,27,2,Liderazgo de equipos,Virtual,4,60.08,75.9
2832,2025-12-26,900,1,5,19,1,Atención al cliente,Virtual,4,46.74,87.3
2833,2026-01-10,12,1,5,10,4,Buenas prácticas de almacenamiento,Virtual,2,23.04,85.6
2834,2026-01-14,25,1,3,11,4,Liderazgo de equipos,Presencial,4,45.41,84.9
2835,2026-01-05,80,1,3,12,4,Seguridad ocupacional,Virtual,2,29.2,83.8
2836,2026-01-21,84,1,3,9,4,Buenas prácticas de almacenamiento,Presencial,2,32.27,88.2
2837,2026-01-08,96,1,1,12,4,Seguridad ocupacional,Virtual,2,63.06,67.0
2838,2026-01-11,99,1,2,5,4,Liderazgo de equipos,Presencial,4,15.27,87.3
2839,2026-01-16,100,1,4,23,4,Atención al cliente,Presencial,8,31.22,78.7
2840,2026-01-27,106,1,4,6,4,Excel y análisis de datos,Virtual,4,85.22,90.7
2841,2026-01-23,128,1,2,2,4,Seguridad ocupacional,Virtual,2,71.66,72.4
2842,2026-01-30,131,1,5,5,4,Excel y análisis de datos,Presencial,8,15.12,89.0
2843,2026-01-06,139,1,5,11,4,Seguridad ocupacional,Presencial,2,47.7,85.9
2844,2026-01-16,145,1,2,1,4,Liderazgo de equipos,Presencial,8,39.65,85.3
2845,2026-01-01,165,1,2,3,4,Seguridad ocupacional,Presencial,8,44.34,66.3
2846,2026-01-30,207,1,1,3,4,Buenas prácticas de almacenamiento,Presencial,8,75.06,75.5
2847,2026-01-08,208,2,6,25,4,Atención al cliente,Presencial,4,44.16,72.6
2848,2026-01-01,236,1,1,2,4,Buenas prácticas de almacenamiento,Virtual,4,21.11,82.2
2849,2026-01-31,247,1,5,17,4,Liderazgo de equipos,Virtual,4,47.03,89.1
2850,2026-01-29,252,1,2,21,4,Seguridad ocupacional,Presencial,8,29.99,72.6
2851,2026-01-02,256,1,4,21,4,Liderazgo de equipos,Presencial,8,71.35,83.8
2852,2026-01-29,263,1,3,12,4,Seguridad ocupacional,Virtual,2,84.82,91.8
2853,2026-01-15,278,1,1,5,4,Seguridad ocupacional,Virtual,4,55.53,81.3
2854,2026-01-20,300,5,13,27,4,Buenas prácticas de almacenamiento,Presencial,2,40.92,66.3
2855,2026-01-22,306,1,4,4,4,Seguridad ocupacional,Virtual,4,80.85,72.8
2856,2026-01-22,322,6,16,27,4,Seguridad ocupacional,Presencial,4,44.67,67.0
2857,2026-01-21,329,2,6,26,4,Seguridad ocupacional,Presencial,8,61.6,71.1
2858,2026-01-08,340,5,13,27,4,Atención al cliente,Presencial,2,39.0,89.3
2859,2026-01-13,350,1,5,23,4,Seguridad ocupacional,Presencial,4,39.48,55.1
2860,2026-01-09,376,3,10,27,4,Atención al cliente,Virtual,2,54.51,67.6
2861,2026-01-18,382,1,2,19,1,Liderazgo de equipos,Presencial,4,78.83,82.9
2862,2026-01-28,389,1,3,6,3,Buenas prácticas de almacenamiento,Virtual,8,72.04,83.9
2863,2026-01-02,390,1,4,12,3,Liderazgo de equipos,Presencial,8,23.64,83.0
2864,2026-01-06,391,2,7,26,2,Seguridad ocupacional,Virtual,2,67.38,72.6
2865,2026-01-14,393,1,4,4,3,Excel y análisis de datos,Virtual,8,79.91,81.2
2866,2026-01-27,394,1,3,4,3,Buenas prácticas de almacenamiento,Presencial,4,35.65,76.3
2867,2026-01-12,398,5,14,27,3,Seguridad ocupacional,Presencial,4,28.42,81.3
2868,2026-01-17,404,1,5,10,3,Buenas prácticas de almacenamiento,Presencial,8,69.57,69.1
2869,2026-01-17,415,1,1,23,2,Seguridad ocupacional,Presencial,4,43.47,82.4
2870,2026-01-27,421,1,1,13,3,Buenas prácticas de almacenamiento,Presencial,4,50.0,87.3
2871,2026-01-15,432,6,15,27,2,Liderazgo de equipos,Presencial,8,83.86,92.1
2872,2026-01-08,434,1,1,15,3,Liderazgo de equipos,Virtual,4,16.65,81.2
2873,2026-01-04,437,1,5,12,2,Atención al cliente,Virtual,8,17.24,88.0
2874,2026-01-17,449,1,3,24,3,Atención al cliente,Presencial,4,67.44,82.4
2875,2026-01-01,465,1,5,19,1,Seguridad ocupacional,Presencial,4,49.41,72.0
2876,2026-01-18,473,1,1,5,2,Liderazgo de equipos,Presencial,2,76.86,79.9
2877,2026-01-03,484,2,8,25,2,Buenas prácticas de almacenamiento,Virtual,2,81.19,80.4
2878,2026-01-15,497,1,1,14,3,Buenas prácticas de almacenamiento,Presencial,4,61.77,74.9
2879,2026-01-27,503,1,3,16,3,Liderazgo de equipos,Presencial,4,54.92,82.2
2880,2026-01-20,533,1,3,15,3,Seguridad ocupacional,Presencial,8,76.93,78.3
2881,2026-01-24,536,1,1,21,3,Buenas prácticas de almacenamiento,Presencial,4,79.76,92.8
2882,2026-01-07,537,2,8,25,3,Atención al cliente,Virtual,2,68.23,85.1
2883,2026-01-30,555,1,5,12,1,Buenas prácticas de almacenamiento,Presencial,4,27.81,72.2
2884,2026-01-04,556,1,1,7,3,Excel y análisis de datos,Virtual,4,38.72,81.9
2885,2026-01-03,562,1,2,19,2,Atención al cliente,Virtual,4,48.55,80.8
2886,2026-01-01,571,1,3,12,3,Excel y análisis de datos,Virtual,4,66.39,89.4
2887,2026-01-02,580,2,8,26,3,Atención al cliente,Virtual,8,49.56,60.9
2888,2026-01-26,603,1,1,11,3,Seguridad ocupacional,Presencial,4,33.78,77.4
2889,2026-01-01,605,1,4,16,3,Buenas prácticas de almacenamiento,Presencial,8,84.38,58.9
2890,2026-01-08,612,1,1,18,3,Atención al cliente,Virtual,4,70.7,90.9
2891,2026-01-18,627,1,2,19,2,Liderazgo de equipos,Presencial,4,82.0,88.2
2892,2026-01-12,629,1,5,23,2,Liderazgo de equipos,Virtual,8,44.61,89.9
2893,2026-01-25,630,1,1,20,3,Buenas prácticas de almacenamiento,Presencial,4,54.9,84.5
2894,2026-01-08,636,1,5,4,2,Liderazgo de equipos,Presencial,2,66.11,77.5
2895,2026-01-28,638,1,5,24,3,Liderazgo de equipos,Presencial,4,82.84,76.8
2896,2026-01-17,654,1,5,21,1,Liderazgo de equipos,Virtual,8,37.7,96.0
2897,2026-01-15,672,1,1,19,2,Excel y análisis de datos,Presencial,2,19.11,94.6
2898,2026-01-21,683,1,1,22,1,Liderazgo de equipos,Virtual,8,30.67,82.0
2899,2026-01-30,709,1,3,4,2,Liderazgo de equipos,Presencial,4,31.61,64.1
2900,2026-01-02,727,2,6,26,3,Seguridad ocupacional,Presencial,2,44.99,66.8
2901,2026-01-25,732,1,1,21,3,Seguridad ocupacional,Virtual,4,74.37,79.3
2902,2026-01-10,747,1,1,5,3,Liderazgo de equipos,Virtual,4,80.97,68.9
2903,2026-01-11,766,1,2,23,2,Liderazgo de equipos,Virtual,8,67.03,68.0
2904,2026-01-01,776,6,15,27,2,Liderazgo de equipos,Virtual,8,18.27,79.8
2905,2026-01-23,795,1,3,1,1,Seguridad ocupacional,Presencial,8,21.99,89.4
2906,2026-01-17,803,1,2,8,3,Seguridad ocupacional,Virtual,8,30.15,100
2907,2026-01-17,809,1,2,1,3,Atención al cliente,Presencial,8,79.72,88.2
2908,2026-01-12,812,1,4,4,3,Excel y análisis de datos,Presencial,8,59.02,83.8
2909,2026-01-16,822,1,1,18,3,Buenas prácticas de almacenamiento,Presencial,4,61.21,81.5
2910,2026-01-24,827,4,11,27,3,Excel y análisis de datos,Presencial,8,35.07,89.4
2911,2026-01-23,829,1,1,17,3,Atención al cliente,Presencial,4,69.48,94.3
2912,2026-01-07,847,1,4,10,2,Excel y análisis de datos,Presencial,2,60.51,90.2
2913,2026-01-07,860,1,5,7,3,Excel y análisis de datos,Virtual,8,30.45,87.6
2914,2026-01-11,883,1,2,18,3,Atención al cliente,Virtual,2,65.46,93.5
2915,2026-01-16,891,1,1,10,2,Buenas prácticas de almacenamiento,Virtual,2,49.91,83.4
2916,2026-02-10,9,1,1,11,4,Atención al cliente,Virtual,8,89.98,64.0
2917,2026-02-23,22,1,5,18,4,Excel y análisis de datos,Virtual,2,77.68,87.7
2918,2026-02-03,37,3,9,27,4,Buenas prácticas de almacenamiento,Virtual,4,66.79,54.4
2919,2026-02-23,41,1,2,17,4,Seguridad ocupacional,Presencial,2,79.14,70.0
2920,2026-02-01,46,1,4,14,4,Seguridad ocupacional,Virtual,2,72.77,78.5
2921,2026-02-12,54,1,4,19,4,Seguridad ocupacional,Presencial,2,76.76,63.6
2922,2026-02-23,56,1,3,17,4,Seguridad ocupacional,Presencial,4,51.54,87.6
2923,2026-02-14,58,1,3,10,4,Liderazgo de equipos,Virtual,2,53.16,87.7
2924,2026-02-02,59,1,4,7,4,Seguridad ocupacional,Presencial,4,66.06,85.0
2925,2026-02-27,65,1,3,20,4,Atención al cliente,Virtual,8,36.5,87.5
2926,2026-02-24,77,2,6,25,4,Buenas prácticas de almacenamiento,Presencial,4,32.53,93.1
2927,2026-02-20,88,1,3,19,4,Buenas prácticas de almacenamiento,Virtual,2,25.57,81.2
2928,2026-02-24,90,2,6,26,4,Buenas prácticas de almacenamiento,Presencial,4,18.26,84.9
2929,2026-02-28,93,1,4,14,4,Atención al cliente,Presencial,2,55.27,75.4
2930,2026-02-14,99,1,2,5,4,Excel y análisis de datos,Virtual,8,60.2,88.2
2931,2026-02-16,100,1,4,23,4,Liderazgo de equipos,Presencial,4,57.23,82.0
2932,2026-02-02,108,1,2,17,4,Excel y análisis de datos,Presencial,2,76.82,86.7
2933,2026-02-21,121,1,3,20,4,Atención al cliente,Virtual,8,38.57,75.5
2934,2026-02-16,139,1,5,11,4,Buenas prácticas de almacenamiento,Virtual,4,49.87,67.8
2935,2026-02-03,160,1,3,19,4,Atención al cliente,Presencial,8,28.4,87.5
2936,2026-02-02,161,1,3,22,4,Seguridad ocupacional,Virtual,8,30.11,86.6
2937,2026-02-24,167,1,3,22,4,Atención al cliente,Presencial,2,34.82,83.1
2938,2026-02-16,168,1,3,6,4,Buenas prácticas de almacenamiento,Virtual,4,82.38,81.8
2939,2026-02-19,180,1,3,6,4,Seguridad ocupacional,Virtual,8,52.29,84.1
2940,2026-02-16,190,6,16,27,4,Liderazgo de equipos,Presencial,4,33.28,79.8
2941,2026-02-10,195,1,2,14,4,Liderazgo de equipos,Presencial,8,39.58,74.9
2942,2026-02-06,247,1,5,17,4,Liderazgo de equipos,Presencial,2,33.06,84.8
2943,2026-02-25,252,1,2,21,4,Excel y análisis de datos,Virtual,2,64.54,67.9
2944,2026-02-05,270,1,3,18,4,Excel y análisis de datos,Presencial,2,18.01,64.2
2945,2026-02-24,285,5,14,27,4,Liderazgo de equipos,Presencial,8,58.0,86.6
2946,2026-02-20,292,2,6,26,4,Seguridad ocupacional,Presencial,8,46.7,72.9
2947,2026-02-25,300,5,13,27,4,Excel y análisis de datos,Presencial,2,73.69,84.5
2948,2026-02-14,320,1,4,10,4,Liderazgo de equipos,Presencial,4,35.69,79.9
2949,2026-02-13,348,1,4,13,4,Buenas prácticas de almacenamiento,Presencial,8,19.45,94.2
2950,2026-02-19,350,1,5,23,4,Atención al cliente,Presencial,8,29.5,72.1
2951,2026-02-05,357,1,5,8,3,Atención al cliente,Presencial,4,28.13,86.9
2952,2026-02-11,358,1,2,13,3,Liderazgo de equipos,Presencial,8,72.3,73.2
2953,2026-02-14,361,1,1,4,3,Seguridad ocupacional,Presencial,4,88.13,73.7
2954,2026-02-15,371,1,5,8,2,Seguridad ocupacional,Presencial,4,68.14,68.4
2955,2026-02-07,382,1,2,19,1,Seguridad ocupacional,Virtual,4,26.01,65.4
2956,2026-02-13,395,1,3,2,2,Liderazgo de equipos,Virtual,4,73.35,84.2
2957,2026-02-10,398,5,14,27,3,Liderazgo de equipos,Virtual,2,32.05,95.7
2958,2026-02-28,402,1,4,10,3,Seguridad ocupacional,Presencial,4,60.45,77.9
2959,2026-02-25,404,1,5,10,3,Seguridad ocupacional,Presencial,8,29.14,73.5
2960,2026-02-02,405,1,1,7,1,Buenas prácticas de almacenamiento,Presencial,4,42.27,66.9
2961,2026-02-15,410,1,1,21,3,Buenas prácticas de almacenamiento,Presencial,4,73.07,82.1
2962,2026-02-26,419,1,2,22,1,Atención al cliente,Virtual,8,19.17,79.2
2963,2026-02-25,420,1,5,17,2,Seguridad ocupacional,Presencial,2,15.31,88.7
2964,2026-02-13,423,1,5,22,2,Excel y análisis de datos,Presencial,2,67.92,74.5
2965,2026-02-20,458,1,1,19,2,Seguridad ocupacional,Presencial,8,52.26,94.8
2966,2026-02-10,470,1,2,11,1,Buenas prácticas de almacenamiento,Presencial,4,58.1,99.2
2967,2026-02-01,483,1,2,3,1,Buenas prácticas de almacenamiento,Presencial,4,43.02,82.2
2968,2026-02-04,495,1,2,9,3,Liderazgo de equipos,Presencial,8,74.97,83.7
2969,2026-02-17,497,1,1,14,3,Liderazgo de equipos,Presencial,4,28.79,71.5
2970,2026-02-21,498,1,1,18,3,Buenas prácticas de almacenamiento,Presencial,4,37.6,77.1
2971,2026-02-27,503,1,3,16,3,Seguridad ocupacional,Virtual,4,45.07,87.2
2972,2026-02-04,509,1,3,13,2,Excel y análisis de datos,Virtual,8,78.04,89.5
2973,2026-02-03,513,1,1,23,3,Atención al cliente,Presencial,4,47.38,77.0
2974,2026-02-07,533,1,3,15,3,Excel y análisis de datos,Virtual,4,88.44,56.0
2975,2026-02-11,540,1,3,14,3,Excel y análisis de datos,Presencial,4,79.63,80.7
2976,2026-02-20,555,1,5,12,1,Buenas prácticas de almacenamiento,Virtual,4,32.72,97.4
2977,2026-02-13,558,1,1,3,2,Liderazgo de equipos,Presencial,2,36.31,90.9
2978,2026-02-16,563,1,3,13,3,Buenas prácticas de almacenamiento,Virtual,2,72.72,72.1
2979,2026-02-10,586,1,1,23,3,Liderazgo de equipos,Virtual,4,78.7,78.2
2980,2026-02-07,589,1,1,4,3,Excel y análisis de datos,Presencial,4,45.6,77.4
2981,2026-02-05,609,1,3,16,3,Seguridad ocupacional,Presencial,8,89.81,82.3
2982,2026-02-25,624,1,3,4,3,Excel y análisis de datos,Presencial,8,84.47,87.1
2983,2026-02-12,626,2,6,25,3,Seguridad ocupacional,Virtual,8,29.73,87.7
2984,2026-02-26,628,1,1,10,2,Buenas prácticas de almacenamiento,Virtual,2,52.2,99.1
2985,2026-02-24,646,1,1,19,3,Liderazgo de equipos,Presencial,4,57.13,78.8
2986,2026-02-22,653,1,1,3,3,Excel y análisis de datos,Presencial,8,31.33,83.7
2987,2026-02-20,706,1,1,5,2,Liderazgo de equipos,Presencial,2,24.99,73.7
2988,2026-02-11,708,4,12,27,4,Liderazgo de equipos,Presencial,4,43.39,80.4
2989,2026-02-12,718,1,2,17,1,Liderazgo de equipos,Virtual,4,87.36,90.2
2990,2026-02-07,722,1,3,17,2,Atención al cliente,Presencial,2,30.5,69.8
2991,2026-02-21,725,1,4,18,3,Atención al cliente,Virtual,8,34.26,85.3
2992,2026-02-16,735,4,12,27,3,Excel y análisis de datos,Presencial,4,75.5,74.4
2993,2026-02-21,780,1,1,8,3,Seguridad ocupacional,Presencial,2,58.35,82.0
2994,2026-02-06,795,1,3,1,1,Liderazgo de equipos,Presencial,8,15.53,86.6
2995,2026-02-26,803,1,2,8,3,Seguridad ocupacional,Presencial,2,47.25,90.4
2996,2026-02-12,808,1,1,5,2,Excel y análisis de datos,Presencial,8,18.59,77.9
2997,2026-02-28,816,4,12,27,3,Excel y análisis de datos,Virtual,2,68.82,80.8
2998,2026-02-21,822,1,1,18,3,Buenas prácticas de almacenamiento,Virtual,8,35.84,73.7
2999,2026-02-07,827,4,11,27,3,Liderazgo de equipos,Virtual,4,63.71,85.9
3000,2026-02-21,838,1,1,6,4,Buenas prácticas de almacenamiento,Virtual,4,26.87,94.0
3001,2026-02-05,847,1,4,10,2,Buenas prácticas de almacenamiento,Presencial,4,30.67,80.7
3002,2026-02-16,857,2,8,26,2,Buenas prácticas de almacenamiento,Presencial,2,46.47,86.7
3003,2026-02-16,863,1,2,22,1,Atención al cliente,Virtual,8,28.86,69.8
3004,2026-02-16,891,1,1,10,2,Atención al cliente,Presencial,8,20.44,75.2
3005,2026-02-26,892,1,1,19,2,Excel y análisis de datos,Virtual,8,76.12,88.8
3006,2026-03-10,22,1,5,18,4,Seguridad ocupacional,Virtual,8,49.17,73.7
3007,2026-03-17,68,1,2,7,4,Atención al cliente,Virtual,4,68.42,82.8
3008,2026-03-22,84,1,3,9,4,Excel y análisis de datos,Presencial,4,66.79,69.2
3009,2026-03-24,98,1,3,18,4,Liderazgo de equipos,Presencial,4,89.04,92.3
3010,2026-03-25,102,1,1,14,4,Buenas prácticas de almacenamiento,Virtual,2,31.75,71.1
3011,2026-03-13,121,1,3,20,4,Liderazgo de equipos,Presencial,8,39.5,90.7
3012,2026-03-01,122,1,2,21,4,Liderazgo de equipos,Presencial,8,15.1,68.7
3013,2026-03-29,171,1,4,4,4,Liderazgo de equipos,Virtual,4,30.04,84.8
3014,2026-03-20,180,1,3,6,4,Liderazgo de equipos,Virtual,4,56.46,76.1
3015,2026-03-20,207,1,1,3,4,Atención al cliente,Virtual,8,39.9,80.8
3016,2026-03-29,213,1,4,14,4,Seguridad ocupacional,Virtual,8,51.22,83.1
3017,2026-03-01,233,2,6,25,4,Liderazgo de equipos,Virtual,8,77.99,65.1
3018,2026-03-25,239,1,3,8,4,Seguridad ocupacional,Virtual,8,51.83,81.7
3019,2026-03-28,242,1,1,2,4,Liderazgo de equipos,Virtual,4,59.91,72.0
3020,2026-03-23,245,1,1,5,4,Atención al cliente,Virtual,2,46.25,84.9
3021,2026-03-04,263,1,3,12,4,Buenas prácticas de almacenamiento,Virtual,2,83.14,68.1
3022,2026-03-25,270,1,3,18,4,Liderazgo de equipos,Presencial,8,22.95,85.3
3023,2026-03-08,301,1,5,1,4,Atención al cliente,Presencial,2,45.12,100
3024,2026-03-07,320,1,4,10,4,Atención al cliente,Presencial,8,22.93,71.9
3025,2026-03-04,321,6,16,27,4,Buenas prácticas de almacenamiento,Virtual,2,83.83,90.8
3026,2026-03-28,340,5,13,27,4,Excel y análisis de datos,Presencial,4,68.98,83.6
3027,2026-03-17,343,1,1,15,4,Buenas prácticas de almacenamiento,Virtual,2,27.05,72.5
3028,2026-03-21,348,1,4,13,4,Seguridad ocupacional,Presencial,8,50.28,86.1
3029,2026-03-12,350,1,5,23,4,Atención al cliente,Presencial,8,53.24,94.3
3030,2026-03-08,360,1,2,23,3,Excel y análisis de datos,Presencial,8,73.6,84.9
3031,2026-03-26,377,1,5,16,3,Buenas prácticas de almacenamiento,Presencial,8,35.29,84.9
3032,2026-03-02,378,1,1,17,4,Excel y análisis de datos,Virtual,8,20.11,98.1
3033,2026-03-23,394,1,3,4,3,Buenas prácticas de almacenamiento,Presencial,8,70.85,69.4
3034,2026-03-28,401,1,3,9,2,Atención al cliente,Virtual,8,67.71,74.8
3035,2026-03-16,402,1,4,10,3,Excel y análisis de datos,Presencial,8,42.54,73.9
3036,2026-03-02,426,1,1,17,3,Excel y análisis de datos,Virtual,2,80.08,75.9
3037,2026-03-03,434,1,1,15,3,Atención al cliente,Virtual,4,52.67,90.9
3038,2026-03-12,452,1,3,21,3,Seguridad ocupacional,Virtual,8,57.34,92.4
3039,2026-03-06,466,2,7,26,2,Liderazgo de equipos,Virtual,2,57.56,76.1
3040,2026-03-06,468,2,6,26,3,Atención al cliente,Virtual,2,51.14,68.9
3041,2026-03-08,472,1,1,9,3,Buenas prácticas de almacenamiento,Presencial,4,32.37,99.1
3042,2026-03-04,477,5,13,27,2,Seguridad ocupacional,Presencial,4,58.65,90.3
3043,2026-03-03,478,6,15,27,3,Excel y análisis de datos,Virtual,4,76.28,96.3
3044,2026-03-05,486,1,4,18,3,Buenas prácticas de almacenamiento,Presencial,2,50.52,71.9
3045,2026-03-12,489,1,1,15,1,Atención al cliente,Presencial,2,22.47,82.4
3046,2026-03-13,493,1,5,18,2,Buenas prácticas de almacenamiento,Virtual,2,45.84,67.1
3047,2026-03-19,536,1,1,21,4,Atención al cliente,Virtual,4,20.87,77.1
3048,2026-03-18,565,1,1,2,1,Excel y análisis de datos,Virtual,2,88.73,92.7
3049,2026-03-22,567,1,3,12,3,Excel y análisis de datos,Virtual,4,33.1,93.7
3050,2026-03-24,574,1,3,22,3,Liderazgo de equipos,Virtual,8,41.4,87.9
3051,2026-03-23,580,2,8,26,3,Excel y análisis de datos,Presencial,2,52.6,66.6
3052,2026-03-01,582,1,4,12,3,Buenas prácticas de almacenamiento,Virtual,4,47.49,73.7
3053,2026-03-28,585,1,5,1,2,Atención al cliente,Presencial,8,65.35,92.9
3054,2026-03-09,588,1,1,9,1,Seguridad ocupacional,Virtual,2,62.2,65.6
3055,2026-03-30,589,1,1,4,3,Buenas prácticas de almacenamiento,Presencial,4,22.37,87.8
3056,2026-03-25,608,1,2,17,2,Buenas prácticas de almacenamiento,Virtual,8,26.64,70.8
3057,2026-03-05,650,1,3,9,2,Excel y análisis de datos,Presencial,8,53.81,77.6
3058,2026-03-30,674,1,2,16,3,Buenas prácticas de almacenamiento,Presencial,2,66.4,79.6
3059,2026-03-19,679,1,1,24,2,Excel y análisis de datos,Presencial,4,81.69,78.6
3060,2026-03-09,680,1,1,16,2,Excel y análisis de datos,Virtual,4,52.29,89.3
3061,2026-03-31,699,1,4,11,3,Liderazgo de equipos,Virtual,4,17.34,85.9
3062,2026-03-03,702,1,1,14,3,Liderazgo de equipos,Virtual,2,52.7,77.7
3063,2026-03-16,708,4,12,27,4,Excel y análisis de datos,Presencial,2,39.44,88.1
3064,2026-03-16,722,1,3,17,2,Excel y análisis de datos,Virtual,8,48.23,72.1
3065,2026-03-29,724,1,1,7,1,Buenas prácticas de almacenamiento,Virtual,2,84.03,82.7
3066,2026-03-25,732,1,1,21,3,Buenas prácticas de almacenamiento,Virtual,8,56.06,85.4
3067,2026-03-31,735,4,12,27,3,Atención al cliente,Presencial,8,78.93,86.4
3068,2026-03-07,746,1,5,18,2,Atención al cliente,Presencial,2,21.59,96.1
3069,2026-03-15,750,1,2,17,3,Buenas prácticas de almacenamiento,Presencial,4,36.3,77.0
3070,2026-03-27,758,1,5,8,1,Atención al cliente,Presencial,2,43.18,74.3
3071,2026-03-18,762,1,1,19,2,Buenas prácticas de almacenamiento,Presencial,8,30.16,75.6
3072,2026-03-22,771,1,1,7,3,Seguridad ocupacional,Virtual,8,41.49,95.6
3073,2026-03-31,782,1,1,10,3,Atención al cliente,Virtual,4,80.3,76.7
3074,2026-03-27,808,1,1,5,2,Buenas prácticas de almacenamiento,Presencial,2,45.87,92.1
3075,2026-03-22,821,2,7,26,3,Atención al cliente,Presencial,2,28.04,79.4
3076,2026-03-12,822,1,1,18,3,Liderazgo de equipos,Virtual,2,76.49,81.6
3077,2026-03-04,825,5,13,27,2,Seguridad ocupacional,Virtual,8,69.7,75.1
3078,2026-03-30,836,5,13,27,3,Atención al cliente,Presencial,2,33.03,71.2
3079,2026-03-03,845,1,4,15,1,Excel y análisis de datos,Virtual,2,55.88,100
3080,2026-03-23,857,2,8,26,2,Excel y análisis de datos,Presencial,8,20.1,80.8
3081,2026-03-28,880,1,2,22,3,Excel y análisis de datos,Virtual,8,71.21,91.5
3082,2026-03-16,883,1,2,18,3,Excel y análisis de datos,Presencial,4,19.95,72.8
3083,2026-03-12,887,1,2,10,3,Buenas prácticas de almacenamiento,Virtual,2,34.23,74.1
3084,2026-03-07,891,1,1,10,2,Excel y análisis de datos,Virtual,4,34.56,77.4
3085,2026-03-26,892,1,1,19,2,Buenas prácticas de almacenamiento,Presencial,4,23.61,79.2
3086,2026-03-05,893,4,11,27,2,Seguridad ocupacional,Presencial,8,57.15,67.6
3087,2026-04-24,3,1,4,11,4,Buenas prácticas de almacenamiento,Virtual,4,45.18,87.4
3088,2026-04-04,12,1,5,10,4,Seguridad ocupacional,Presencial,2,47.62,90.1
3089,2026-04-23,13,1,5,8,4,Seguridad ocupacional,Presencial,8,58.04,77.4
3090,2026-04-28,54,1,4,19,4,Atención al cliente,Presencial,2,43.52,88.0
3091,2026-04-06,59,1,4,7,4,Atención al cliente,Virtual,4,31.85,94.2
3092,2026-04-19,77,2,6,25,4,Liderazgo de equipos,Presencial,2,32.83,85.0
3093,2026-04-23,96,1,1,12,4,Atención al cliente,Virtual,2,36.32,83.9
3094,2026-04-14,112,1,1,9,4,Liderazgo de equipos,Virtual,8,15.06,98.8
3095,2026-04-04,122,1,2,21,4,Liderazgo de equipos,Virtual,4,29.83,83.2
3096,2026-04-25,124,1,1,15,4,Atención al cliente,Presencial,8,88.03,89.4
3097,2026-04-27,129,1,1,21,4,Atención al cliente,Virtual,2,52.33,87.5
3098,2026-04-20,132,1,1,5,4,Excel y análisis de datos,Virtual,8,52.06,78.0
3099,2026-04-17,135,1,4,18,4,Excel y análisis de datos,Presencial,8,51.89,80.0
3100,2026-04-02,139,1,5,11,4,Buenas prácticas de almacenamiento,Virtual,4,61.47,69.9
3101,2026-04-13,140,1,1,22,4,Excel y análisis de datos,Virtual,8,49.3,84.7
3102,2026-04-07,160,1,3,19,4,Atención al cliente,Virtual,2,84.45,72.4
3103,2026-04-30,167,1,3,22,4,Seguridad ocupacional,Presencial,2,24.9,77.9
3104,2026-04-21,176,1,1,6,4,Buenas prácticas de almacenamiento,Virtual,2,46.51,84.8
3105,2026-04-04,187,1,3,20,4,Buenas prácticas de almacenamiento,Presencial,2,59.34,81.1
3106,2026-04-10,192,1,1,2,4,Liderazgo de equipos,Virtual,8,32.7,71.2
3107,2026-04-03,193,1,4,21,4,Seguridad ocupacional,Virtual,4,53.12,85.5
3108,2026-04-21,203,4,12,27,4,Liderazgo de equipos,Virtual,4,71.6,73.0
3109,2026-04-03,207,1,1,3,4,Seguridad ocupacional,Presencial,4,83.51,76.3
3110,2026-04-15,216,1,4,20,4,Liderazgo de equipos,Virtual,2,84.0,96.7
3111,2026-04-27,247,1,5,17,4,Buenas prácticas de almacenamiento,Presencial,2,34.09,97.9
3112,2026-04-11,261,1,5,23,4,Buenas prácticas de almacenamiento,Virtual,2,71.82,65.8
3113,2026-04-21,268,1,5,10,4,Atención al cliente,Presencial,8,38.69,92.3
3114,2026-04-11,303,1,1,24,4,Buenas prácticas de almacenamiento,Virtual,4,37.46,78.3
3115,2026-04-04,327,3,9,27,4,Buenas prácticas de almacenamiento,Virtual,4,22.2,75.7
3116,2026-04-23,349,6,15,27,4,Buenas prácticas de almacenamiento,Virtual,2,60.64,70.9
3117,2026-04-02,355,1,5,2,3,Seguridad ocupacional,Presencial,4,78.58,76.6
3118,2026-04-14,369,1,5,3,2,Atención al cliente,Presencial,8,26.65,92.7
3119,2026-04-10,370,2,6,26,3,Liderazgo de equipos,Presencial,4,36.38,80.6
3120,2026-04-26,372,1,5,20,2,Buenas prácticas de almacenamiento,Presencial,4,45.59,88.4
3121,2026-04-26,385,1,1,22,2,Liderazgo de equipos,Virtual,4,49.1,85.0
3122,2026-04-10,388,1,2,17,1,Liderazgo de equipos,Presencial,8,57.48,70.1
3123,2026-04-05,392,6,16,27,1,Atención al cliente,Presencial,4,66.64,97.6
3124,2026-04-07,393,1,4,4,3,Seguridad ocupacional,Virtual,8,20.3,92.6
3125,2026-04-09,395,1,3,2,2,Atención al cliente,Virtual,2,54.22,86.6
3126,2026-04-14,400,1,1,1,3,Buenas prácticas de almacenamiento,Presencial,8,47.76,71.0
3127,2026-04-02,427,1,2,16,2,Atención al cliente,Presencial,8,19.3,82.1
3128,2026-04-28,435,1,4,7,3,Liderazgo de equipos,Presencial,8,80.14,88.7
3129,2026-04-11,449,1,3,24,3,Buenas prácticas de almacenamiento,Presencial,8,79.83,99.6
3130,2026-04-15,459,4,11,27,2,Liderazgo de equipos,Virtual,4,63.58,76.5
3131,2026-04-09,462,3,10,27,3,Liderazgo de equipos,Presencial,4,61.73,63.4
3132,2026-04-16,465,1,5,19,2,Liderazgo de equipos,Presencial,4,77.09,87.0
3133,2026-04-10,478,6,15,27,3,Atención al cliente,Virtual,8,74.56,77.4
3134,2026-04-02,503,1,3,16,3,Atención al cliente,Virtual,4,18.12,72.7
3135,2026-04-02,514,1,1,17,2,Seguridad ocupacional,Virtual,8,86.5,73.4
3136,2026-04-08,522,1,1,7,3,Liderazgo de equipos,Virtual,8,29.49,81.5
3137,2026-04-26,529,1,3,24,3,Liderazgo de equipos,Virtual,4,45.48,74.3
3138,2026-04-23,531,1,1,15,1,Buenas prácticas de almacenamiento,Presencial,2,29.42,69.5
3139,2026-04-12,549,1,1,23,3,Excel y análisis de datos,Virtual,4,25.41,76.3
3140,2026-04-16,558,1,1,3,2,Atención al cliente,Virtual,2,34.84,100
3141,2026-04-28,561,1,1,15,3,Buenas prácticas de almacenamiento,Virtual,8,86.07,83.9
3142,2026-04-09,573,1,3,15,3,Excel y análisis de datos,Virtual,2,49.89,72.2
3143,2026-04-05,574,1,3,22,3,Seguridad ocupacional,Virtual,8,24.98,81.3
3144,2026-04-17,577,1,3,2,2,Seguridad ocupacional,Virtual,4,52.82,83.8
3145,2026-04-21,582,1,4,12,3,Liderazgo de equipos,Virtual,2,64.03,68.8
3146,2026-04-14,583,1,3,12,3,Excel y análisis de datos,Virtual,2,30.51,81.1
3147,2026-04-09,599,2,6,26,2,Seguridad ocupacional,Virtual,2,83.41,72.9
3148,2026-04-08,601,1,1,23,3,Seguridad ocupacional,Virtual,4,65.47,96.9
3149,2026-04-30,608,1,2,17,2,Seguridad ocupacional,Virtual,4,34.74,86.7
3150,2026-04-17,611,1,1,10,3,Excel y análisis de datos,Presencial,2,75.77,71.8
3151,2026-04-21,624,1,3,4,3,Buenas prácticas de almacenamiento,Presencial,4,82.74,92.9
3152,2026-04-01,634,1,2,1,1,Buenas prácticas de almacenamiento,Virtual,8,56.25,79.2
3153,2026-04-03,650,1,3,9,3,Liderazgo de equipos,Virtual,8,70.22,72.0
3154,2026-04-28,652,1,1,10,3,Seguridad ocupacional,Presencial,8,89.44,66.8
3155,2026-04-05,654,1,5,21,2,Liderazgo de equipos,Presencial,2,21.56,62.4
3156,2026-04-09,664,1,1,7,3,Buenas prácticas de almacenamiento,Virtual,2,46.9,83.4
3157,2026-04-08,665,1,4,16,3,Atención al cliente,Virtual,2,44.35,84.9
3158,2026-04-29,678,1,2,2,3,Liderazgo de equipos,Presencial,4,47.42,77.8
3159,2026-04-06,680,1,1,16,2,Seguridad ocupacional,Virtual,4,18.78,96.6
3160,2026-04-16,692,2,6,25,2,Excel y análisis de datos,Virtual,8,35.75,72.5
3161,2026-04-22,700,1,2,12,1,Excel y análisis de datos,Presencial,4,79.63,95.8
3162,2026-04-04,701,1,4,7,3,Buenas prácticas de almacenamiento,Presencial,8,78.69,65.3
3163,2026-04-25,718,1,2,17,2,Excel y análisis de datos,Virtual,4,68.96,93.4
3164,2026-04-10,719,1,5,2,1,Seguridad ocupacional,Virtual,2,41.2,82.1
3165,2026-04-19,725,1,4,18,3,Seguridad ocupacional,Virtual,4,75.69,82.4
3166,2026-04-14,728,1,1,11,1,Excel y análisis de datos,Presencial,4,75.21,78.2
3167,2026-04-05,753,1,5,17,2,Liderazgo de equipos,Presencial,8,66.28,87.8
3168,2026-04-29,763,1,3,1,1,Buenas prácticas de almacenamiento,Virtual,8,47.77,91.1
3169,2026-04-10,766,1,2,23,2,Atención al cliente,Virtual,8,62.42,68.2
3170,2026-04-28,791,2,7,26,1,Seguridad ocupacional,Virtual,4,75.12,70.9
3171,2026-04-09,815,1,1,22,1,Seguridad ocupacional,Presencial,8,53.3,81.9
3172,2026-04-24,816,4,12,27,3,Liderazgo de equipos,Presencial,2,87.32,93.0
3173,2026-04-29,819,1,3,12,1,Seguridad ocupacional,Presencial,4,22.58,77.1
3174,2026-04-03,822,1,1,18,3,Excel y análisis de datos,Presencial,4,41.5,85.5
3175,2026-04-05,823,1,3,5,3,Excel y análisis de datos,Presencial,2,55.08,99.7
3176,2026-04-10,824,1,1,11,4,Seguridad ocupacional,Presencial,2,61.13,79.1
3177,2026-04-04,850,1,3,22,3,Liderazgo de equipos,Presencial,4,52.49,69.2
3178,2026-04-26,851,1,1,14,3,Excel y análisis de datos,Virtual,8,57.91,96.2
3179,2026-04-16,857,2,8,26,3,Excel y análisis de datos,Presencial,8,15.33,91.1
3180,2026-04-09,860,1,5,7,3,Excel y análisis de datos,Virtual,8,22.66,90.8
3181,2026-04-22,874,1,3,11,3,Atención al cliente,Presencial,8,40.94,88.1
3182,2026-04-17,880,1,2,22,3,Buenas prácticas de almacenamiento,Presencial,4,79.48,90.2
3183,2026-04-04,892,1,1,19,2,Buenas prácticas de almacenamiento,Presencial,4,25.14,82.6
3184,2026-04-28,898,1,1,7,3,Buenas prácticas de almacenamiento,Virtual,8,27.23,78.6
3185,2026-05-13,8,2,8,25,4,Buenas prácticas de almacenamiento,Presencial,4,88.35,87.3
3186,2026-05-19,41,1,2,17,4,Liderazgo de equipos,Virtual,2,26.07,82.9
3187,2026-05-16,52,1,4,19,4,Excel y análisis de datos,Presencial,8,20.18,85.2
3188,2026-05-03,53,1,5,11,4,Liderazgo de equipos,Presencial,2,23.42,84.8
3189,2026-05-05,58,1,3,10,4,Atención al cliente,Presencial,8,77.35,70.1
3190,2026-05-31,65,1,3,20,4,Excel y análisis de datos,Presencial,4,89.18,64.1
3191,2026-05-04,66,1,5,7,4,Seguridad ocupacional,Presencial,4,18.36,82.9
3192,2026-05-05,72,1,1,21,4,Excel y análisis de datos,Virtual,2,60.06,95.3
3193,2026-05-05,75,1,5,18,4,Buenas prácticas de almacenamiento,Virtual,8,62.67,63.2
3194,2026-05-13,78,3,9,27,4,Seguridad ocupacional,Presencial,8,37.23,93.7
3195,2026-05-21,88,1,3,19,4,Buenas prácticas de almacenamiento,Presencial,4,75.92,89.6
3196,2026-05-18,93,1,4,14,4,Atención al cliente,Virtual,8,31.74,74.3
3197,2026-05-26,96,1,1,12,4,Atención al cliente,Presencial,2,50.67,78.1
3198,2026-05-03,108,1,2,17,4,Liderazgo de equipos,Presencial,8,83.46,100
3199,2026-05-02,163,1,5,22,4,Liderazgo de equipos,Virtual,8,15.36,75.9
3200,2026-05-08,171,1,4,4,4,Atención al cliente,Presencial,2,57.52,91.3
3201,2026-05-25,198,1,1,23,4,Buenas prácticas de almacenamiento,Virtual,8,40.87,93.7
3202,2026-05-21,208,2,6,25,4,Excel y análisis de datos,Virtual,8,80.01,87.8
3203,2026-05-10,214,1,4,4,4,Seguridad ocupacional,Virtual,2,43.44,70.2
3204,2026-05-28,224,5,14,27,4,Excel y análisis de datos,Virtual,2,40.98,80.5
3205,2026-05-30,248,1,4,2,4,Seguridad ocupacional,Presencial,4,78.1,69.3
3206,2026-05-25,268,1,5,10,4,Seguridad ocupacional,Presencial,8,62.56,80.0
3207,2026-05-24,270,1,3,18,4,Atención al cliente,Virtual,2,62.15,97.0
3208,2026-05-05,280,1,4,13,4,Liderazgo de equipos,Presencial,4,89.56,97.0
3209,2026-05-30,304,1,3,7,4,Liderazgo de equipos,Virtual,8,68.06,68.8
3210,2026-05-29,306,1,4,4,4,Excel y análisis de datos,Presencial,8,89.32,81.1
3211,2026-05-01,307,1,5,2,4,Atención al cliente,Presencial,8,24.26,94.7
3212,2026-05-03,309,1,4,9,4,Excel y análisis de datos,Virtual,8,41.6,83.1
3213,2026-05-01,326,1,1,15,4,Seguridad ocupacional,Virtual,4,22.93,87.3
3214,2026-05-04,351,1,1,11,3,Excel y análisis de datos,Virtual,4,47.24,79.8
3215,2026-05-18,385,1,1,22,2,Excel y análisis de datos,Presencial,8,79.22,66.6
3216,2026-05-17,396,6,16,27,1,Seguridad ocupacional,Presencial,4,60.53,89.4
3217,2026-05-05,400,1,1,1,3,Buenas prácticas de almacenamiento,Presencial,8,46.5,73.3
3218,2026-05-02,423,1,5,22,2,Excel y análisis de datos,Presencial,4,43.59,84.1
3219,2026-05-13,438,2,6,25,3,Liderazgo de equipos,Virtual,8,27.11,89.7
3220,2026-05-25,457,1,5,9,4,Buenas prácticas de almacenamiento,Virtual,4,19.01,83.5
3221,2026-05-24,459,4,11,27,2,Buenas prácticas de almacenamiento,Presencial,4,77.24,87.9
3222,2026-05-01,473,1,1,5,2,Atención al cliente,Virtual,8,81.92,88.4
3223,2026-05-05,477,5,13,27,2,Liderazgo de equipos,Presencial,4,17.66,68.9
3224,2026-05-11,489,1,1,15,2,Buenas prácticas de almacenamiento,Virtual,4,89.07,77.3
3225,2026-05-24,491,1,5,24,2,Excel y análisis de datos,Presencial,4,53.87,69.2
3226,2026-05-09,495,1,2,9,3,Buenas prácticas de almacenamiento,Virtual,2,57.05,77.4
3227,2026-05-19,509,1,3,13,2,Excel y análisis de datos,Presencial,8,85.93,61.1
3228,2026-05-07,510,5,14,27,4,Buenas prácticas de almacenamiento,Virtual,8,38.13,67.6
3229,2026-05-11,511,1,4,5,2,Seguridad ocupacional,Virtual,4,52.14,76.8
3230,2026-05-30,526,1,2,23,2,Liderazgo de equipos,Virtual,4,21.06,73.9
3231,2026-05-12,532,1,5,11,3,Liderazgo de equipos,Virtual,4,52.04,73.1
3232,2026-05-06,553,1,4,3,4,Atención al cliente,Presencial,2,21.35,91.5
3233,2026-05-26,566,6,15,27,4,Atención al cliente,Virtual,4,52.09,81.5
3234,2026-05-30,571,1,3,12,3,Excel y análisis de datos,Presencial,2,76.77,82.7
3235,2026-05-22,573,1,3,15,3,Atención al cliente,Virtual,8,57.48,84.2
3236,2026-05-06,574,1,3,22,3,Atención al cliente,Virtual,8,49.96,71.8
3237,2026-05-03,576,1,1,11,3,Seguridad ocupacional,Virtual,8,35.21,95.8
3238,2026-05-20,595,2,6,25,3,Atención al cliente,Presencial,8,53.82,69.0
3239,2026-05-26,609,1,3,16,3,Atención al cliente,Virtual,8,51.77,84.7
3240,2026-05-19,610,1,5,19,3,Liderazgo de equipos,Presencial,4,73.9,84.8
3241,2026-05-17,617,1,1,24,3,Liderazgo de equipos,Presencial,8,74.06,92.8
3242,2026-05-02,626,2,6,25,4,Seguridad ocupacional,Presencial,4,45.81,73.1
3243,2026-05-24,646,1,1,19,3,Liderazgo de equipos,Virtual,4,71.68,74.9
3244,2026-05-31,654,1,5,21,2,Atención al cliente,Presencial,4,34.62,73.8
3245,2026-05-01,664,1,1,7,3,Liderazgo de equipos,Virtual,4,87.93,92.4
3246,2026-05-24,674,1,2,16,3,Seguridad ocupacional,Virtual,2,69.08,82.9
3247,2026-05-28,679,1,1,24,2,Excel y análisis de datos,Virtual,2,46.23,81.1
3248,2026-05-27,683,1,1,22,2,Buenas prácticas de almacenamiento,Virtual,8,73.93,77.6
3249,2026-05-21,692,2,6,25,2,Seguridad ocupacional,Presencial,2,23.38,90.3
3250,2026-05-11,706,1,1,5,2,Liderazgo de equipos,Presencial,2,55.12,84.9
3251,2026-05-11,728,1,1,11,1,Liderazgo de equipos,Virtual,8,67.67,81.8
3252,2026-05-13,746,1,5,18,2,Buenas prácticas de almacenamiento,Presencial,2,33.91,94.8
3253,2026-05-05,749,1,1,8,3,Atención al cliente,Virtual,4,29.68,82.8
3254,2026-05-31,750,1,2,17,3,Seguridad ocupacional,Virtual,2,24.0,84.4
3255,2026-05-19,763,1,3,1,1,Excel y análisis de datos,Virtual,8,17.17,76.6
3256,2026-05-11,764,2,6,25,2,Seguridad ocupacional,Presencial,8,39.26,67.3
3257,2026-05-04,766,1,2,23,2,Liderazgo de equipos,Virtual,8,42.86,90.1
3258,2026-05-30,774,1,1,13,1,Liderazgo de equipos,Virtual,8,70.83,77.3
3259,2026-05-15,776,6,15,27,2,Liderazgo de equipos,Virtual,2,39.47,99.5
3260,2026-05-15,781,1,3,21,3,Seguridad ocupacional,Presencial,4,89.98,76.9
3261,2026-05-06,782,1,1,10,3,Excel y análisis de datos,Virtual,2,53.29,68.3
3262,2026-05-23,807,5,13,27,3,Buenas prácticas de almacenamiento,Virtual,8,68.71,100
3263,2026-05-01,808,1,1,5,2,Liderazgo de equipos,Virtual,8,75.05,96.3
3264,2026-05-04,813,1,4,14,2,Liderazgo de equipos,Virtual,2,33.06,80.7
3265,2026-05-17,821,2,7,26,3,Atención al cliente,Virtual,4,56.6,73.5
3266,2026-05-09,827,4,11,27,3,Liderazgo de equipos,Presencial,4,37.17,97.0
3267,2026-05-26,833,1,5,13,3,Buenas prácticas de almacenamiento,Virtual,2,63.45,73.2
3268,2026-05-30,837,1,3,17,2,Seguridad ocupacional,Presencial,4,44.71,80.0
3269,2026-05-19,849,1,5,2,4,Seguridad ocupacional,Presencial,2,71.66,85.0
3270,2026-05-02,862,1,2,4,3,Liderazgo de equipos,Virtual,2,52.35,87.8
3271,2026-05-27,872,2,6,25,3,Buenas prácticas de almacenamiento,Presencial,2,19.16,98.6
3272,2026-05-01,880,1,2,22,3,Seguridad ocupacional,Presencial,2,18.25,63.1
3273,2026-05-25,884,1,5,24,3,Excel y análisis de datos,Virtual,4,50.11,93.7
3274,2026-05-10,897,1,4,10,3,Atención al cliente,Virtual,8,44.47,100
3275,2026-05-23,898,1,1,7,3,Buenas prácticas de almacenamiento,Virtual,8,48.51,86.9
3276,2026-06-14,3,1,4,11,4,Liderazgo de equipos,Presencial,8,85.22,87.2
3277,2026-06-10,14,1,4,19,4,Excel y análisis de datos,Presencial,4,17.08,81.0
3278,2026-06-26,17,6,15,27,4,Liderazgo de equipos,Presencial,2,19.98,85.7
3279,2026-06-24,35,1,1,11,4,Excel y análisis de datos,Presencial,2,48.75,86.5
3280,2026-06-16,50,2,7,26,4,Buenas prácticas de almacenamiento,Presencial,8,89.77,93.6
3281,2026-06-28,58,1,3,10,4,Excel y análisis de datos,Virtual,2,53.91,89.8
3282,2026-06-16,68,1,2,7,4,Seguridad ocupacional,Presencial,4,45.76,83.1
3283,2026-06-09,72,1,1,21,4,Atención al cliente,Virtual,8,68.51,79.7
3284,2026-06-17,75,1,5,18,4,Excel y análisis de datos,Presencial,2,18.31,89.9
3285,2026-06-24,77,2,6,25,4,Liderazgo de equipos,Presencial,4,55.98,91.1
3286,2026-06-10,88,1,3,19,4,Excel y análisis de datos,Presencial,8,51.24,82.1
3287,2026-06-04,97,1,3,3,4,Liderazgo de equipos,Presencial,8,31.09,82.0
3288,2026-06-10,98,1,3,18,4,Excel y análisis de datos,Virtual,4,27.94,82.9
3289,2026-06-12,100,1,4,23,4,Atención al cliente,Virtual,4,38.32,71.0
3290,2026-06-29,119,1,5,4,4,Buenas prácticas de almacenamiento,Virtual,2,66.42,91.2
3291,2026-06-08,135,1,4,18,4,Buenas prácticas de almacenamiento,Virtual,8,18.8,66.9
3292,2026-06-11,160,1,3,19,4,Excel y análisis de datos,Presencial,8,87.76,77.1
3293,2026-06-04,187,1,3,20,4,Seguridad ocupacional,Presencial,2,66.06,91.0
3294,2026-06-19,230,1,3,17,4,Atención al cliente,Virtual,8,62.67,100
3295,2026-06-10,239,1,3,8,4,Seguridad ocupacional,Presencial,4,50.47,78.5
3296,2026-06-16,245,1,1,5,4,Atención al cliente,Virtual,4,16.12,94.8
3297,2026-06-21,247,1,5,17,4,Seguridad ocupacional,Presencial,8,78.22,80.1
3298,2026-06-09,279,1,4,10,4,Liderazgo de equipos,Presencial,2,78.28,71.9
3299,2026-06-23,292,2,6,26,4,Liderazgo de equipos,Virtual,4,69.49,82.3
3300,2026-06-16,299,2,6,25,4,Liderazgo de equipos,Virtual,8,27.69,87.1
3301,2026-06-19,321,6,16,27,4,Atención al cliente,Presencial,4,20.27,79.6
3302,2026-06-23,349,6,15,27,4,Seguridad ocupacional,Presencial,8,20.53,63.1
3303,2026-06-30,357,1,5,8,3,Buenas prácticas de almacenamiento,Presencial,4,49.61,78.6
3304,2026-06-20,367,1,2,11,1,Buenas prácticas de almacenamiento,Virtual,4,74.26,78.6
3305,2026-06-05,369,1,5,3,2,Buenas prácticas de almacenamiento,Presencial,4,88.7,76.6
3306,2026-06-28,372,1,5,20,2,Atención al cliente,Virtual,8,34.54,83.5
3307,2026-06-25,375,1,3,16,2,Buenas prácticas de almacenamiento,Presencial,8,68.45,92.2
3308,2026-06-15,378,1,1,17,4,Atención al cliente,Presencial,2,22.86,83.8
3309,2026-06-20,383,1,1,9,2,Atención al cliente,Presencial,8,33.93,80.1
3310,2026-06-18,389,1,3,6,3,Excel y análisis de datos,Presencial,4,85.4,88.9
3311,2026-06-19,390,1,4,12,3,Atención al cliente,Presencial,2,22.09,91.5
3312,2026-06-15,393,1,4,4,3,Excel y análisis de datos,Virtual,8,40.59,66.0
3313,2026-06-03,398,5,14,27,3,Atención al cliente,Presencial,8,22.86,85.3
3314,2026-06-26,402,1,4,10,3,Seguridad ocupacional,Presencial,8,49.16,84.0
3315,2026-06-01,423,1,5,22,2,Excel y análisis de datos,Presencial,2,41.88,86.5
3316,2026-06-21,444,1,3,16,3,Buenas prácticas de almacenamiento,Presencial,2,63.62,80.3
3317,2026-06-03,447,2,7,26,3,Buenas prácticas de almacenamiento,Presencial,4,75.68,85.3
3318,2026-06-29,451,1,1,23,1,Liderazgo de equipos,Virtual,2,81.95,94.9
3319,2026-06-21,452,1,3,21,3,Liderazgo de equipos,Presencial,8,80.82,70.8
3320,2026-06-23,457,1,5,9,4,Liderazgo de equipos,Presencial,4,57.15,88.5
3321,2026-06-26,458,1,1,19,2,Atención al cliente,Virtual,4,83.95,65.9
3322,2026-06-09,496,1,5,5,4,Liderazgo de equipos,Virtual,4,21.15,93.6
3323,2026-06-11,497,1,1,14,3,Seguridad ocupacional,Virtual,2,70.82,92.2
3324,2026-06-16,504,1,2,17,1,Atención al cliente,Virtual,4,51.43,97.8
3325,2026-06-02,516,2,8,25,1,Atención al cliente,Presencial,2,47.56,63.4
3326,2026-06-05,517,1,2,8,1,Seguridad ocupacional,Virtual,4,19.2,86.8
3327,2026-06-26,520,1,1,12,1,Excel y análisis de datos,Presencial,4,75.85,68.3
3328,2026-06-24,529,1,3,24,3,Buenas prácticas de almacenamiento,Virtual,4,29.07,91.3
3329,2026-06-30,531,1,1,15,2,Buenas prácticas de almacenamiento,Presencial,2,62.25,68.2
3330,2026-06-08,556,1,1,7,3,Liderazgo de equipos,Virtual,8,42.3,71.2
3331,2026-06-12,557,1,3,18,3,Liderazgo de equipos,Presencial,8,74.39,90.7
3332,2026-06-04,563,1,3,13,3,Seguridad ocupacional,Presencial,8,18.48,82.4
3333,2026-06-10,580,2,8,26,3,Excel y análisis de datos,Presencial,2,76.88,77.0
3334,2026-06-14,591,2,6,26,2,Atención al cliente,Virtual,4,70.82,95.7
3335,2026-06-04,595,2,6,25,3,Excel y análisis de datos,Presencial,8,31.1,87.4
3336,2026-06-03,601,1,1,23,3,Buenas prácticas de almacenamiento,Virtual,2,75.75,88.5
3337,2026-06-16,611,1,1,10,4,Liderazgo de equipos,Virtual,2,77.07,73.1
3338,2026-06-06,612,1,1,18,3,Excel y análisis de datos,Presencial,8,79.26,90.3
3339,2026-06-21,623,1,5,14,1,Excel y análisis de datos,Presencial,8,82.85,92.8
3340,2026-06-18,630,1,1,20,3,Seguridad ocupacional,Presencial,8,46.21,88.3
3341,2026-06-13,638,1,5,24,3,Buenas prácticas de almacenamiento,Virtual,8,28.98,94.4
3342,2026-06-23,645,1,5,2,3,Atención al cliente,Presencial,8,53.51,94.2
3343,2026-06-16,646,1,1,19,3,Seguridad ocupacional,Presencial,8,47.94,80.4
3344,2026-06-11,648,1,5,12,4,Atención al cliente,Presencial,2,31.81,75.9
3345,2026-06-23,650,1,3,9,3,Excel y análisis de datos,Virtual,2,39.5,66.7
3346,2026-06-12,654,1,5,21,2,Atención al cliente,Virtual,4,60.71,84.5
3347,2026-06-27,662,1,4,11,2,Seguridad ocupacional,Virtual,4,16.82,91.3
3348,2026-06-25,669,1,1,23,1,Seguridad ocupacional,Presencial,8,21.47,77.5
3349,2026-06-10,672,1,1,19,2,Liderazgo de equipos,Presencial,2,35.91,74.6
3350,2026-06-13,673,1,5,20,3,Liderazgo de equipos,Presencial,4,74.17,86.2
3351,2026-06-03,676,1,1,7,2,Seguridad ocupacional,Virtual,4,51.41,75.9
3352,2026-06-02,699,1,4,11,3,Buenas prácticas de almacenamiento,Presencial,2,74.59,81.3
3353,2026-06-07,700,1,2,12,1,Seguridad ocupacional,Virtual,2,75.26,76.7
3354,2026-06-15,701,1,4,7,3,Atención al cliente,Virtual,4,18.61,61.7
3355,2026-06-21,742,1,2,14,3,Liderazgo de equipos,Virtual,4,22.68,75.0
3356,2026-06-01,749,1,1,8,3,Buenas prácticas de almacenamiento,Presencial,4,38.39,72.4
3357,2026-06-14,750,1,2,17,3,Buenas prácticas de almacenamiento,Virtual,8,16.83,80.3
3358,2026-06-21,757,1,4,1,2,Buenas prácticas de almacenamiento,Virtual,8,16.02,74.5
3359,2026-06-28,763,1,3,1,1,Atención al cliente,Presencial,8,43.49,90.1
3360,2026-06-28,773,1,1,14,2,Atención al cliente,Virtual,8,82.19,88.5
3361,2026-06-05,776,6,15,27,2,Excel y análisis de datos,Virtual,8,54.97,83.5
3362,2026-06-19,781,1,3,21,3,Seguridad ocupacional,Presencial,2,21.94,85.0
3363,2026-06-14,822,1,1,18,3,Buenas prácticas de almacenamiento,Presencial,4,34.73,78.9
3364,2026-06-23,827,4,11,27,3,Seguridad ocupacional,Virtual,2,36.5,82.3
3365,2026-06-15,829,1,1,17,4,Atención al cliente,Virtual,2,44.6,78.8
3366,2026-06-03,860,1,5,7,3,Seguridad ocupacional,Presencial,2,87.88,79.7
3367,2026-07-27,6,1,5,7,4,Seguridad ocupacional,Presencial,4,70.87,76.5
3368,2026-07-29,21,1,3,21,4,Seguridad ocupacional,Presencial,2,75.42,81.4
3369,2026-07-20,35,1,1,11,4,Excel y análisis de datos,Presencial,4,31.14,70.2
3370,2026-07-24,52,1,4,19,4,Atención al cliente,Virtual,4,72.71,74.1
3371,2026-07-29,53,1,5,11,4,Liderazgo de equipos,Presencial,8,70.37,62.0
3372,2026-07-16,54,1,4,19,4,Buenas prácticas de almacenamiento,Virtual,4,48.04,79.6
3373,2026-07-24,59,1,4,7,4,Liderazgo de equipos,Virtual,4,31.81,83.3
3374,2026-07-04,80,1,3,12,4,Atención al cliente,Virtual,2,61.69,94.2
3375,2026-07-14,98,1,3,18,4,Seguridad ocupacional,Virtual,8,53.01,94.4
3376,2026-07-18,100,1,4,23,4,Atención al cliente,Virtual,4,89.87,87.2
3377,2026-07-31,102,1,1,14,4,Excel y análisis de datos,Virtual,4,34.59,86.9
3378,2026-07-07,124,1,1,15,4,Seguridad ocupacional,Virtual,2,73.43,85.8
3379,2026-07-15,131,1,5,5,4,Seguridad ocupacional,Virtual,4,33.07,65.7
3380,2026-07-05,140,1,1,22,4,Buenas prácticas de almacenamiento,Presencial,2,58.51,86.0
3381,2026-07-14,155,2,6,26,4,Excel y análisis de datos,Virtual,2,82.18,96.1
3382,2026-07-26,165,1,2,3,4,Liderazgo de equipos,Virtual,4,21.59,72.9
3383,2026-07-25,171,1,4,4,4,Liderazgo de equipos,Virtual,4,64.89,80.0
3384,2026-07-03,198,1,1,23,4,Excel y análisis de datos,Presencial,8,30.44,77.9
3385,2026-07-09,203,4,12,27,4,Seguridad ocupacional,Presencial,2,34.47,80.3
3386,2026-07-26,205,1,1,12,4,Excel y análisis de datos,Presencial,4,30.0,82.5
3387,2026-07-02,222,1,2,4,4,Seguridad ocupacional,Virtual,8,46.54,78.3
3388,2026-07-25,227,1,1,9,4,Excel y análisis de datos,Virtual,2,37.01,71.5
3389,2026-07-25,241,1,1,14,4,Liderazgo de equipos,Virtual,2,85.27,94.5
3390,2026-07-20,247,1,5,17,4,Atención al cliente,Virtual,2,26.6,90.0
3391,2026-07-05,256,1,4,21,4,Liderazgo de equipos,Presencial,4,23.29,100
3392,2026-07-18,304,1,3,7,4,Buenas prácticas de almacenamiento,Presencial,2,30.05,71.0
3393,2026-07-03,331,1,1,4,4,Liderazgo de equipos,Presencial,8,56.89,84.3
3394,2026-07-26,350,1,5,23,4,Atención al cliente,Virtual,4,39.97,86.4
3395,2026-07-06,353,1,2,9,2,Liderazgo de equipos,Presencial,8,85.68,77.6
3396,2026-07-19,359,1,3,11,2,Excel y análisis de datos,Virtual,8,28.43,96.4
3397,2026-07-30,362,1,5,17,1,Seguridad ocupacional,Presencial,2,77.45,73.4
3398,2026-07-15,376,3,10,27,4,Buenas prácticas de almacenamiento,Virtual,4,73.25,100
3399,2026-07-07,390,1,4,12,3,Atención al cliente,Presencial,4,85.54,88.5
3400,2026-07-15,396,6,16,27,2,Seguridad ocupacional,Virtual,8,37.32,93.7
3401,2026-07-20,420,1,5,17,2,Liderazgo de equipos,Virtual,8,71.68,70.9
3402,2026-07-18,428,1,2,15,4,Atención al cliente,Presencial,4,56.95,80.4
3403,2026-07-22,433,1,3,9,1,Excel y análisis de datos,Virtual,4,89.71,92.3
3404,2026-07-20,435,1,4,7,3,Seguridad ocupacional,Virtual,2,68.69,52.9
3405,2026-07-22,438,2,6,25,3,Excel y análisis de datos,Virtual,2,26.25,80.3
3406,2026-07-11,446,1,4,2,4,Excel y análisis de datos,Presencial,8,76.43,70.8
3407,2026-07-22,449,1,3,24,3,Seguridad ocupacional,Presencial,4,43.35,84.4
3408,2026-07-21,450,2,7,26,2,Seguridad ocupacional,Presencial,4,20.12,80.4
3409,2026-07-20,465,1,5,19,2,Atención al cliente,Virtual,2,29.56,87.6
3410,2026-07-03,466,2,7,26,3,Atención al cliente,Presencial,4,49.23,79.0
3411,2026-07-20,472,1,1,9,4,Liderazgo de equipos,Virtual,2,31.3,98.5
3412,2026-07-06,483,1,2,3,2,Seguridad ocupacional,Virtual,4,59.36,78.5
3413,2026-07-19,498,1,1,18,3,Buenas prácticas de almacenamiento,Presencial,4,47.71,75.9
3414,2026-07-03,508,1,4,14,3,Excel y análisis de datos,Presencial,2,89.46,88.9
3415,2026-07-18,509,1,3,13,2,Seguridad ocupacional,Presencial,2,38.38,70.0
3416,2026-07-27,561,1,1,15,3,Liderazgo de equipos,Presencial,4,67.63,75.9
3417,2026-07-23,570,1,5,14,1,Buenas prácticas de almacenamiento,Presencial,2,24.89,80.2
3418,2026-07-21,576,1,1,11,3,Buenas prácticas de almacenamiento,Presencial,4,39.37,82.7
3419,2026-07-16,577,1,3,2,2,Liderazgo de equipos,Virtual,2,50.39,73.0
3420,2026-07-07,580,2,8,26,3,Seguridad ocupacional,Presencial,8,22.58,83.3
3421,2026-07-19,597,1,1,15,1,Atención al cliente,Presencial,2,46.62,77.8
3422,2026-07-03,605,1,4,16,4,Buenas prácticas de almacenamiento,Virtual,4,65.43,84.9
3423,2026-07-11,610,1,5,19,3,Seguridad ocupacional,Presencial,8,61.56,74.0
3424,2026-07-24,621,1,1,12,1,Excel y análisis de datos,Virtual,4,25.95,62.7
3425,2026-07-15,629,1,5,23,2,Atención al cliente,Presencial,8,61.58,100
3426,2026-07-09,634,1,2,1,2,Atención al cliente,Virtual,2,21.72,95.6
3427,2026-07-01,648,1,5,12,4,Buenas prácticas de almacenamiento,Virtual,4,78.07,100
3428,2026-07-21,650,1,3,9,3,Buenas prácticas de almacenamiento,Presencial,2,73.58,84.7
3429,2026-07-27,666,1,2,8,1,Buenas prácticas de almacenamiento,Virtual,8,22.42,87.0
3430,2026-07-13,667,2,6,25,3,Seguridad ocupacional,Virtual,8,52.28,82.6
3431,2026-07-09,671,1,1,9,2,Liderazgo de equipos,Virtual,2,87.3,80.9
3432,2026-07-22,673,1,5,20,3,Excel y análisis de datos,Presencial,8,55.08,79.0
3433,2026-07-30,677,1,2,8,1,Atención al cliente,Presencial,2,39.28,70.2
3434,2026-07-16,683,1,1,22,2,Seguridad ocupacional,Presencial,4,44.63,87.5
3435,2026-07-09,684,1,1,15,1,Excel y análisis de datos,Virtual,8,81.79,79.6
3436,2026-07-15,692,2,6,25,2,Buenas prácticas de almacenamiento,Virtual,4,19.15,89.3
3437,2026-07-13,703,1,2,13,1,Liderazgo de equipos,Virtual,8,67.54,75.9
3438,2026-07-31,704,1,1,2,3,Buenas prácticas de almacenamiento,Virtual,4,55.47,80.6
3439,2026-07-10,724,1,1,7,2,Seguridad ocupacional,Virtual,2,64.97,82.6
3440,2026-07-18,725,1,4,18,3,Liderazgo de equipos,Virtual,8,69.28,74.1
3441,2026-07-24,747,1,1,5,3,Liderazgo de equipos,Presencial,2,81.42,88.3
3442,2026-07-26,758,1,5,8,2,Liderazgo de equipos,Presencial,2,27.85,73.8
3443,2026-07-19,771,1,1,7,3,Excel y análisis de datos,Presencial,8,16.22,77.4
3444,2026-07-19,777,1,5,24,1,Buenas prácticas de almacenamiento,Presencial,2,48.19,69.7
3445,2026-07-21,793,1,5,2,2,Excel y análisis de datos,Virtual,8,53.07,83.4
3446,2026-07-22,812,1,4,4,4,Atención al cliente,Virtual,2,55.13,77.7
3447,2026-07-04,815,1,1,22,2,Liderazgo de equipos,Presencial,4,69.02,74.7
3448,2026-07-28,827,4,11,27,3,Seguridad ocupacional,Presencial,2,55.98,62.2
3449,2026-07-02,874,1,3,11,3,Excel y análisis de datos,Virtual,2,55.4,66.3
3450,2026-07-14,877,1,2,2,3,Seguridad ocupacional,Presencial,8,36.88,58.5
3451,2026-07-03,884,1,5,24,3,Seguridad ocupacional,Presencial,2,82.95,93.2
3452,2026-07-16,886,5,13,27,3,Buenas prácticas de almacenamiento,Presencial,4,27.83,80.2
3453,2026-07-30,887,1,2,10,4,Seguridad ocupacional,Presencial,2,29.44,75.6
3454,2026-08-30,9,1,1,11,4,Buenas prácticas de almacenamiento,Virtual,8,80.61,82.6
3455,2026-08-29,25,1,3,11,4,Excel y análisis de datos,Virtual,4,37.85,85.3
3456,2026-08-31,38,1,3,22,4,Atención al cliente,Presencial,4,36.32,70.0
3457,2026-08-16,50,2,7,26,4,Excel y análisis de datos,Virtual,8,40.67,82.6
3458,2026-08-01,52,1,4,19,4,Atención al cliente,Presencial,8,32.57,80.7
3459,2026-08-29,58,1,3,10,4,Atención al cliente,Presencial,4,40.02,
3460,2026-08-01,65,1,3,20,4,Liderazgo de equipos,Virtual,8,45.66,70.5
3461,2026-08-27,66,1,5,7,4,Excel y análisis de datos,Presencial,4,88.42,
3462,2026-08-19,77,2,6,25,4,Atención al cliente,Presencial,2,15.08,78.6
3463,2026-08-18,84,1,3,9,4,Buenas prácticas de almacenamiento,Virtual,4,43.23,
3464,2026-08-16,98,1,3,18,4,Atención al cliente,Virtual,8,82.41,
3465,2026-08-02,100,1,4,23,4,Seguridad ocupacional,Presencial,4,85.61,92.4
3466,2026-08-14,121,1,3,20,4,Seguridad ocupacional,Virtual,8,80.2,77.2
3467,2026-08-09,129,1,1,21,4,Atención al cliente,Virtual,2,81.56,68.2
3468,2026-08-03,132,1,1,5,4,Seguridad ocupacional,Presencial,2,53.77,70.4
3469,2026-08-12,140,1,1,22,4,Excel y análisis de datos,Virtual,8,87.87,60.5
3470,2026-08-11,163,1,5,22,4,Excel y análisis de datos,Presencial,2,35.08,
3471,2026-08-29,180,1,3,6,4,Liderazgo de equipos,Presencial,2,40.29,86.4
3472,2026-08-10,181,1,1,9,4,Atención al cliente,Virtual,2,71.81,83.7
3473,2026-08-11,184,1,1,11,4,Buenas prácticas de almacenamiento,Virtual,4,34.01,84.8
3474,2026-08-14,216,1,4,20,4,Buenas prácticas de almacenamiento,Presencial,8,37.99,86.6
3475,2026-08-01,222,1,2,4,4,Seguridad ocupacional,Presencial,8,21.88,
3476,2026-08-23,224,5,14,27,4,Buenas prácticas de almacenamiento,Presencial,2,70.44,76.0
3477,2026-08-05,235,1,3,17,4,Atención al cliente,Virtual,4,85.89,97.9
3478,2026-08-22,239,1,3,8,4,Seguridad ocupacional,Presencial,4,22.74,83.7
3479,2026-08-05,243,1,5,12,4,Buenas prácticas de almacenamiento,Presencial,4,21.77,
3480,2026-08-17,252,1,2,21,4,Seguridad ocupacional,Virtual,2,20.93,91.2
3481,2026-08-21,256,1,4,21,4,Excel y análisis de datos,Presencial,8,53.22,
3482,2026-08-31,261,1,5,23,4,Atención al cliente,Presencial,2,78.1,80.6
3483,2026-08-11,285,5,14,27,4,Excel y análisis de datos,Presencial,4,77.12,83.9
3484,2026-08-07,306,1,4,4,4,Excel y análisis de datos,Presencial,8,26.97,
3485,2026-08-31,307,1,5,2,4,Excel y análisis de datos,Virtual,8,36.8,
3486,2026-08-04,309,1,4,9,4,Seguridad ocupacional,Virtual,2,69.01,80.9
3487,2026-08-28,345,1,2,7,4,Liderazgo de equipos,Virtual,4,75.69,88.0
3488,2026-08-07,353,1,2,9,3,Atención al cliente,Presencial,2,70.34,
3489,2026-08-30,365,3,9,27,1,Buenas prácticas de almacenamiento,Virtual,8,32.63,89.4
3490,2026-08-23,375,1,3,16,2,Seguridad ocupacional,Virtual,8,23.13,78.4
3491,2026-08-11,377,1,5,16,3,Seguridad ocupacional,Presencial,4,19.91,84.8
3492,2026-08-24,384,2,6,25,3,Atención al cliente,Presencial,8,68.18,
3493,2026-08-04,391,2,7,26,2,Excel y análisis de datos,Presencial,8,80.78,71.3
3494,2026-08-02,393,1,4,4,3,Seguridad ocupacional,Virtual,8,70.14,92.5
3495,2026-08-26,396,6,16,27,2,Buenas prácticas de almacenamiento,Virtual,2,56.54,93.8
3496,2026-08-12,410,1,1,21,3,Seguridad ocupacional,Virtual,4,64.86,
3497,2026-08-18,420,1,5,17,2,Buenas prácticas de almacenamiento,Presencial,4,29.84,78.2
3498,2026-08-06,425,1,1,7,3,Buenas prácticas de almacenamiento,Virtual,8,31.81,
3499,2026-08-08,451,1,1,23,1,Excel y análisis de datos,Virtual,4,32.12,89.8
3500,2026-08-21,459,4,11,27,2,Atención al cliente,Virtual,8,20.67,72.2
3501,2026-08-17,461,1,3,17,3,Atención al cliente,Presencial,8,57.87,68.4
3502,2026-08-31,478,6,15,27,3,Buenas prácticas de almacenamiento,Virtual,2,60.13,
3503,2026-08-30,485,1,5,5,2,Excel y análisis de datos,Virtual,8,63.73,90.2
3504,2026-08-20,486,1,4,18,4,Excel y análisis de datos,Virtual,2,79.97,64.3
3505,2026-08-18,491,1,5,24,3,Excel y análisis de datos,Virtual,4,79.16,85.7
3506,2026-08-06,493,1,5,18,3,Atención al cliente,Virtual,4,70.69,86.8
3507,2026-08-28,496,1,5,5,4,Excel y análisis de datos,Presencial,2,45.3,78.8
3508,2026-08-20,497,1,1,14,3,Seguridad ocupacional,Presencial,2,89.15,
3509,2026-08-26,498,1,1,18,3,Liderazgo de equipos,Presencial,4,41.23,84.3
3510,2026-08-28,501,1,5,23,2,Atención al cliente,Virtual,4,31.34,72.7
3511,2026-08-04,504,1,2,17,2,Excel y análisis de datos,Virtual,2,85.81,82.7
3512,2026-08-03,506,2,6,25,3,Seguridad ocupacional,Presencial,8,46.56,
3513,2026-08-03,512,1,4,9,2,Seguridad ocupacional,Virtual,2,75.99,
3514,2026-08-03,518,5,14,27,3,Buenas prácticas de almacenamiento,Virtual,8,43.16,
3515,2026-08-03,520,1,1,12,1,Atención al cliente,Virtual,8,50.41,66.6
3516,2026-08-20,522,1,1,7,3,Atención al cliente,Presencial,2,40.75,77.5
3517,2026-08-29,528,1,1,4,2,Atención al cliente,Presencial,4,68.14,86.6
3518,2026-08-06,538,2,7,26,2,Seguridad ocupacional,Virtual,4,89.05,
3519,2026-08-22,554,1,4,24,2,Liderazgo de equipos,Virtual,8,30.4,
3520,2026-08-25,555,1,5,12,2,Seguridad ocupacional,Virtual,8,57.95,74.1
3521,2026-08-16,576,1,1,11,3,Atención al cliente,Presencial,8,34.22,97.1
3522,2026-08-24,577,1,3,2,3,Liderazgo de equipos,Presencial,2,22.2,67.2
3523,2026-08-20,605,1,4,16,4,Atención al cliente,Virtual,4,76.06,85.7
3524,2026-08-12,621,1,1,12,1,Atención al cliente,Presencial,8,49.31,98.5
3525,2026-08-05,631,1,2,8,3,Excel y análisis de datos,Presencial,2,22.07,74.2
3526,2026-08-28,634,1,2,1,2,Buenas prácticas de almacenamiento,Presencial,4,46.26,83.8
3527,2026-08-17,637,1,1,22,3,Buenas prácticas de almacenamiento,Presencial,2,30.55,69.6
3528,2026-08-22,642,2,6,25,2,Liderazgo de equipos,Virtual,2,89.53,91.3
3529,2026-08-01,648,1,5,12,4,Atención al cliente,Virtual,2,34.97,64.0
3530,2026-08-14,649,1,2,6,3,Liderazgo de equipos,Presencial,2,35.56,75.2
3531,2026-08-17,651,1,4,10,4,Buenas prácticas de almacenamiento,Virtual,4,22.54,70.6
3532,2026-08-04,665,1,4,16,3,Buenas prácticas de almacenamiento,Virtual,2,64.38,89.7
3533,2026-08-29,675,1,1,1,2,Excel y análisis de datos,Presencial,2,39.0,87.3
3534,2026-08-19,683,1,1,22,2,Atención al cliente,Virtual,2,59.23,88.1
3535,2026-08-02,708,4,12,27,4,Atención al cliente,Virtual,4,84.56,74.9
3536,2026-08-02,709,1,3,4,3,Liderazgo de equipos,Virtual,2,60.38,84.4
3537,2026-08-20,711,4,12,27,3,Atención al cliente,Presencial,4,74.97,84.7
3538,2026-08-27,718,1,2,17,2,Atención al cliente,Virtual,8,39.28,76.3
3539,2026-08-06,719,1,5,2,2,Buenas prácticas de almacenamiento,Presencial,8,76.03,88.4
3540,2026-08-19,728,1,1,11,2,Seguridad ocupacional,Presencial,4,16.18,77.3
3541,2026-08-25,735,4,12,27,4,Buenas prácticas de almacenamiento,Virtual,4,30.17,
3542,2026-08-09,738,1,4,9,1,Excel y análisis de datos,Virtual,4,84.72,90.0
3543,2026-08-28,739,1,5,7,2,Atención al cliente,Virtual,2,75.59,80.4
3544,2026-08-06,742,1,2,14,3,Seguridad ocupacional,Presencial,4,59.59,
3545,2026-08-01,743,1,3,12,2,Buenas prácticas de almacenamiento,Presencial,2,37.89,91.9
3546,2026-08-06,746,1,5,18,3,Seguridad ocupacional,Virtual,4,87.31,71.7
3547,2026-08-31,749,1,1,8,3,Excel y análisis de datos,Virtual,2,72.3,79.0
3548,2026-08-16,774,1,1,13,2,Buenas prácticas de almacenamiento,Virtual,8,60.65,83.2
3549,2026-08-31,807,5,13,27,4,Excel y análisis de datos,Presencial,4,74.68,88.5
3550,2026-08-12,812,1,4,4,4,Excel y análisis de datos,Virtual,2,70.4,
3551,2026-08-29,813,1,4,14,3,Atención al cliente,Virtual,4,29.54,77.3
3552,2026-08-13,819,1,3,12,2,Atención al cliente,Presencial,4,82.49,87.3
3553,2026-08-29,821,2,7,26,4,Seguridad ocupacional,Presencial,4,88.2,
3554,2026-08-13,830,1,1,24,3,Liderazgo de equipos,Presencial,2,20.32,78.9
3555,2026-08-09,833,1,5,13,3,Seguridad ocupacional,Virtual,8,50.65,80.7
3556,2026-08-23,843,3,10,27,3,Atención al cliente,Virtual,8,29.44,75.4
3557,2026-08-24,847,1,4,10,2,Atención al cliente,Virtual,8,61.66,100
3558,2026-08-02,863,1,2,22,2,Buenas prácticas de almacenamiento,Presencial,2,62.26,79.4
3559,2026-08-06,872,2,6,25,4,Liderazgo de equipos,Presencial,8,53.79,89.6
3560,2026-08-06,874,1,3,11,3,Seguridad ocupacional,Presencial,8,26.6,81.7
3561,2026-08-08,878,1,5,9,2,Seguridad ocupacional,Presencial,4,62.5,82.4
3562,2026-08-14,884,1,5,24,3,Excel y análisis de datos,Virtual,8,64.76,72.7
3563,2026-08-18,888,1,2,12,2,Atención al cliente,Presencial,2,42.64,69.8
3564,2026-08-27,894,4,12,27,3,Atención al cliente,Virtual,4,75.14,85.7
3565,2026-08-22,898,1,1,7,3,Atención al cliente,Virtual,8,50.24,73.0
